{
"type": "FeatureCollection",
"name": "ejidos_Tampico_SanLuis",
"crs": { "type": "name", "properties": { "name": "urn:ogc:def:crs:OGC:1.3:CRS84" } },
"features": [
{ "type": "Feature", "properties": { "AREA": 30891261.350749999, "PERIMETER": 35148.39536, "NOMBRE": "SALSIPUEDES CORCOVADO", "CVE_ESTADO": "30", "CVE_MPIO": "123", "CVE_EJIDO": "012", "CVEIN_CON": "30123012", "CLAVEUNICA": "3014109622409810", "CVE_EDO": "30", "CINA_MUN": "123", "CINA_NA": "098", "CVEMUNIN": "123", "CVENAIN": "012", "NOM_NA": "SALSIPUEDES CORCOVADO", "X": "98° 19' 28,59\" W", "Y": "22° 14' 55,84\" N", "Acres": null, "Hectares": null, "distancia_km": 5.2104121605328961 }, "geometry": { "type": "Polygon", "coordinates": [ [ [ -98.310618059854804, 22.290161292204203 ], [ -98.310734166704293, 22.282937316290926 ], [ -98.315144646828287, 22.282713746740008 ], [ -98.315276432404715, 22.278556818349696 ], [ -98.310897560177807, 22.278160410280947 ], [ -98.311097063824278, 22.249731709354872 ], [ -98.292686288536743, 22.24961074539187 ], [ -98.293392451631703, 22.229129235169822 ], [ -98.295565348374282, 22.228481729923455 ], [ -98.299522264888765, 22.227571164468646 ], [ -98.307039845446255, 22.226543381796674 ], [ -98.30792580369112, 22.226514835432766 ], [ -98.309652347171976, 22.225756569441636 ], [ -98.309774663969478, 22.225892780600098 ], [ -98.309838050481119, 22.225994187873223 ], [ -98.311508240472122, 22.22760472383413 ], [ -98.313333075107082, 22.229319512960121 ], [ -98.313573329634565, 22.229516144065759 ], [ -98.315224180213974, 22.230389599097268 ], [ -98.31472599425841, 22.231213035074436 ], [ -98.314679662309473, 22.231290639361816 ], [ -98.313106521007271, 22.233864990773931 ], [ -98.313022686102116, 22.233991815111999 ], [ -98.31195070668997, 22.235757253380307 ], [ -98.312652104595102, 22.235607812872189 ], [ -98.313171320699936, 22.235762564137779 ], [ -98.315469164271548, 22.235510114294428 ], [ -98.316453641287154, 22.23537984962655 ], [ -98.321273489417123, 22.234769600234298 ], [ -98.321888610792143, 22.234726229073612 ], [ -98.322471974250817, 22.234666281661635 ], [ -98.323080629912326, 22.23459311248406 ], [ -98.323076256013621, 22.234483253555158 ], [ -98.322961138370687, 22.23437234939577 ], [ -98.323116681513483, 22.231896234253178 ], [ -98.323579644189806, 22.23163508127314 ], [ -98.323652041304044, 22.231509263215763 ], [ -98.324502588783787, 22.229783534346776 ], [ -98.325012100622814, 22.229563986521416 ], [ -98.32486880114368, 22.229253183079191 ], [ -98.3254314049736, 22.228145518942046 ], [ -98.327002164212871, 22.225109808008156 ], [ -98.327081033478464, 22.224985274367501 ], [ -98.327298383165783, 22.22493380747418 ], [ -98.327298429902854, 22.22457567596236 ], [ -98.327251033162867, 22.224302194669288 ], [ -98.327252046009264, 22.224248639757157 ], [ -98.327261375876617, 22.223530897299817 ], [ -98.32737724971139, 22.221424140189292 ], [ -98.325882670266509, 22.221474647257974 ], [ -98.324402835363699, 22.221532118506257 ], [ -98.322984704631949, 22.221580773863916 ], [ -98.323003387152554, 22.221378866023322 ], [ -98.325417544773003, 22.214329808427191 ], [ -98.325474211660506, 22.214124738282496 ], [ -98.325517229874791, 22.214015335589345 ], [ -98.325773016729258, 22.213251758633469 ], [ -98.320164544690343, 22.210672480443659 ], [ -98.319100795415466, 22.21015202156082 ], [ -98.321608827434645, 22.203752919678184 ], [ -98.323281858781883, 22.198988135058965 ], [ -98.327029321405192, 22.19905076541864 ], [ -98.333732337583896, 22.206298116240195 ], [ -98.334850980803424, 22.207706274500467 ], [ -98.334979990968563, 22.208351945387985 ], [ -98.33555147615948, 22.208588045453602 ], [ -98.345264680416776, 22.22081334628561 ], [ -98.344446183980935, 22.237816675346295 ], [ -98.34440920927679, 22.275543565826151 ], [ -98.345030439131591, 22.280757455055127 ], [ -98.336177842051427, 22.281035388091805 ], [ -98.335737565172764, 22.279558429392626 ], [ -98.33446324407933, 22.279302992436836 ], [ -98.33302872912472, 22.279436669856949 ], [ -98.334003039787078, 22.282423464442111 ], [ -98.334930107136842, 22.281977029043539 ], [ -98.334430666965687, 22.290440815359201 ], [ -98.333816770584761, 22.290441277450221 ], [ -98.310618059854804, 22.290161292204203 ] ], [ [ -98.331943483195957, 22.279940713034009 ], [ -98.332010669462463, 22.279091205288609 ], [ -98.328980175257882, 22.278848465246835 ], [ -98.328743861204089, 22.278595779341785 ], [ -98.327880949607035, 22.278122135377298 ], [ -98.329178579519919, 22.279869717602029 ], [ -98.331943483195957, 22.279940713034009 ] ] ] } },
{ "type": "Feature", "properties": { "AREA": 6829815.0253999997, "PERIMETER": 12038.61375, "NOMBRE": "TAMOS", "CVE_ESTADO": "30", "CVE_MPIO": "123", "CVE_EJIDO": "043", "CVEIN_CON": "30123043", "CLAVEUNICA": "3014109622412538", "CVE_EDO": "30", "CINA_MUN": "123", "CINA_NA": "105", "CVEMUNIN": "123", "CVENAIN": "043", "NOM_NA": "TAMOS", "X": "98° 0' 24,56\" W", "Y": "22° 13' 37,28\" N", "Acres": null, "Hectares": null, "distancia_km": 1.0877813582615385 }, "geometry": { "type": "Polygon", "coordinates": [ [ [ -98.006736863838455, 22.241146751739432 ], [ -98.005988785979454, 22.240627253280216 ], [ -98.004325954041434, 22.239485248678115 ], [ -98.003456717879629, 22.23890427505496 ], [ -98.001794294374506, 22.237784397775265 ], [ -98.000832380686276, 22.237141126063911 ], [ -97.999197087548083, 22.23603117304642 ], [ -97.996806643530718, 22.234402515877722 ], [ -97.996165624980208, 22.233956271265946 ], [ -97.9947825504821, 22.233022220359373 ], [ -97.993102475484974, 22.231869204099201 ], [ -97.992402439605982, 22.231391704006967 ], [ -97.990264631351664, 22.229965402104298 ], [ -97.991677060379857, 22.228147304063004 ], [ -97.989818381218413, 22.226877540310795 ], [ -97.989523587173579, 22.226669912537346 ], [ -97.989229496859551, 22.225921618078651 ], [ -97.989182265838693, 22.22531525287582 ], [ -97.991544400051893, 22.222299597532931 ], [ -97.9916004624734, 22.22224478759534 ], [ -97.991817667021976, 22.221953752340635 ], [ -97.991865618539464, 22.221890762055121 ], [ -97.992089282234005, 22.221601265945154 ], [ -97.992718774083158, 22.22075970891914 ], [ -97.99582639517466, 22.222859771824034 ], [ -97.996210952017407, 22.222330398274789 ], [ -97.998485295191401, 22.219368446766506 ], [ -97.995439352348313, 22.217283359390418 ], [ -97.9971481442699, 22.215030814510914 ], [ -97.997253794081871, 22.214894384671503 ], [ -97.997928122484595, 22.214032385807066 ], [ -97.998301347313586, 22.213551725058135 ], [ -98.000715588970252, 22.210443965169972 ], [ -98.002192366941514, 22.211392096041411 ], [ -98.002541659689285, 22.211632916216509 ], [ -98.016457892880936, 22.221311111261365 ], [ -98.02669579344392, 22.227890417372073 ], [ -98.026559822510251, 22.228088509689972 ], [ -98.025731774341239, 22.22918140551139 ], [ -98.022525813316747, 22.233315297762886 ], [ -98.022284012168299, 22.233615350879344 ], [ -98.019022138645212, 22.237721548828091 ], [ -98.015919171892818, 22.235623259379917 ], [ -98.015850379937845, 22.235571461378552 ], [ -98.014651482066881, 22.2347413717597 ], [ -98.014090590475504, 22.234378038569524 ], [ -98.013713257195235, 22.234930587744003 ], [ -98.012632678069878, 22.236306692161698 ], [ -98.01217419557311, 22.236880090334967 ], [ -98.011805819293414, 22.237390304465809 ], [ -98.011387714370699, 22.237901479981804 ], [ -98.008156186527017, 22.242069688596491 ], [ -98.006736863838455, 22.241146751739432 ] ] ] } },
{ "type": "Feature", "properties": { "AREA": 3745776.84344, "PERIMETER": 10789.39225, "NOMBRE": "EL MORALILLO", "CVE_ESTADO": "30", "CVE_MPIO": "123", "CVE_EJIDO": "030", "CVEIN_CON": "30123030", "CLAVEUNICA": "3014109622409995", "CVE_EDO": "30", "CINA_MUN": "123", "CINA_NA": "025", "CVEMUNIN": "123", "CVENAIN": "030", "NOM_NA": "EL MORALILLO", "X": "97° 55' 8,23\" W", "Y": "22° 13' 35,44\" N", "Acres": null, "Hectares": null, "distancia_km": 0.54923481588194656 }, "geometry": { "type": "Polygon", "coordinates": [ [ [ -97.921605019856202, 22.234711944423847 ], [ -97.921018938910635, 22.234481776251094 ], [ -97.920549790543603, 22.234410878001984 ], [ -97.919755364185164, 22.234177118197724 ], [ -97.919145947007152, 22.233670708124194 ], [ -97.917559604886407, 22.232514455430444 ], [ -97.917262119058734, 22.232370907616826 ], [ -97.916956875532151, 22.232224344741599 ], [ -97.916658909612039, 22.232080304872834 ], [ -97.916304718385035, 22.232023285565575 ], [ -97.915967383238424, 22.231971002821712 ], [ -97.915642217348989, 22.231904591380516 ], [ -97.914705526860757, 22.231737517256654 ], [ -97.913768603141904, 22.231507845585899 ], [ -97.912108920911365, 22.23131859174805 ], [ -97.909069808141638, 22.23222026492363 ], [ -97.908829330202906, 22.232301675179588 ], [ -97.907753279127974, 22.232622941796393 ], [ -97.907001275443719, 22.233446742356978 ], [ -97.905661810414898, 22.234200771551627 ], [ -97.904442939237043, 22.233613758453721 ], [ -97.903115480756384, 22.232712049021426 ], [ -97.902914788789857, 22.22892355870091 ], [ -97.902800007141238, 22.226641053097957 ], [ -97.902781622570743, 22.226410250132094 ], [ -97.898521130432457, 22.227257542505743 ], [ -97.898231077091665, 22.22596442957996 ], [ -97.899503645416246, 22.225661256578068 ], [ -97.899461187588003, 22.225320818146752 ], [ -97.899313088224062, 22.224253943980472 ], [ -97.902381826035153, 22.224024451361419 ], [ -97.902541975817542, 22.224532001280494 ], [ -97.90264373486518, 22.224863119573431 ], [ -97.90493718229277, 22.22426883767718 ], [ -97.907686356706648, 22.224066098650823 ], [ -97.907859090660153, 22.224946878440914 ], [ -97.908591930765525, 22.224872476772656 ], [ -97.908461241722904, 22.223935170285941 ], [ -97.90953377156319, 22.22384208612192 ], [ -97.91220283271943, 22.223210643166951 ], [ -97.914829897067264, 22.222604927054704 ], [ -97.917160430008948, 22.222172464796277 ], [ -97.917443220078667, 22.22210056385493 ], [ -97.917844541519983, 22.222000382145623 ], [ -97.927725214341052, 22.219554261474027 ], [ -97.928344431543564, 22.219400639636223 ], [ -97.928552953399603, 22.219354353790308 ], [ -97.928758164840758, 22.219300665760898 ], [ -97.928967074959203, 22.219256875090899 ], [ -97.929175153636663, 22.219211407535887 ], [ -97.929380493458368, 22.21916503643574 ], [ -97.929587263392193, 22.219121962561694 ], [ -97.929800527207505, 22.219077142560685 ], [ -97.930005714594145, 22.219030354127611 ], [ -97.930211199948644, 22.218982636971084 ], [ -97.930424934769235, 22.218946021374066 ], [ -97.930634101739756, 22.218904054920085 ], [ -97.93084266841521, 22.218858073509747 ], [ -97.931260865724937, 22.218776730866161 ], [ -97.931472565805137, 22.218737137618898 ], [ -97.931683570792487, 22.218695796121288 ], [ -97.931894374984552, 22.218650207424602 ], [ -97.932102105176554, 22.218608256720305 ], [ -97.932309846051595, 22.21856616128542 ], [ -97.93251921272109, 22.218524591139186 ], [ -97.932729048490557, 22.218482554069592 ], [ -97.932938696612453, 22.218440940054812 ], [ -97.933150360559083, 22.218398309197571 ], [ -97.933357358453918, 22.218355602307135 ], [ -97.933531016098144, 22.218316145382804 ], [ -97.933755299807004, 22.218273750001945 ], [ -97.933993061833789, 22.218230981915426 ], [ -97.934208152965411, 22.218191795696107 ], [ -97.93441622569992, 22.218156989496364 ], [ -97.934608807658634, 22.21811537896405 ], [ -97.93483078185875, 22.218069118811155 ], [ -97.935037811730098, 22.21803233573938 ], [ -97.935201950614683, 22.218009670662433 ], [ -97.935395598159872, 22.217981073972616 ], [ -97.935532238868944, 22.217961453499267 ], [ -97.935876952279017, 22.219195593595771 ], [ -97.93661467286546, 22.221867145337768 ], [ -97.936821536301991, 22.222607332078717 ], [ -97.936936874981157, 22.223033170274352 ], [ -97.937468119459808, 22.224923378889411 ], [ -97.937288338518627, 22.224916974319981 ], [ -97.937077151517485, 22.22490416757363 ], [ -97.936856532305498, 22.224891597007868 ], [ -97.936677096702013, 22.224853559751917 ], [ -97.936497261963979, 22.224786125656465 ], [ -97.936285000991148, 22.224707368506575 ], [ -97.936086990823512, 22.22464686101895 ], [ -97.935966834561, 22.224612832981748 ], [ -97.935744277724027, 22.224497125247233 ], [ -97.935451708946218, 22.224568036636558 ], [ -97.935259023285951, 22.224601670860871 ], [ -97.935038580547101, 22.224572252089914 ], [ -97.93482162035933, 22.224605853344531 ], [ -97.93462417416923, 22.224555564338715 ], [ -97.934419357993775, 22.22451765650143 ], [ -97.934199459126745, 22.224536992324801 ], [ -97.93399006750208, 22.224529387446186 ], [ -97.933776216688358, 22.224489206470135 ], [ -97.933566434687876, 22.224456260378883 ], [ -97.933354932195456, 22.224445560530505 ], [ -97.933144065769298, 22.224513661130331 ], [ -97.932744041449027, 22.224492736018117 ], [ -97.932507355037458, 22.224494498250152 ], [ -97.932288271869822, 22.224570104587546 ], [ -97.931916247629644, 22.22475160532581 ], [ -97.931723475583652, 22.224838783510311 ], [ -97.931522415926977, 22.224919791554246 ], [ -97.931396869108212, 22.225080001575371 ], [ -97.93129631177942, 22.225254684230798 ], [ -97.931194050497425, 22.225444215212395 ], [ -97.93107216265102, 22.225610546387806 ], [ -97.931010075781074, 22.225799031398829 ], [ -97.930868433178361, 22.225955196706416 ], [ -97.930707682188185, 22.226339685569577 ], [ -97.930668555521407, 22.226628508405319 ], [ -97.930556464205935, 22.226931855648395 ], [ -97.930484908825363, 22.227232605797173 ], [ -97.930378311938526, 22.227815538959756 ], [ -97.930317554551408, 22.228162302755987 ], [ -97.930209750651599, 22.228430981377283 ], [ -97.930059028895698, 22.228689928888706 ], [ -97.929666465366992, 22.2292043693379 ], [ -97.929206639256464, 22.22964884655304 ], [ -97.928944872084102, 22.229839773632353 ], [ -97.928664710466094, 22.230015096233743 ], [ -97.928352939968278, 22.230119886774816 ], [ -97.928040691297525, 22.230224980677939 ], [ -97.927724348831561, 22.230329929544098 ], [ -97.927414141038, 22.230414060631752 ], [ -97.927090259720941, 22.230506149474103 ], [ -97.926779567187438, 22.230667880123061 ], [ -97.926533332033287, 22.23085581626918 ], [ -97.926265964561694, 22.231058977931532 ], [ -97.926009536676588, 22.231262681088381 ], [ -97.925766478016413, 22.231488052360959 ], [ -97.925466041833189, 22.231787956237405 ], [ -97.925229859328113, 22.232019848847607 ], [ -97.924898225335014, 22.232443363040119 ], [ -97.924613687045536, 22.232635270362699 ], [ -97.924105788526475, 22.233024781599401 ], [ -97.923923775731211, 22.233304454610153 ], [ -97.923753409402934, 22.23357217228439 ], [ -97.923522817853339, 22.233783955218342 ], [ -97.923388120254899, 22.234037329027409 ], [ -97.923136112356659, 22.234289889798486 ], [ -97.922950810735998, 22.234486497926682 ], [ -97.922528938846781, 22.234626806633585 ], [ -97.922112029330876, 22.234746154044426 ], [ -97.921605019856202, 22.234711944423847 ] ] ] } },
{ "type": "Feature", "properties": { "AREA": 4387267.1129900003, "PERIMETER": 12266.67613, "NOMBRE": "VICENTE GUERRERO", "CVE_ESTADO": "30", "CVE_MPIO": "123", "CVE_EJIDO": "049", "CVEIN_CON": "30123049", "CLAVEUNICA": "3014109622412846", "CVE_EDO": "30", "CINA_MUN": "123", "CINA_NA": "116", "CVEMUNIN": "123", "CVENAIN": "049", "NOM_NA": "VICENTE GUERRERO", "X": "98° 19' 6,06\" W", "Y": "22° 13' 7,61\" N", "Acres": null, "Hectares": null, "distancia_km": 2.2729081980380936 }, "geometry": { "type": "Polygon", "coordinates": [ [ [ -98.30792580369112, 22.226514835432766 ], [ -98.307958452527018, 22.226394268704723 ], [ -98.308349169510052, 22.225585426262498 ], [ -98.308857958136358, 22.224778222623691 ], [ -98.309259476373413, 22.223453811703166 ], [ -98.309555185180628, 22.222443250861662 ], [ -98.310307139623831, 22.220728459102549 ], [ -98.310352060732939, 22.220652981047223 ], [ -98.31130038930074, 22.219058786886205 ], [ -98.311705955764936, 22.218544780428896 ], [ -98.313484041812643, 22.216416250535612 ], [ -98.314015641697111, 22.215512750593152 ], [ -98.314422427371014, 22.21482426997029 ], [ -98.314459752177513, 22.214776292004604 ], [ -98.315253347607538, 22.213780291871629 ], [ -98.315321925922802, 22.211760487547018 ], [ -98.315400585995931, 22.210404207507537 ], [ -98.315387357410017, 22.21018373651615 ], [ -98.314965554137501, 22.20847539839351 ], [ -98.315121493219493, 22.207346874157189 ], [ -98.314695968165367, 22.206164231276016 ], [ -98.314542074980096, 22.204921291367238 ], [ -98.314285669013742, 22.203533083651465 ], [ -98.314380313783644, 22.202009314747944 ], [ -98.314532581357142, 22.20000839393678 ], [ -98.314771845740083, 22.199295911880927 ], [ -98.314971338517609, 22.198629096718271 ], [ -98.315892002438503, 22.196387302576355 ], [ -98.318236985735567, 22.197187810531958 ], [ -98.320062751975343, 22.197824419522782 ], [ -98.323281858781883, 22.198988135058965 ], [ -98.321608827434645, 22.203752919678184 ], [ -98.319100795415466, 22.21015202156082 ], [ -98.320164544690343, 22.210672480443659 ], [ -98.325773016729258, 22.213251758633469 ], [ -98.325517229874791, 22.214015335589345 ], [ -98.325474211660506, 22.214124738282496 ], [ -98.325417544773003, 22.214329808427191 ], [ -98.323003387152554, 22.221378866023322 ], [ -98.322984704631949, 22.221580773863916 ], [ -98.324402835363699, 22.221532118506257 ], [ -98.325882670266509, 22.221474647257974 ], [ -98.32737724971139, 22.221424140189292 ], [ -98.327261375876617, 22.223530897299817 ], [ -98.327252046009264, 22.224248639757157 ], [ -98.327251033162867, 22.224302194669288 ], [ -98.327298429902854, 22.22457567596236 ], [ -98.327298383165783, 22.22493380747418 ], [ -98.327081033478464, 22.224985274367501 ], [ -98.327002164212871, 22.225109808008156 ], [ -98.3254314049736, 22.228145518942046 ], [ -98.32486880114368, 22.229253183079191 ], [ -98.325012100622814, 22.229563986521416 ], [ -98.324502588783787, 22.229783534346776 ], [ -98.323652041304044, 22.231509263215763 ], [ -98.323579644189806, 22.23163508127314 ], [ -98.323116681513483, 22.231896234253178 ], [ -98.322961138370687, 22.23437234939577 ], [ -98.323076256013621, 22.234483253555158 ], [ -98.323080629912326, 22.23459311248406 ], [ -98.322471974250817, 22.234666281661635 ], [ -98.321888610792143, 22.234726229073612 ], [ -98.321273489417123, 22.234769600234298 ], [ -98.316453641287154, 22.23537984962655 ], [ -98.315469164271548, 22.235510114294428 ], [ -98.313171320699936, 22.235762564137779 ], [ -98.312652104595102, 22.235607812872189 ], [ -98.31195070668997, 22.235757253380307 ], [ -98.313022686102116, 22.233991815111999 ], [ -98.313106521007271, 22.233864990773931 ], [ -98.314679662309473, 22.231290639361816 ], [ -98.31472599425841, 22.231213035074436 ], [ -98.315224180213974, 22.230389599097268 ], [ -98.313573329634565, 22.229516144065759 ], [ -98.313333075107082, 22.229319512960121 ], [ -98.311508240472122, 22.22760472383413 ], [ -98.309838050481119, 22.225994187873223 ], [ -98.309774663969478, 22.225892780600098 ], [ -98.309652347171976, 22.225756569441636 ], [ -98.30792580369112, 22.226514835432766 ] ] ] } },
{ "type": "Feature", "properties": { "AREA": 4455069.47896, "PERIMETER": 13308.48002, "NOMBRE": "VICENTE GUERRERO", "CVE_ESTADO": "30", "CVE_MPIO": "123", "CVE_EJIDO": "049", "CVEIN_CON": "30123049", "CLAVEUNICA": "3014109622412846", "CVE_EDO": "30", "CINA_MUN": "123", "CINA_NA": "116", "CVEMUNIN": "123", "CVENAIN": "049", "NOM_NA": "VICENTE GUERRERO", "X": "98° 17' 13,79\" W", "Y": "22° 12' 55,84\" N", "Acres": null, "Hectares": null, "distancia_km": 3.0948472731533068 }, "geometry": { "type": "Polygon", "coordinates": [ [ [ -98.275737127567609, 22.230313633311578 ], [ -98.275760095554531, 22.229843165209513 ], [ -98.275782684682454, 22.229574871739228 ], [ -98.275801245331351, 22.229299333255621 ], [ -98.275852533467784, 22.228504406847161 ], [ -98.275997790631649, 22.226258799563983 ], [ -98.27606494061429, 22.225100874875356 ], [ -98.276097863665754, 22.224582661901252 ], [ -98.276103220840426, 22.224533270834421 ], [ -98.276104621553316, 22.224490998873996 ], [ -98.27612982590847, 22.224036078440886 ], [ -98.276156627459898, 22.223596974235537 ], [ -98.276163400443494, 22.223508021394021 ], [ -98.276205879814157, 22.222836637468323 ], [ -98.27622620498768, 22.222513679088308 ], [ -98.276250743119832, 22.222112777692359 ], [ -98.276308757027024, 22.221166835017542 ], [ -98.276328517238923, 22.220859321835533 ], [ -98.276372043685342, 22.220318209744228 ], [ -98.276468373707715, 22.218992553969198 ], [ -98.27648520774089, 22.218375216992531 ], [ -98.276810128576429, 22.21295012484909 ], [ -98.277156686399252, 22.207541682452614 ], [ -98.279487741834146, 22.207716413193268 ], [ -98.279825373475873, 22.20771626875873 ], [ -98.284325674815847, 22.208072543588607 ], [ -98.28437938303874, 22.207096471422368 ], [ -98.284447867328055, 22.206102019677356 ], [ -98.284457621669873, 22.205904509061426 ], [ -98.291246349080907, 22.205343094975913 ], [ -98.29294857497699, 22.205188631878851 ], [ -98.293828411634877, 22.205089043840257 ], [ -98.294221993771117, 22.205055238509154 ], [ -98.294740953740259, 22.205016302147857 ], [ -98.294900941938906, 22.20500042705596 ], [ -98.295345753283499, 22.204226851083433 ], [ -98.296400485382421, 22.205226039763335 ], [ -98.296497122358829, 22.205274562639779 ], [ -98.296949569430893, 22.205504450251855 ], [ -98.296905217052995, 22.206218727923936 ], [ -98.296877082059098, 22.206637587358305 ], [ -98.29687942801138, 22.206721702635569 ], [ -98.296869266870758, 22.206788644746307 ], [ -98.296533847695571, 22.207157935807739 ], [ -98.296213297273141, 22.207498454362646 ], [ -98.296025649496116, 22.207702521630733 ], [ -98.296039155987074, 22.207743006508057 ], [ -98.296127962201197, 22.207980863277143 ], [ -98.296156951982098, 22.208048706346158 ], [ -98.29690040963105, 22.208488778016214 ], [ -98.297400134807063, 22.208403313470683 ], [ -98.2988961790536, 22.208125811008539 ], [ -98.299160114125527, 22.207076042381107 ], [ -98.302232866373274, 22.207302041290298 ], [ -98.301939603423591, 22.209008204521584 ], [ -98.30181154497474, 22.209654858022876 ], [ -98.301697420689692, 22.21017494427042 ], [ -98.30163706170444, 22.210287305685696 ], [ -98.305110281292372, 22.210514651216258 ], [ -98.304641801591387, 22.212799362238702 ], [ -98.30400944921071, 22.215641528749284 ], [ -98.301167128036028, 22.215316543427434 ], [ -98.300069151465152, 22.213365147654372 ], [ -98.2989597336652, 22.213355844085168 ], [ -98.296585732514231, 22.213349732093292 ], [ -98.295648458954417, 22.215421682921299 ], [ -98.295282435813789, 22.216261886924531 ], [ -98.295167189096375, 22.216515979560512 ], [ -98.294516372860329, 22.217186787924785 ], [ -98.295239456994338, 22.218463198996897 ], [ -98.297267638978838, 22.219633089799416 ], [ -98.296308571880658, 22.2213373173945 ], [ -98.295692026583652, 22.222382547263891 ], [ -98.293702262718185, 22.220668798153799 ], [ -98.291361939334877, 22.218681900030866 ], [ -98.287946878103497, 22.220407150762139 ], [ -98.287626192545787, 22.220767823111885 ], [ -98.285148694847223, 22.21872416010925 ], [ -98.285074829003904, 22.218665142864857 ], [ -98.285020935038688, 22.218606964298591 ], [ -98.284015734488264, 22.217824573122911 ], [ -98.283731561933834, 22.217572518760722 ], [ -98.283632531506981, 22.219658679042148 ], [ -98.283597529470697, 22.220124310289673 ], [ -98.283590813864848, 22.220262154832859 ], [ -98.283522926143903, 22.221503721933662 ], [ -98.283448102943794, 22.223312256226386 ], [ -98.283366743326781, 22.224853182162875 ], [ -98.283332287758384, 22.225331731628479 ], [ -98.283324436440893, 22.22573198558505 ], [ -98.283282332023006, 22.22666436027199 ], [ -98.283278380689026, 22.226754527380137 ], [ -98.283189896815969, 22.228289977900857 ], [ -98.283106816725066, 22.230553006238924 ], [ -98.282997576805045, 22.232345247277468 ], [ -98.275737127567609, 22.230313633311578 ] ] ] } },
{ "type": "Feature", "properties": { "AREA": 1931227.8726, "PERIMETER": 6773.28351, "NOMBRE": "ANAHUAC", "CVE_ESTADO": "30", "CVE_MPIO": "133", "CVE_EJIDO": "014", "CVEIN_CON": "30133014", "CLAVEUNICA": "3014109622421044", "CVE_EDO": "30", "CINA_MUN": "133", "CINA_NA": "001", "CVEMUNIN": "133", "CVENAIN": "014", "NOM_NA": "ANAHUAC", "X": "97° 53' 4,79\" W", "Y": "22° 12' 49,98\" N", "Acres": null, "Hectares": null, "distancia_km": 1.1562705995077514 }, "geometry": { "type": "Polygon", "coordinates": [ [ [ -97.895488286793437, 22.220530452156346 ], [ -97.894651560657209, 22.220400695831938 ], [ -97.893809803719307, 22.220270154796811 ], [ -97.8934220175272, 22.220235575868546 ], [ -97.892280052000416, 22.219905414906453 ], [ -97.891162111867104, 22.21958219092048 ], [ -97.890003074743504, 22.21926788908177 ], [ -97.888848604298317, 22.218954816112838 ], [ -97.887702855203713, 22.218644098854124 ], [ -97.886572983815185, 22.218337678347936 ], [ -97.885474023417757, 22.217927408934067 ], [ -97.884373245265451, 22.217516451204975 ], [ -97.883270725540868, 22.217104833555236 ], [ -97.882143059396867, 22.216683817598458 ], [ -97.880943238339, 22.216235851301025 ], [ -97.879885605471117, 22.215775157631906 ], [ -97.878743876496301, 22.215277821662177 ], [ -97.877600788530899, 22.214779882352065 ], [ -97.876489710393599, 22.214295875909784 ], [ -97.875211583802084, 22.213739086744635 ], [ -97.873869704629826, 22.213154509800606 ], [ -97.872542434093091, 22.21266008750602 ], [ -97.871029673032155, 22.212096550842766 ], [ -97.871814441268, 22.2071595571282 ], [ -97.873373612134202, 22.207511565458244 ], [ -97.874973939690875, 22.207872848386959 ], [ -97.87644902755855, 22.20820584232283 ], [ -97.877802261820804, 22.208511315379628 ], [ -97.879241654551691, 22.208836223791607 ], [ -97.880531172728766, 22.209127289645327 ], [ -97.88176125052486, 22.209404928266974 ], [ -97.882977713380868, 22.209802381143849 ], [ -97.884054161220774, 22.210154077814263 ], [ -97.885191140697643, 22.210525541842944 ], [ -97.886321155491629, 22.210894720742875 ], [ -97.887443542366384, 22.211261398019865 ], [ -97.888559547884668, 22.211625981096986 ], [ -97.889673284923504, 22.211989813702012 ], [ -97.890788558637638, 22.212354138901627 ], [ -97.891923083679131, 22.212724743256487 ], [ -97.893079983678305, 22.213102646596401 ], [ -97.894294005615166, 22.2134991980267 ], [ -97.8954967246911, 22.213892046465485 ], [ -97.896695852586191, 22.214283711009827 ], [ -97.897942914741833, 22.214691020518909 ], [ -97.897537542728884, 22.215877922802509 ], [ -97.895918641569565, 22.220617731622568 ], [ -97.895488286793437, 22.220530452156346 ] ] ] } },
{ "type": "Feature", "properties": { "AREA": 3310991.9471399998, "PERIMETER": 8387.61772, "NOMBRE": "EL MORALILLO", "CVE_ESTADO": "30", "CVE_MPIO": "123", "CVE_EJIDO": "030", "CVEIN_CON": "30123030", "CLAVEUNICA": "3014109622409995", "CVE_EDO": "30", "CINA_MUN": "123", "CINA_NA": "025", "CVEMUNIN": "123", "CVENAIN": "030", "NOM_NA": "EL MORALILLO", "X": "97° 55' 4,30\" W", "Y": "22° 12' 37,72\" N", "Acres": null, "Hectares": null, "distancia_km": 1.2118398962818999 }, "geometry": { "type": "Polygon", "coordinates": [ [ [ -97.905436353291037, 22.220165759983498 ], [ -97.906061684918953, 22.212952302448933 ], [ -97.906058321368207, 22.212835571561701 ], [ -97.906054052837504, 22.212685411939805 ], [ -97.906051432468658, 22.212597953446672 ], [ -97.906047473537313, 22.212457913028729 ], [ -97.906212087155581, 22.210006880383791 ], [ -97.906657122429209, 22.205692835305747 ], [ -97.907601704583428, 22.205690233922827 ], [ -97.909599423546808, 22.20547120422793 ], [ -97.912247130836221, 22.205561092758575 ], [ -97.913975657461151, 22.205580311818945 ], [ -97.916000598331053, 22.205706090809699 ], [ -97.916869428257058, 22.20582876335834 ], [ -97.91836279758104, 22.205938690234245 ], [ -97.919594305510742, 22.206028438023171 ], [ -97.920472193921583, 22.206121703431926 ], [ -97.921440243030375, 22.206273373950086 ], [ -97.922187616306005, 22.205762348262585 ], [ -97.922716297021992, 22.204975895123969 ], [ -97.923066411697008, 22.204465306908364 ], [ -97.924469798050751, 22.203257632264684 ], [ -97.925047702819441, 22.203023243618322 ], [ -97.926901669165957, 22.202004153439429 ], [ -97.927819550318873, 22.20181047652915 ], [ -97.928552505388581, 22.201672125364169 ], [ -97.929806630030654, 22.201705124823718 ], [ -97.932271377817997, 22.200712568152635 ], [ -97.932509517263298, 22.204613498002512 ], [ -97.932524368968913, 22.204753339207031 ], [ -97.932533690149697, 22.204842016154792 ], [ -97.932547995395808, 22.204977156500686 ], [ -97.932560671415203, 22.205096839366028 ], [ -97.932693687141352, 22.207596117400918 ], [ -97.931053627491949, 22.208841061602399 ], [ -97.929707220910245, 22.210171657179792 ], [ -97.929593013907294, 22.210290054066746 ], [ -97.928284996626942, 22.211403460142453 ], [ -97.927690412387634, 22.21176069100062 ], [ -97.924342142087241, 22.213630687770884 ], [ -97.922845978135143, 22.214370907403879 ], [ -97.921814820597533, 22.214789541746665 ], [ -97.920133960371885, 22.215701406643273 ], [ -97.919361057428191, 22.216054350879467 ], [ -97.917059801878494, 22.217124116643518 ], [ -97.915592547218225, 22.217804478928088 ], [ -97.914707605249163, 22.218190437504788 ], [ -97.912974042497424, 22.218678760533759 ], [ -97.911325390034136, 22.21915037947943 ], [ -97.911009529497107, 22.219184669383395 ], [ -97.908569809188648, 22.219628398631162 ], [ -97.907694572900255, 22.219897295420086 ], [ -97.906533443968129, 22.220251092813747 ], [ -97.905436353291037, 22.220165759983498 ] ] ] } },
{ "type": "Feature", "properties": { "AREA": 1021405.11243, "PERIMETER": 5871.35556, "NOMBRE": "MARIA QUINTA DE LAS NIEVES", "CVE_ESTADO": "30", "CVE_MPIO": "133", "CVE_EJIDO": "006", "CVEIN_CON": "30133006", "CLAVEUNICA": "3014109622421470", "CVE_EDO": "30", "CINA_MUN": "133", "CINA_NA": "014", "CVEMUNIN": "133", "CVENAIN": "006", "NOM_NA": "MARIA QUINTA DE LAS NIEVES", "X": "97° 59' 23,33\" W", "Y": "22° 12' 21,42\" N", "Acres": null, "Hectares": null, "distancia_km": 1.3388424354830843 }, "geometry": { "type": "Polygon", "coordinates": [ [ [ -97.982470856920699, 22.211420626247957 ], [ -97.98075219739836, 22.211367506161007 ], [ -97.980622923168809, 22.208313980569873 ], [ -97.980541943662374, 22.206094440722314 ], [ -97.980646154577229, 22.206079194697161 ], [ -97.982034994407755, 22.206117605113025 ], [ -97.983185519862644, 22.206136087320075 ], [ -97.984017248281347, 22.205946341368506 ], [ -97.984653263171552, 22.20577885716267 ], [ -97.985353982099852, 22.205589732430042 ], [ -97.986294107288685, 22.205327751292728 ], [ -97.987195844336469, 22.205076365781071 ], [ -97.988117810337087, 22.204816067573979 ], [ -97.989130175957314, 22.204532658065222 ], [ -97.990924639610157, 22.204027896982396 ], [ -97.991684764635011, 22.203810928615439 ], [ -97.991846069403678, 22.203001366251385 ], [ -97.992669772938044, 22.202667895257779 ], [ -97.993577484745529, 22.202306664986413 ], [ -97.994328980685381, 22.202006885007531 ], [ -97.995123645287677, 22.201687494522247 ], [ -97.995932573462412, 22.201367104003435 ], [ -97.997154032580184, 22.200880688461755 ], [ -97.998409017361141, 22.200388959382742 ], [ -97.998551367268959, 22.200331027831435 ], [ -97.998798447084937, 22.198570862404885 ], [ -97.998986624366083, 22.197451792744289 ], [ -98.000474120358021, 22.199067603390414 ], [ -98.001055864642893, 22.19969212651857 ], [ -98.001109937850501, 22.199748013426813 ], [ -98.001652424139095, 22.200322519900038 ], [ -97.999988684123622, 22.201715641923293 ], [ -97.998176766896407, 22.203209097829085 ], [ -97.998002238009263, 22.203322837631312 ], [ -97.996724679993406, 22.204363379919698 ], [ -97.994651923432258, 22.205901707895599 ], [ -97.993878103874692, 22.206480571106919 ], [ -97.993260792704731, 22.206935919054079 ], [ -97.992538398230209, 22.207381400135578 ], [ -97.991427310539947, 22.208043437930232 ], [ -97.990461588836055, 22.208712963764786 ], [ -97.989555095455614, 22.209142384051102 ], [ -97.988731411780762, 22.209530398987873 ], [ -97.987885615263181, 22.209999481640285 ], [ -97.986928968927472, 22.210304728043774 ], [ -97.985880809298067, 22.210736497286977 ], [ -97.984852288875018, 22.211040108970618 ], [ -97.983180172294453, 22.211378356992171 ], [ -97.982470856920699, 22.211420626247957 ] ] ] } },
{ "type": "Feature", "properties": { "AREA": 38271145.260559998, "PERIMETER": 46815.13141, "NOMBRE": "ALTO DEL NARANJO", "CVE_ESTADO": "30", "CVE_MPIO": "123", "CVE_EJIDO": "002", "CVEIN_CON": "30123002", "CLAVEUNICA": "3014109622409273", "CVE_EDO": "30", "CINA_MUN": "123", "CINA_NA": "003", "CVEMUNIN": "123", "CVENAIN": "002", "NOM_NA": "ALTO DE NARANJO", "X": "98° 10' 51,59\" W", "Y": "22° 11' 25,61\" N", "Acres": null, "Hectares": null, "distancia_km": 4.2667264087841721 }, "geometry": { "type": "Polygon", "coordinates": [ [ [ -98.139691260748819, 22.208494884848218 ], [ -98.140533016039967, 22.197453156718105 ], [ -98.14149556543282, 22.18491558534086 ], [ -98.141590136163515, 22.183269703753492 ], [ -98.141256913495482, 22.182980678156266 ], [ -98.141676080366395, 22.178435895356653 ], [ -98.141856519294265, 22.176588652820666 ], [ -98.143197673670343, 22.16250474646808 ], [ -98.14322348844361, 22.162228054619202 ], [ -98.144292407967328, 22.161370587957265 ], [ -98.15347424945449, 22.17325787639367 ], [ -98.155001839003461, 22.174026603115781 ], [ -98.159726438934669, 22.17434882167727 ], [ -98.168208498142008, 22.174975900878934 ], [ -98.168400602128102, 22.174986676938158 ], [ -98.168353010901484, 22.17603302056148 ], [ -98.172210399527145, 22.176200417629442 ], [ -98.175707694540833, 22.176399184289302 ], [ -98.177122205575969, 22.173713660276061 ], [ -98.177561980113325, 22.172135697198726 ], [ -98.177727744912971, 22.170360358719982 ], [ -98.1778005187102, 22.169008918106925 ], [ -98.177837375906208, 22.168775082355381 ], [ -98.178018808069822, 22.166667026435871 ], [ -98.178188063722587, 22.164788417956139 ], [ -98.178486778754277, 22.161310920637707 ], [ -98.17849249308145, 22.161232921135596 ], [ -98.178634770395405, 22.159340315640257 ], [ -98.174702795686912, 22.159039326468665 ], [ -98.174597177333581, 22.159006317586904 ], [ -98.17084254668417, 22.158713586398225 ], [ -98.170925181821332, 22.157853463777677 ], [ -98.169758448763972, 22.157735911823647 ], [ -98.169601023696046, 22.157709356887857 ], [ -98.169344926790984, 22.160608726114987 ], [ -98.168276026332506, 22.160560838571957 ], [ -98.156336355522143, 22.159733010383086 ], [ -98.156347443665794, 22.158678658267757 ], [ -98.156284025518602, 22.156221725090276 ], [ -98.162802311421714, 22.155797311988387 ], [ -98.163185509467269, 22.153430589862502 ], [ -98.164154047896361, 22.153515775603694 ], [ -98.165114763597444, 22.153594049940612 ], [ -98.166052336684615, 22.153658378749686 ], [ -98.166818675795369, 22.153706650895678 ], [ -98.167625766260372, 22.153741576867052 ], [ -98.167317506300435, 22.15706371396967 ], [ -98.169350565724258, 22.156633672821105 ], [ -98.17276349764434, 22.155661278208868 ], [ -98.173983905263029, 22.157454592702418 ], [ -98.177219177108569, 22.154370960837053 ], [ -98.176860918412757, 22.153462244416268 ], [ -98.177749603236762, 22.153520030463561 ], [ -98.177870161569402, 22.153534786507517 ], [ -98.17780979908008, 22.153408125761182 ], [ -98.178387125846044, 22.152800411165188 ], [ -98.178604030895613, 22.153022038160067 ], [ -98.178662649783902, 22.153094002235679 ], [ -98.178701063712751, 22.153140557183512 ], [ -98.179052704032728, 22.153516992730815 ], [ -98.17893339517488, 22.153628411565929 ], [ -98.180813735087042, 22.153795267866741 ], [ -98.181789826081086, 22.153874160024721 ], [ -98.182780781267496, 22.153954247151276 ], [ -98.181984100520552, 22.158700294873423 ], [ -98.18642973804829, 22.158876489924435 ], [ -98.186948406343788, 22.157279242992768 ], [ -98.190411127506209, 22.157086458733662 ], [ -98.190753440438414, 22.151432047138073 ], [ -98.194014239296209, 22.15260207403897 ], [ -98.196234506108297, 22.15337719606525 ], [ -98.198029039537317, 22.154018121943658 ], [ -98.199597088272114, 22.154579955734246 ], [ -98.200916306560515, 22.155055186685999 ], [ -98.202253997805968, 22.155530587806496 ], [ -98.203689507665217, 22.155991188751422 ], [ -98.204692819747692, 22.156353099159439 ], [ -98.205606856110379, 22.156735978675474 ], [ -98.205907320698174, 22.156844582523863 ], [ -98.2059370399774, 22.156760803541044 ], [ -98.206063763678173, 22.156463486762796 ], [ -98.206249508016271, 22.156529343750449 ], [ -98.206380793067225, 22.156578855383973 ], [ -98.206254216828398, 22.156874185661341 ], [ -98.206222708625859, 22.156955336230244 ], [ -98.206509371903607, 22.157055651082199 ], [ -98.207411505351871, 22.157371612877711 ], [ -98.208140490855556, 22.157629183935832 ], [ -98.205008266562658, 22.19593120524523 ], [ -98.215807688047661, 22.196950109483019 ], [ -98.22941802085677, 22.20257911031549 ], [ -98.229402738217942, 22.21608175594643 ], [ -98.229018810586794, 22.216581707599474 ], [ -98.228979313479925, 22.216633139262402 ], [ -98.228962379153103, 22.216655191691508 ], [ -98.228359541096808, 22.217440202811161 ], [ -98.227984752281657, 22.217415886005703 ], [ -98.223779731414339, 22.217166398483037 ], [ -98.223276801251075, 22.217104520661522 ], [ -98.219090654405164, 22.216732008273969 ], [ -98.218227571655362, 22.216672605013649 ], [ -98.213209188372559, 22.216281198739662 ], [ -98.213063689543318, 22.216270151614989 ], [ -98.212501409122169, 22.216219010926388 ], [ -98.209969683449117, 22.21598967789393 ], [ -98.209880498841926, 22.215981593356894 ], [ -98.209840856908158, 22.21597800420771 ], [ -98.208353394377994, 22.215843246271028 ], [ -98.207828089683417, 22.215787391174675 ], [ -98.203541945399849, 22.215384363265333 ], [ -98.203482733215381, 22.215370757791174 ], [ -98.201922911940343, 22.215211268472913 ], [ -98.201846979562987, 22.215203497486154 ], [ -98.201814438453297, 22.215200176092743 ], [ -98.199181710408709, 22.214930929221296 ], [ -98.198488633400942, 22.214836502810883 ], [ -98.194890448980104, 22.214451938074422 ], [ -98.193630213934156, 22.214313192633192 ], [ -98.193081417102235, 22.214256857620232 ], [ -98.192990321076422, 22.214247507748102 ], [ -98.1929498393595, 22.21424335025246 ], [ -98.188929741115999, 22.213830607897062 ], [ -98.188643639019119, 22.213792387659023 ], [ -98.186811293007366, 22.213602397340225 ], [ -98.18397283947553, 22.213325653539467 ], [ -98.183765713755307, 22.213312446535994 ], [ -98.17880645404037, 22.212828001910395 ], [ -98.17862889887742, 22.212810122652396 ], [ -98.173990036129254, 22.212283326412237 ], [ -98.173713905855877, 22.212274896606242 ], [ -98.169260017244213, 22.211761236281667 ], [ -98.169020760503059, 22.211720564972801 ], [ -98.164622275098921, 22.211192571437724 ], [ -98.164153214821113, 22.211155681914612 ], [ -98.159300524612561, 22.210674210772204 ], [ -98.15544988084153, 22.210254041458281 ], [ -98.154328535963288, 22.210132308855751 ], [ -98.153760510700209, 22.210073845044082 ], [ -98.149437297384551, 22.209550089902038 ], [ -98.147094520511956, 22.209332903365894 ], [ -98.147006916565829, 22.209324783807226 ], [ -98.146967986878053, 22.209321174123883 ], [ -98.146775461941758, 22.209303317371834 ], [ -98.144460695193601, 22.209021730917971 ], [ -98.141733742975021, 22.208711533750268 ], [ -98.139691260748819, 22.208494884848218 ] ], [ [ -98.192627671169404, 22.177259329450113 ], [ -98.192685864415949, 22.177259797657939 ], [ -98.196899630048435, 22.177497820231245 ], [ -98.197105484386313, 22.174831051747336 ], [ -98.197164233536384, 22.17393833292352 ], [ -98.197233406547923, 22.173224552764999 ], [ -98.197321000986918, 22.172106892215083 ], [ -98.197320828674677, 22.171942107388833 ], [ -98.197330043874516, 22.17185217967727 ], [ -98.197338934192359, 22.171762223853918 ], [ -98.197734803029135, 22.16667238534027 ], [ -98.196770117474941, 22.166996392967008 ], [ -98.195687359359184, 22.167378095862784 ], [ -98.193895751076113, 22.16797061876532 ], [ -98.194065778513846, 22.165648125905467 ], [ -98.194217173836805, 22.163667561958434 ], [ -98.194317592885966, 22.162381386376435 ], [ -98.189869095500626, 22.162101365717895 ], [ -98.189810907026668, 22.162101105480037 ], [ -98.188112234061705, 22.1619732644564 ], [ -98.182272630849994, 22.161595026562487 ], [ -98.182186403163797, 22.16159297285374 ], [ -98.182135297449065, 22.162244867452987 ], [ -98.182136483364118, 22.162335196645166 ], [ -98.182137499948553, 22.162425527627367 ], [ -98.182034503717318, 22.163463387638195 ], [ -98.181994228925731, 22.163984343994422 ], [ -98.181896779912236, 22.1651387325408 ], [ -98.181766379202429, 22.166793406266496 ], [ -98.181680671486305, 22.1677619097219 ], [ -98.181559794436183, 22.169311010654869 ], [ -98.181454791129298, 22.170786505886174 ], [ -98.181311154506389, 22.172576726153242 ], [ -98.181216465396986, 22.173832061417254 ], [ -98.181086009926844, 22.175475260149852 ], [ -98.180988450728805, 22.176599818316706 ], [ -98.184894195272761, 22.176836711872895 ], [ -98.184958258919366, 22.176838826632888 ], [ -98.188181333574363, 22.177001838067678 ], [ -98.192627671169404, 22.177259329450113 ] ] ] } },
{ "type": "Feature", "properties": { "AREA": 6639204.6381700002, "PERIMETER": 22627.9978, "NOMBRE": "EMILIANO ZAPATA", "CVE_ESTADO": "30", "CVE_MPIO": "133", "CVE_EJIDO": "018", "CVEIN_CON": "30133018", "CLAVEUNICA": "3014109622421424", "CVE_EDO": "30", "CINA_MUN": "133", "CINA_NA": "012", "CVEMUNIN": "133", "CVENAIN": "018", "NOM_NA": "LA ESCONDIDA HOY EMILIANO ZAPATA", "X": "97° 58' 56,11\" W", "Y": "22° 11' 8,71\" N", "Acres": null, "Hectares": null, "distancia_km": 3.1848042376416466 }, "geometry": { "type": "Polygon", "coordinates": [ [ [ -97.999368363399114, 22.175159961458739 ], [ -97.999656008311362, 22.175141311900298 ], [ -97.999671841933846, 22.175654595576315 ], [ -98.001340024667968, 22.17558840443662 ], [ -98.003683629737637, 22.175475107528243 ], [ -98.005021766756357, 22.175415790678926 ], [ -98.007919319446188, 22.175287308128151 ], [ -98.009183163011869, 22.175231741353024 ], [ -98.01015484448321, 22.175189012838121 ], [ -98.011171910559099, 22.175144281994104 ], [ -98.01177011862913, 22.175117969488525 ], [ -98.011935108059419, 22.175110711928525 ], [ -98.012202665888026, 22.175098964454637 ], [ -98.012302642232456, 22.175091982345482 ], [ -98.013169914084983, 22.175047823561499 ], [ -98.013207853785929, 22.175073166162921 ], [ -98.013300305470423, 22.17541195486903 ], [ -98.013320777469289, 22.175447038112932 ], [ -98.013471450198097, 22.175905655088627 ], [ -98.013662638850278, 22.176337516301441 ], [ -98.013827751560967, 22.176757747072632 ], [ -98.013833257844425, 22.176785946564465 ], [ -98.013913198546717, 22.177049898727951 ], [ -98.014068069673627, 22.177621828559904 ], [ -98.014063963514545, 22.177657088210186 ], [ -98.014210275306752, 22.177873835728153 ], [ -98.014217156524666, 22.177995566403897 ], [ -98.014267745219655, 22.178244769939816 ], [ -98.014323348240836, 22.178496795112903 ], [ -98.014321124809925, 22.178520774395572 ], [ -98.014445137058331, 22.179564133338154 ], [ -98.014442937995909, 22.179588790272486 ], [ -98.014484686088252, 22.180734578124092 ], [ -98.01447783745833, 22.180772269237281 ], [ -98.014521456740596, 22.181190725559297 ], [ -98.014404537847312, 22.181632113201662 ], [ -98.014396211014869, 22.181662008568463 ], [ -98.014247814799816, 22.182627919929779 ], [ -98.013978034342529, 22.183615083684284 ], [ -98.013749938716117, 22.184566076448224 ], [ -98.013318866970167, 22.185547483451145 ], [ -98.013308104323755, 22.185571925875326 ], [ -98.012100637753065, 22.185078331293361 ], [ -98.01202313923298, 22.185046280563824 ], [ -98.011507622069118, 22.184830669838906 ], [ -98.008654696684985, 22.183649725131453 ], [ -98.004606072545513, 22.181981234305177 ], [ -98.000137090978313, 22.180139272390775 ], [ -97.999660870956717, 22.179943161582674 ], [ -97.997571930594304, 22.179088142043739 ], [ -97.990331260052884, 22.176096681989232 ], [ -97.992583750558865, 22.171349448892521 ], [ -97.989570987640761, 22.170903792278089 ], [ -97.985933627999103, 22.170380357111412 ], [ -97.982610703624644, 22.169891848491318 ], [ -97.979390657635932, 22.169427349496573 ], [ -97.979192087866366, 22.170482574113983 ], [ -97.979070948183136, 22.171132135029108 ], [ -97.9788616267317, 22.172211573160094 ], [ -97.978665178124402, 22.173263295857403 ], [ -97.978646279126238, 22.173362128659406 ], [ -97.978404197793196, 22.174624086820003 ], [ -97.978243064451988, 22.175517521865697 ], [ -97.977721485097021, 22.178289020996658 ], [ -97.977522812067292, 22.179398928836857 ], [ -97.978771368039091, 22.179561337315416 ], [ -97.980034763513487, 22.179721525701073 ], [ -97.980644495776616, 22.181536119309033 ], [ -97.989260415962136, 22.193957489433679 ], [ -97.972846661191156, 22.197867344032961 ], [ -97.972063888948469, 22.203997884973234 ], [ -97.972052828811883, 22.204091309756567 ], [ -97.971560968844699, 22.207689027668128 ], [ -97.969626495576733, 22.206865198308062 ], [ -97.966679338017229, 22.205733995774771 ], [ -97.964554950351825, 22.205035810669855 ], [ -97.962606835946076, 22.204612484293005 ], [ -97.961713495255282, 22.204587927665063 ], [ -97.961871631752402, 22.204229935733036 ], [ -97.961897597269527, 22.204161809744559 ], [ -97.963019484802814, 22.201642902556618 ], [ -97.969701252543572, 22.186706174413629 ], [ -97.970045874667775, 22.18610930965772 ], [ -97.971404447414926, 22.183740785581705 ], [ -97.974138449429645, 22.178961698862722 ], [ -97.971049405397281, 22.178556643365525 ], [ -97.969883668733999, 22.178464915814114 ], [ -97.971112300255186, 22.170150617896194 ], [ -97.97150476975807, 22.167416645273381 ], [ -97.974472068607852, 22.167799573284327 ], [ -97.974490057066603, 22.16780227109447 ], [ -97.97744742321639, 22.168245770585582 ], [ -97.977474753098051, 22.168249868815156 ], [ -97.979984602230004, 22.168626837200026 ], [ -97.980482409137636, 22.168695533658912 ], [ -97.982789119468677, 22.169035098903731 ], [ -97.986132464277418, 22.169527200260177 ], [ -97.989840461736733, 22.170072885178374 ], [ -97.989910053138459, 22.170083125654159 ], [ -97.991831805209387, 22.170351661539751 ], [ -97.994509203659135, 22.170754376868707 ], [ -97.993440463375464, 22.175666813139379 ], [ -97.997489366400217, 22.175325296030518 ], [ -97.998540175823848, 22.175236942480645 ], [ -97.999368363399114, 22.175159961458739 ] ] ] } },
{ "type": "Feature", "properties": { "AREA": 3100820.90393, "PERIMETER": 7814.3023, "NOMBRE": "EL CRUCERO", "CVE_ESTADO": "30", "CVE_MPIO": "133", "CVE_EJIDO": "002", "CVEIN_CON": "30133002", "CLAVEUNICA": "3014109622421268", "CVE_EDO": "30", "CINA_MUN": "133", "CINA_NA": "005", "CVEMUNIN": "133", "CVENAIN": "002", "NOM_NA": "EL CRUCERO", "X": "97° 56' 53,35\" W", "Y": "22° 11' 40,52\" N", "Acres": null, "Hectares": null, "distancia_km": 2.1712768193814203 }, "geometry": { "type": "Polygon", "coordinates": [ [ [ -97.955609728206738, 22.204918399961812 ], [ -97.945738436658175, 22.204676400765507 ], [ -97.94043435399449, 22.205753123530478 ], [ -97.941904530542658, 22.192722632889538 ], [ -97.94351864298055, 22.190644074533285 ], [ -97.943355692284655, 22.184172668405775 ], [ -97.942390177179405, 22.18267811374724 ], [ -97.952894281842148, 22.182059357684338 ], [ -97.955609728206738, 22.204918399961812 ] ] ] } },
{ "type": "Feature", "properties": { "AREA": 2203239.5714199999, "PERIMETER": 7407.60401, "NOMBRE": "TANCOCO", "CVE_ESTADO": "30", "CVE_MPIO": "123", "CVE_EJIDO": "052", "CVEIN_CON": "30123052", "CLAVEUNICA": "3014109622412679", "CVE_EDO": "30", "CINA_MUN": "123", "CINA_NA": "110", "CVEMUNIN": "123", "CVENAIN": "052", "NOM_NA": "TANCOCO", "X": "98° 16' 23,55\" W", "Y": "22° 12' 11,21\" N", "Acres": null, "Hectares": null, "distancia_km": 2.3151144848955312 }, "geometry": { "type": "Polygon", "coordinates": [ [ [ -98.257740900931068, 22.205986487001351 ], [ -98.257824023287412, 22.204776702327351 ], [ -98.259775136110704, 22.203559122063719 ], [ -98.262002318029246, 22.202177701649873 ], [ -98.263888585909186, 22.20100509846846 ], [ -98.266921230002367, 22.199101038404386 ], [ -98.267024047937383, 22.199052892638633 ], [ -98.267636141035283, 22.198675554310366 ], [ -98.270301214584734, 22.197015315947393 ], [ -98.272309491803298, 22.195752446199322 ], [ -98.272846667729993, 22.197368805665104 ], [ -98.273289611759637, 22.198701551691645 ], [ -98.273685107513728, 22.199914292891151 ], [ -98.273800827570355, 22.200244103092491 ], [ -98.274240640709664, 22.200171999960887 ], [ -98.275268500825078, 22.200004541816629 ], [ -98.280299245363111, 22.199156703527002 ], [ -98.280355920061183, 22.199147492622288 ], [ -98.284902161403153, 22.198346245591171 ], [ -98.284814333372367, 22.200027386519036 ], [ -98.284745870430882, 22.201049398310197 ], [ -98.28467740868868, 22.202076003086596 ], [ -98.284626196427141, 22.203102599758836 ], [ -98.28456995555328, 22.203940878703843 ], [ -98.284557711878435, 22.204090162264638 ], [ -98.28446459639072, 22.205105294876489 ], [ -98.284457621669873, 22.205904509061426 ], [ -98.284447867328055, 22.206102019677356 ], [ -98.28437938303874, 22.207096471422368 ], [ -98.284325674815847, 22.208072543588607 ], [ -98.279825373475873, 22.20771626875873 ], [ -98.279487741834146, 22.207716413193268 ], [ -98.277156686399252, 22.207541682452614 ], [ -98.274749775650974, 22.207325840773944 ], [ -98.274575521973475, 22.207300517302031 ], [ -98.272856640350767, 22.207158141220287 ], [ -98.272802589731555, 22.207152103774472 ], [ -98.27191964807993, 22.207082941296068 ], [ -98.271378597964144, 22.207040557291215 ], [ -98.270847085727993, 22.207007976993822 ], [ -98.270320787823053, 22.206966347937843 ], [ -98.269753748085819, 22.206937698648588 ], [ -98.269451867521283, 22.206922445498353 ], [ -98.268955993031099, 22.206854066289992 ], [ -98.267167318991781, 22.206714259609299 ], [ -98.267035201059031, 22.206703932148901 ], [ -98.26680443640717, 22.206672495132416 ], [ -98.265456316356747, 22.206579003105801 ], [ -98.263871932785989, 22.206472284359318 ], [ -98.263366835763946, 22.206425426020925 ], [ -98.262758338789681, 22.206368972969383 ], [ -98.262463097124964, 22.206349582590569 ], [ -98.262160903377961, 22.206323657072918 ], [ -98.260867338367035, 22.206212674009496 ], [ -98.260112028807654, 22.206162579189641 ], [ -98.259567119895792, 22.206117683529147 ], [ -98.259285787140243, 22.206094503439591 ], [ -98.258710873311017, 22.206054308041256 ], [ -98.257740900931068, 22.205986487001351 ] ] ] } },
{ "type": "Feature", "properties": { "AREA": 757171.24401000002, "PERIMETER": 5007.78509, "NOMBRE": "LAS ANIMAS", "CVE_ESTADO": "30", "CVE_MPIO": "123", "CVE_EJIDO": "054", "CVEIN_CON": "30123054", "CLAVEUNICA": "3014109622411016", "CVE_EDO": "30", "CINA_MUN": "123", "CINA_NA": "051", "CVEMUNIN": "123", "CVENAIN": "054", "NOM_NA": "LAS ANIMAS", "X": "98° 8' 20,49\" W", "Y": "22° 11' 5,67\" N", "Acres": null, "Hectares": null, "distancia_km": 2.0367195031785732 }, "geometry": { "type": "Polygon", "coordinates": [ [ [ -98.14149556543282, 22.18491558534086 ], [ -98.140533016039967, 22.197453156718105 ], [ -98.134726801665352, 22.178427870053749 ], [ -98.13879253556604, 22.178552482057487 ], [ -98.140238137627918, 22.178493718439206 ], [ -98.141606520964928, 22.178439955415271 ], [ -98.141676080366395, 22.178435895356653 ], [ -98.141256913495482, 22.182980678156266 ], [ -98.141590136163515, 22.183269703753492 ], [ -98.14149556543282, 22.18491558534086 ] ] ] } },
{ "type": "Feature", "properties": { "AREA": 4324434.4068200001, "PERIMETER": 11964.63811, "NOMBRE": "TANCOCO", "CVE_ESTADO": "30", "CVE_MPIO": "123", "CVE_EJIDO": "052", "CVEIN_CON": "30123052", "CLAVEUNICA": "3014109622412679", "CVE_EDO": "30", "CINA_MUN": "123", "CINA_NA": "110", "CVEMUNIN": "123", "CVENAIN": "052", "NOM_NA": "TANCOCO", "X": "98° 18' 45,26\" W", "Y": "22° 10' 55,24\" N", "Acres": null, "Hectares": null, "distancia_km": 1.3587813785791172 }, "geometry": { "type": "Polygon", "coordinates": [ [ [ -98.293470195783527, 22.18247015346256 ], [ -98.297135469809618, 22.180189910848149 ], [ -98.298197266630112, 22.179495891074446 ], [ -98.302688296823277, 22.176701184578089 ], [ -98.305198551366374, 22.175108459178404 ], [ -98.307307240812094, 22.173812131739272 ], [ -98.309659750316982, 22.17233882535589 ], [ -98.311869326483091, 22.170927580781196 ], [ -98.313295557964864, 22.170028856539062 ], [ -98.315603613246992, 22.168596816135516 ], [ -98.315771348895169, 22.168924918329282 ], [ -98.315996229954749, 22.170109168973514 ], [ -98.316112001107911, 22.170035614376832 ], [ -98.317230252828395, 22.169249598616862 ], [ -98.319168666530828, 22.172147027624117 ], [ -98.31930432044561, 22.172369564677265 ], [ -98.32098395839968, 22.175058317901993 ], [ -98.321847311048046, 22.176572529492582 ], [ -98.324555993536165, 22.181493776335156 ], [ -98.325663681331264, 22.183482899545467 ], [ -98.326001668536875, 22.184090877481236 ], [ -98.325255331148611, 22.184667722701242 ], [ -98.325026246204587, 22.184828614519752 ], [ -98.323713331756736, 22.185789311217668 ], [ -98.323471885674039, 22.18589053067689 ], [ -98.323296964531153, 22.185971030290954 ], [ -98.321133860718902, 22.187003635621057 ], [ -98.320768536930174, 22.187774533193707 ], [ -98.320067694830101, 22.189145810863035 ], [ -98.319032681588496, 22.189918818277629 ], [ -98.31843502080207, 22.190368618811263 ], [ -98.318164813515651, 22.190557897684737 ], [ -98.317335841001579, 22.192764046413121 ], [ -98.316053951193226, 22.19589311409835 ], [ -98.313560204189471, 22.19499492377982 ], [ -98.313515805387567, 22.194978884247679 ], [ -98.311042356993397, 22.194089056054615 ], [ -98.307736663648313, 22.19290741886936 ], [ -98.305132069741234, 22.192013754358513 ], [ -98.306875380235368, 22.189042885283261 ], [ -98.307830798881554, 22.187506902467934 ], [ -98.308510969321375, 22.186243204138172 ], [ -98.309284141598766, 22.184970900213457 ], [ -98.309936631851059, 22.183863963162757 ], [ -98.311332874027769, 22.181872660463192 ], [ -98.312138172226099, 22.182372963732426 ], [ -98.312478684064459, 22.181717902555626 ], [ -98.311753952121208, 22.181266312982448 ], [ -98.311625897914524, 22.181436282559872 ], [ -98.311507573715105, 22.181360632592089 ], [ -98.306607138442203, 22.178323224076308 ], [ -98.306112105621182, 22.178897481731902 ], [ -98.302338877880203, 22.183254908256753 ], [ -98.299705431050626, 22.186337449039861 ], [ -98.297220019828927, 22.184793949595306 ], [ -98.297059236304534, 22.184693704805554 ], [ -98.294739190759771, 22.183274505731983 ], [ -98.293470195783527, 22.18247015346256 ] ] ] } },
{ "type": "Feature", "properties": { "AREA": 18309995.848930001, "PERIMETER": 34620.59601, "NOMBRE": "EL REVENTADERO", "CVE_ESTADO": "30", "CVE_MPIO": "123", "CVE_EJIDO": "038", "CVEIN_CON": "30123038", "CLAVEUNICA": "3014109622412299", "CVE_EDO": "30", "CINA_MUN": "123", "CINA_NA": "026", "CVEMUNIN": "123", "CVENAIN": "038", "NOM_NA": "EL REVENTADERO", "X": "98° 13' 19,61\" W", "Y": "22° 8' 48,88\" N", "Acres": null, "Hectares": null, "distancia_km": 1.6627263960314091 }, "geometry": { "type": "Polygon", "coordinates": [ [ [ -98.225199645406192, 22.148516332220726 ], [ -98.225452699501716, 22.145269219514418 ], [ -98.225474830962639, 22.144999331023353 ], [ -98.225736268213154, 22.14163323545694 ], [ -98.225739866408659, 22.141580509964832 ], [ -98.225742702016547, 22.141538958881181 ], [ -98.225745555288199, 22.141497148937653 ], [ -98.225749867134525, 22.141440997120629 ], [ -98.225814178963134, 22.140603478922898 ], [ -98.225857203470881, 22.140115766513748 ], [ -98.225943574498729, 22.139013806365586 ], [ -98.225984913565554, 22.138525561850919 ], [ -98.226003788476319, 22.138340105731189 ], [ -98.226027514342803, 22.138022851092696 ], [ -98.226065628398558, 22.137510678663858 ], [ -98.226103489349626, 22.137016373888525 ], [ -98.22614294494916, 22.136485706458551 ], [ -98.22615168403955, 22.136391190870427 ], [ -98.226175239635012, 22.136053482736319 ], [ -98.226224501170137, 22.135424564663889 ], [ -98.226272179234456, 22.13482449304917 ], [ -98.226277564280508, 22.134770595675878 ], [ -98.226339630081313, 22.133927509998323 ], [ -98.226376109295373, 22.133440768698019 ], [ -98.226396586735888, 22.133203077364929 ], [ -98.226450096912387, 22.132518368109753 ], [ -98.226499058841981, 22.131929576474985 ], [ -98.226563643122191, 22.131224936700281 ], [ -98.22661733163693, 22.130462799075545 ], [ -98.226372848593556, 22.130447400463805 ], [ -98.224341589052088, 22.13031944770238 ], [ -98.222024879428758, 22.130173674241433 ], [ -98.221982243123861, 22.130172296636072 ], [ -98.217508601330522, 22.129895493590123 ], [ -98.217417495927222, 22.129886017780773 ], [ -98.215496509429471, 22.129776542881935 ], [ -98.213642117067678, 22.129648889610639 ], [ -98.212043779381688, 22.129554188834675 ], [ -98.211657210237703, 22.129511609177019 ], [ -98.210315045839366, 22.129422310644429 ], [ -98.205727151258245, 22.129099704116353 ], [ -98.20550302623613, 22.129089787484244 ], [ -98.204915599214345, 22.129015798069393 ], [ -98.204836704313564, 22.129010228386321 ], [ -98.204757809420343, 22.129004658665202 ], [ -98.202392439771572, 22.128837574651921 ], [ -98.202361938362515, 22.128835420116538 ], [ -98.202290964769645, 22.12882996018282 ], [ -98.202079604443767, 22.128813696230051 ], [ -98.202011722616803, 22.128808468098686 ], [ -98.201982635333948, 22.128806582385423 ], [ -98.201656559221448, 22.128785456971304 ], [ -98.201513938268334, 22.128778842285627 ], [ -98.200543213571336, 22.128712372351909 ], [ -98.20038214273599, 22.12870204377408 ], [ -98.197836842312441, 22.128561699224424 ], [ -98.19583970696668, 22.128412705504928 ], [ -98.195701708990669, 22.128423727906121 ], [ -98.193489725769652, 22.128234759580206 ], [ -98.193316041346407, 22.128221082474663 ], [ -98.191205412473138, 22.128078556284589 ], [ -98.188973143600734, 22.127932498791612 ], [ -98.187074745892502, 22.127795842831642 ], [ -98.186205204325461, 22.127741291760934 ], [ -98.185241916815286, 22.127593373987843 ], [ -98.185214215276048, 22.126416280189829 ], [ -98.183987297230303, 22.125837348134276 ], [ -98.183424445949726, 22.124894678774108 ], [ -98.183322306132084, 22.124562303377786 ], [ -98.183280363087064, 22.124123007246922 ], [ -98.183262766553824, 22.123688684013015 ], [ -98.183522660409807, 22.122404216362824 ], [ -98.184699466578067, 22.120394300352562 ], [ -98.184891368112588, 22.11991047887679 ], [ -98.185398561308915, 22.118726621885841 ], [ -98.186837526952189, 22.117637815253641 ], [ -98.18638423355074, 22.116563310910013 ], [ -98.184119778061685, 22.116298011172759 ], [ -98.1830203889443, 22.116049678273455 ], [ -98.182446663208793, 22.116065642679818 ], [ -98.181188861687005, 22.115964848100319 ], [ -98.178856125907757, 22.116641997126294 ], [ -98.176489866504411, 22.1168910317548 ], [ -98.175419708299614, 22.118784989593667 ], [ -98.17459047355122, 22.119574732312469 ], [ -98.174037485205417, 22.120570229716872 ], [ -98.172691662029337, 22.12059297512873 ], [ -98.172013330903795, 22.121117234673005 ], [ -98.172037599952844, 22.12078644219514 ], [ -98.172260138137759, 22.117753122815085 ], [ -98.172721901709195, 22.111006067773822 ], [ -98.172721903514116, 22.111006067947052 ], [ -98.172758625400888, 22.110205888768721 ], [ -98.172774891389125, 22.10985144577997 ], [ -98.174407409646022, 22.109757403675228 ], [ -98.174954029927733, 22.109721455478667 ], [ -98.176001055598107, 22.109831001876923 ], [ -98.176380384785531, 22.109850599876168 ], [ -98.176627879939744, 22.109889128833764 ], [ -98.177697363068603, 22.110033094110971 ], [ -98.177962937799094, 22.110080457863003 ], [ -98.187414375991665, 22.111699382458642 ], [ -98.188859652981563, 22.111939411886464 ], [ -98.189350372688935, 22.112020297470867 ], [ -98.189765553380681, 22.112096393362727 ], [ -98.19240502269875, 22.112534473893149 ], [ -98.192321189160012, 22.115498291217104 ], [ -98.197718717432537, 22.115789946433054 ], [ -98.197781823405549, 22.115793355013299 ], [ -98.197844929382413, 22.115796763569225 ], [ -98.19792377549031, 22.115801026309875 ], [ -98.198279556284959, 22.116566310102225 ], [ -98.198749043562032, 22.117625577950598 ], [ -98.198803630174567, 22.117748741588478 ], [ -98.19885821692985, 22.117871896175615 ], [ -98.199629640159742, 22.119612345674689 ], [ -98.199361419658786, 22.119661036368463 ], [ -98.198453649667229, 22.119978135172037 ], [ -98.198213978057055, 22.1228800887238 ], [ -98.198211176235631, 22.122907474462917 ], [ -98.198204628645414, 22.122971428673843 ], [ -98.198202268402568, 22.122994453258357 ], [ -98.198199333381808, 22.123023103073862 ], [ -98.198193575627386, 22.123089689995862 ], [ -98.198117647725624, 22.123967365692884 ], [ -98.198114628970799, 22.124002239374569 ], [ -98.198106777838007, 22.124084074078244 ], [ -98.198072529089387, 22.124441120085471 ], [ -98.199252264355621, 22.1245753600776 ], [ -98.20112230310481, 22.124751192882016 ], [ -98.201599080187421, 22.124777233192642 ], [ -98.201665602846461, 22.124782427702392 ], [ -98.201732125511313, 22.124787622185252 ], [ -98.201982254153378, 22.124807174535437 ], [ -98.202011348125538, 22.124809448715276 ], [ -98.20207922799122, 22.124814685825832 ], [ -98.203787585587278, 22.124946400633554 ], [ -98.203818007934899, 22.124593119596739 ], [ -98.203834750175233, 22.124319097638509 ], [ -98.203835070116156, 22.124313922830318 ], [ -98.203846998137209, 22.124180614982063 ], [ -98.203851337622567, 22.124119224358363 ], [ -98.203856097599939, 22.124052018015998 ], [ -98.203867127926628, 22.123993939286539 ], [ -98.203895763198474, 22.123722251807312 ], [ -98.203964651338353, 22.12328028367466 ], [ -98.20399344131738, 22.123113922011999 ], [ -98.204024022196322, 22.122937686088978 ], [ -98.204091636289718, 22.122556698840906 ], [ -98.204128453047289, 22.122345595691787 ], [ -98.204172470149445, 22.122086738794835 ], [ -98.204201835301802, 22.12193526757294 ], [ -98.204296939201953, 22.121456858080215 ], [ -98.204309947710755, 22.121390017107892 ], [ -98.204365911237886, 22.121113493999975 ], [ -98.204698360862196, 22.121217358166234 ], [ -98.204813817293058, 22.121255067474181 ], [ -98.205024429638442, 22.121228160459093 ], [ -98.205472343074646, 22.121150644287749 ], [ -98.205930177693403, 22.120975646125885 ], [ -98.206093349700581, 22.120869009490431 ], [ -98.20638836048596, 22.120802337662756 ], [ -98.206748591454996, 22.120767094583204 ], [ -98.207040291134206, 22.120699484030006 ], [ -98.207521450273703, 22.120505334490154 ], [ -98.207784423026197, 22.120427004570992 ], [ -98.208280526545749, 22.120303045697174 ], [ -98.209032081574165, 22.120358867158231 ], [ -98.209324530661277, 22.120394720379803 ], [ -98.210087237430415, 22.120631348615731 ], [ -98.210367420531384, 22.120749375476404 ], [ -98.21064244913687, 22.120791980720135 ], [ -98.21114395524657, 22.120780709000851 ], [ -98.211934881744128, 22.120759152055935 ], [ -98.212297374043516, 22.120836712902459 ], [ -98.212679417671694, 22.120897717894621 ], [ -98.213792163421047, 22.120646410412515 ], [ -98.214304264441537, 22.120658207189376 ], [ -98.215038706508139, 22.121031927389353 ], [ -98.216025205516061, 22.120932859021067 ], [ -98.216356141785283, 22.120456160717559 ], [ -98.216587991530886, 22.120282333167708 ], [ -98.21687470107986, 22.120157063212737 ], [ -98.217303311845484, 22.119900362263646 ], [ -98.218451093282454, 22.119189702847102 ], [ -98.218912302911676, 22.118597076928967 ], [ -98.218855629425761, 22.117607041168565 ], [ -98.219515462232835, 22.11755991364711 ], [ -98.222128236079158, 22.117329661795953 ], [ -98.226196955380388, 22.116994316543437 ], [ -98.227147575469658, 22.116936271447845 ], [ -98.227643172741409, 22.116882785437976 ], [ -98.230061882433532, 22.116892618085625 ], [ -98.230887157094301, 22.116881160958798 ], [ -98.232000949764839, 22.116909424144907 ], [ -98.231055766299505, 22.120418062708758 ], [ -98.230127372722436, 22.123864613101201 ], [ -98.230115430737442, 22.123922074261667 ], [ -98.229387135368484, 22.126893752048009 ], [ -98.229282189850878, 22.127410466184688 ], [ -98.229274928010355, 22.127477055086764 ], [ -98.228755609856861, 22.129055065342897 ], [ -98.2285528652815, 22.130558538160439 ], [ -98.230428076833789, 22.130787309388204 ], [ -98.236626514267613, 22.131574835500235 ], [ -98.236937072424055, 22.13160418079168 ], [ -98.239515362996357, 22.131926009113776 ], [ -98.23994502681721, 22.132356916697209 ], [ -98.240211472192769, 22.133693817462323 ], [ -98.240175163561105, 22.134034757615037 ], [ -98.240144877601779, 22.137310885448006 ], [ -98.240148666244394, 22.137960584944466 ], [ -98.240088329863411, 22.139795010923997 ], [ -98.240098519621611, 22.139957994650096 ], [ -98.240078467806782, 22.142212482023545 ], [ -98.240027395894472, 22.143757623855308 ], [ -98.239997213068762, 22.144669096754164 ], [ -98.240025505023425, 22.145249882478787 ], [ -98.239991643435971, 22.146290448205786 ], [ -98.239981733596991, 22.14683223328662 ], [ -98.239953126021959, 22.148291804660612 ], [ -98.240943617491226, 22.148306362320071 ], [ -98.244899056642581, 22.148210325770535 ], [ -98.244692667929399, 22.150901319898402 ], [ -98.244539059797191, 22.152898900636735 ], [ -98.244363724011109, 22.155119206852138 ], [ -98.244140274656019, 22.157982401417758 ], [ -98.244101954998627, 22.158509302416412 ], [ -98.24407574615033, 22.158853216127877 ], [ -98.244057092558549, 22.15907723177336 ], [ -98.24396062963028, 22.160315873021176 ], [ -98.243848165166213, 22.161561242250649 ], [ -98.243829074193499, 22.16198486708949 ], [ -98.243827786249696, 22.162013534467999 ], [ -98.243822848162097, 22.162080967116591 ], [ -98.243821299359738, 22.162102189415567 ], [ -98.243788596244812, 22.162535823798947 ], [ -98.243776871114363, 22.162697239941885 ], [ -98.24370768758385, 22.163601475520469 ], [ -98.243629857351138, 22.164557281044964 ], [ -98.243598687424551, 22.164979621040853 ], [ -98.243559403221511, 22.165511892022707 ], [ -98.243206281304396, 22.169983956231558 ], [ -98.243138356082653, 22.170516686787956 ], [ -98.24306213886581, 22.171813922839529 ], [ -98.242992627468382, 22.172775965017326 ], [ -98.242824171463852, 22.17477356172008 ], [ -98.242795663649929, 22.175297044085802 ], [ -98.242759736918785, 22.175809059698828 ], [ -98.242654281156305, 22.177272890641337 ], [ -98.242586920454968, 22.178089042014193 ], [ -98.242555889226679, 22.178584978973166 ], [ -98.242445289205222, 22.179951142444505 ], [ -98.242423553925533, 22.180171571780619 ], [ -98.242195170228868, 22.183011810319957 ], [ -98.242002502660469, 22.185239019214208 ], [ -98.24192297776159, 22.186134498027279 ], [ -98.24184029474425, 22.187498136906562 ], [ -98.24176781575153, 22.188693459557353 ], [ -98.238248505141485, 22.18849386631188 ], [ -98.237748704731871, 22.188455548982802 ], [ -98.237669911689721, 22.188449983356261 ], [ -98.233969276070113, 22.188176915209255 ], [ -98.232469521474769, 22.188087156710274 ], [ -98.230127267480455, 22.18796625687531 ], [ -98.228260500138447, 22.187860421549637 ], [ -98.226458370339728, 22.187716360184393 ], [ -98.226233985404633, 22.187722743335701 ], [ -98.22614833870449, 22.187671279294033 ], [ -98.222334305433208, 22.187425555912714 ], [ -98.222235505965571, 22.187419185187629 ], [ -98.222135507704238, 22.187412085977645 ], [ -98.222109347017138, 22.187410226575615 ], [ -98.222110710358905, 22.187396926355085 ], [ -98.222115908295706, 22.187346073030792 ], [ -98.222120313475727, 22.187294737131136 ], [ -98.222177025299771, 22.186633068040404 ], [ -98.222186292178208, 22.186524978148402 ], [ -98.222236788004494, 22.185416970106687 ], [ -98.222328273654426, 22.184264361619778 ], [ -98.222371603045474, 22.183715610021558 ], [ -98.222422585274401, 22.183302296546866 ], [ -98.222607886167239, 22.180930497801462 ], [ -98.222636610413801, 22.180480485576581 ], [ -98.22272816266242, 22.179366903787191 ], [ -98.222858388148353, 22.177851505201222 ], [ -98.22292114846779, 22.17715349906317 ], [ -98.222974100449463, 22.17648305681087 ], [ -98.223065392176636, 22.175236320395303 ], [ -98.223106122619569, 22.174620994696848 ], [ -98.223204780090185, 22.173360472107589 ], [ -98.223360346982062, 22.170924432625409 ], [ -98.223372100946904, 22.170625965677377 ], [ -98.223515443086939, 22.169669066339669 ], [ -98.223999716419996, 22.163705579682826 ], [ -98.224030825255582, 22.163218830156541 ], [ -98.224119991828545, 22.162160346569607 ], [ -98.224313113153201, 22.160045651903236 ], [ -98.224550628264211, 22.1566682167776 ], [ -98.224582095098896, 22.156369718964676 ], [ -98.224902423376349, 22.152489381486291 ], [ -98.225156595070075, 22.148820353328659 ], [ -98.225199645406192, 22.148516332220726 ] ] ] } },
{ "type": "Feature", "properties": { "AREA": 16568420.0275, "PERIMETER": 30491.4918, "NOMBRE": "EL CARACOL", "CVE_ESTADO": "30", "CVE_MPIO": "123", "CVE_EJIDO": "008", "CVEIN_CON": "30123008", "CLAVEUNICA": "3014109622409866", "CVE_EDO": "30", "CINA_MUN": "123", "CINA_NA": "020", "CVEMUNIN": "123", "CVENAIN": "008", "NOM_NA": "EL CARACOL", "X": "98° 2' 15,72\" W", "Y": "22° 9' 39,60\" N", "Acres": null, "Hectares": null, "distancia_km": 0.88480747858746889 }, "geometry": { "type": "Polygon", "coordinates": [ [ [ -98.075685845220775, 22.172264017072514 ], [ -98.076187792387188, 22.172643841025831 ], [ -98.076836343898819, 22.173134595395293 ], [ -98.076869540923781, 22.173159715190096 ], [ -98.077004895872435, 22.17326213652483 ], [ -98.078773499216339, 22.174547994201109 ], [ -98.077304673130769, 22.181858974147268 ], [ -98.074780386537455, 22.182621722572755 ], [ -98.073257447731351, 22.182720412326233 ], [ -98.072744946209653, 22.182570914713757 ], [ -98.072193023254542, 22.182409915662898 ], [ -98.070421500656281, 22.18189313752184 ], [ -98.066426667020693, 22.180482587696865 ], [ -98.06620550343645, 22.180423677574495 ], [ -98.065316610381601, 22.180186923185417 ], [ -98.065241127018297, 22.180166817809354 ], [ -98.064295452423465, 22.179993791353521 ], [ -98.063410653531761, 22.179816321638906 ], [ -98.062463764756572, 22.179584352182989 ], [ -98.061519687455515, 22.179133954498944 ], [ -98.060568118047698, 22.178928839987165 ], [ -98.059896744064844, 22.17866520982729 ], [ -98.059669909223288, 22.178576140589367 ], [ -98.059402940244553, 22.178449102239306 ], [ -98.058203014884015, 22.177878104409249 ], [ -98.058081819856355, 22.177820431671826 ], [ -98.057253145345527, 22.17755393936206 ], [ -98.057155964695994, 22.177522690344194 ], [ -98.057077437680448, 22.177495478351378 ], [ -98.056074762634282, 22.177148016806012 ], [ -98.055183683829412, 22.176839220675117 ], [ -98.053889191643862, 22.176235436936384 ], [ -98.053292962494226, 22.175957338306961 ], [ -98.053206668266483, 22.175917089640876 ], [ -98.050573079040362, 22.174610838096587 ], [ -98.050985754637551, 22.172980421821016 ], [ -98.051027069213518, 22.17281719210273 ], [ -98.051066208330113, 22.172416233885901 ], [ -98.051101525507988, 22.172054350308976 ], [ -98.049418081875601, 22.172014323739649 ], [ -98.04932361066561, 22.172583469277598 ], [ -98.049616451498949, 22.173130962052575 ], [ -98.049506658533502, 22.173144287546808 ], [ -98.049024129295262, 22.174169970586274 ], [ -98.045759877244834, 22.173190451428834 ], [ -98.045225720713702, 22.173030157166625 ], [ -98.04478939279349, 22.172899218603895 ], [ -98.044251957023135, 22.172696373966204 ], [ -98.044134547303344, 22.172668619677918 ], [ -98.043496379879016, 22.172517762695737 ], [ -98.042901477605966, 22.17237712857581 ], [ -98.042328645443078, 22.172241712474587 ], [ -98.041686337342384, 22.172089869567674 ], [ -98.041100454790012, 22.17195136277277 ], [ -98.038095086487317, 22.171240833895183 ], [ -98.035467869487178, 22.170927095543043 ], [ -98.034136731294709, 22.170712644924674 ], [ -98.034528026948195, 22.169785808973892 ], [ -98.034563869407364, 22.169675505959962 ], [ -98.034624408452672, 22.169423948497833 ], [ -98.034724690322122, 22.168833022538518 ], [ -98.034765653827094, 22.168793644306938 ], [ -98.034783706615045, 22.168776290144741 ], [ -98.034841704226451, 22.16872053567462 ], [ -98.035214466330189, 22.168362198492911 ], [ -98.036705451531446, 22.165511391982015 ], [ -98.039647139526437, 22.159880558865577 ], [ -98.034121658700684, 22.15942635727006 ], [ -98.03380805225909, 22.159414607689701 ], [ -98.033537626854638, 22.159533990301814 ], [ -98.031708639659101, 22.160680434371173 ], [ -98.031641974795136, 22.160720291369941 ], [ -98.030342489665429, 22.161497205954674 ], [ -98.02939555155082, 22.162137201783665 ], [ -98.028412428157765, 22.162899063282104 ], [ -98.027785525664342, 22.163665184001747 ], [ -98.027411310270324, 22.16422140891083 ], [ -98.027168850659976, 22.164759448865961 ], [ -98.026363998846122, 22.167410585354325 ], [ -98.026192515783677, 22.167869209717903 ], [ -98.02579068876544, 22.169126766037511 ], [ -98.025078022668481, 22.169290102539897 ], [ -98.0244988489669, 22.169419185089435 ], [ -98.02355087040587, 22.16966597551399 ], [ -98.023572626241275, 22.169778048174866 ], [ -98.021637238170882, 22.174766003392449 ], [ -98.019167415031632, 22.181503899522632 ], [ -98.019065150597044, 22.181739290844071 ], [ -98.019056729391494, 22.181803883253266 ], [ -98.018446788425592, 22.182480760050183 ], [ -98.017230110510937, 22.182326614596981 ], [ -98.017295914989461, 22.181673263615291 ], [ -98.017307523600181, 22.181592574940112 ], [ -98.017304655473282, 22.181451275096759 ], [ -98.017127507879536, 22.179328366565688 ], [ -98.016987792324798, 22.178771842434159 ], [ -98.016847500860962, 22.178213020127426 ], [ -98.016715666503799, 22.177633589355835 ], [ -98.016695480038791, 22.177318869872522 ], [ -98.016674296547777, 22.176932933946201 ], [ -98.016670249905346, 22.17685917880743 ], [ -98.016657380657634, 22.176624747274069 ], [ -98.016574882332407, 22.176379181926503 ], [ -98.016529194258467, 22.176020342863431 ], [ -98.016519101736705, 22.175869189051994 ], [ -98.016480747954816, 22.175596545908849 ], [ -98.016437103924588, 22.175325939476235 ], [ -98.016389888486174, 22.175108644760435 ], [ -98.016321404860435, 22.174958068935233 ], [ -98.016241885382044, 22.174748763462851 ], [ -98.016130286871501, 22.173710954205756 ], [ -98.015842839803952, 22.172156536857358 ], [ -98.015706739970653, 22.171629635821485 ], [ -98.015693791296314, 22.171574047268034 ], [ -98.015284696536028, 22.170550502248144 ], [ -98.015146214204549, 22.170204019462247 ], [ -98.015019311460279, 22.170083876018776 ], [ -98.01496440294008, 22.169959298562425 ], [ -98.014424974712952, 22.168735514572319 ], [ -98.013836060630453, 22.167744582083394 ], [ -98.013011618600999, 22.166691517191609 ], [ -98.011789072201793, 22.165672349973558 ], [ -98.010983709991606, 22.165012389832011 ], [ -98.008751706782405, 22.163342738357262 ], [ -98.007168715827376, 22.162193794338506 ], [ -98.007968601306018, 22.161046559642131 ], [ -98.00780263756613, 22.160928133478151 ], [ -98.00752412343914, 22.16073324079828 ], [ -98.005328081524326, 22.15929660900786 ], [ -98.005128309654836, 22.159163863806015 ], [ -98.004763940954774, 22.159983337319733 ], [ -98.004657693511561, 22.160224287311678 ], [ -98.004272964836417, 22.159870945256319 ], [ -98.003519439015506, 22.159162594400595 ], [ -98.002168120044132, 22.157646266859768 ], [ -98.001533325039205, 22.156935155926675 ], [ -98.000659245615481, 22.155618955302106 ], [ -98.000430038237241, 22.155313721021159 ], [ -98.000266263449959, 22.154998490112504 ], [ -98.000074776417634, 22.154596458779849 ], [ -97.999889012550128, 22.154065347861209 ], [ -98.000028921893346, 22.153604905821169 ], [ -98.000196187554579, 22.15316902150964 ], [ -98.00041305362582, 22.152779863654612 ], [ -98.000686195029857, 22.152697906144802 ], [ -98.002450778190749, 22.152132385621194 ], [ -98.004672474097447, 22.151485805519581 ], [ -98.006691056552526, 22.150945030824264 ], [ -98.007865222875779, 22.150629801266348 ], [ -98.009026585817736, 22.150292145626327 ], [ -98.011101236791873, 22.149785711879918 ], [ -98.011300897045189, 22.150610924844706 ], [ -98.012196524782411, 22.150386631027793 ], [ -98.012416115510291, 22.150331330116337 ], [ -98.013122775212352, 22.150162092904598 ], [ -98.013162818952836, 22.150151766054059 ], [ -98.014310497893121, 22.149860845909025 ], [ -98.015419120393844, 22.149533909360848 ], [ -98.019013797299067, 22.148077749276677 ], [ -98.018487759769542, 22.147352171018881 ], [ -98.020187554918039, 22.146407887608923 ], [ -98.021176320789905, 22.145741824449992 ], [ -98.022067524966644, 22.145031159159497 ], [ -98.023511750761699, 22.14380122280118 ], [ -98.024668560519814, 22.142509464215113 ], [ -98.024924012614207, 22.142195009398122 ], [ -98.025354164871871, 22.141704867008588 ], [ -98.025586548694051, 22.14138857494396 ], [ -98.026350443036804, 22.140197365367602 ], [ -98.026725438197815, 22.139498695306617 ], [ -98.026794956652992, 22.139420437411523 ], [ -98.027353773391638, 22.139716968822551 ], [ -98.028463383079909, 22.140311766936101 ], [ -98.029262203835344, 22.139096414411433 ], [ -98.029850143233531, 22.138222290209992 ], [ -98.030514605145328, 22.138558391310958 ], [ -98.030970566665872, 22.138789782239943 ], [ -98.031708959036081, 22.13816014127109 ], [ -98.03091670178749, 22.13776536342348 ], [ -98.031678437732992, 22.137474679947502 ], [ -98.032471527863862, 22.137172742312536 ], [ -98.033531902463466, 22.136768570997752 ], [ -98.033794566670807, 22.136663205959952 ], [ -98.032602463446636, 22.135330442894578 ], [ -98.030532041261651, 22.13333039234076 ], [ -98.031879323391408, 22.132596053379419 ], [ -98.032675076296201, 22.132110171476501 ], [ -98.034102929701376, 22.131499408371017 ], [ -98.034821194483499, 22.131305932026549 ], [ -98.035531574080451, 22.131061258186524 ], [ -98.037420142085963, 22.130543458667656 ], [ -98.040132122766707, 22.130558643144468 ], [ -98.041054811879704, 22.131375293772066 ], [ -98.041461149901508, 22.13241282146798 ], [ -98.041551753529049, 22.132869419322773 ], [ -98.041659795663421, 22.134453374952336 ], [ -98.038839528272604, 22.134804336160215 ], [ -98.036723705352799, 22.134202886564871 ], [ -98.036441550336349, 22.134856854226708 ], [ -98.035961702785428, 22.135722175627752 ], [ -98.035392729399035, 22.136732904662974 ], [ -98.035196070852763, 22.137171086065798 ], [ -98.035018447968753, 22.137766806404699 ], [ -98.034852146579354, 22.13833725448227 ], [ -98.036811629641804, 22.138346709246406 ], [ -98.036972645153753, 22.137866580765404 ], [ -98.037433505421745, 22.137823626487407 ], [ -98.037673109655913, 22.137801227340102 ], [ -98.037616847081082, 22.137961673720824 ], [ -98.037394829204771, 22.138662131356082 ], [ -98.036850084571114, 22.140355831679695 ], [ -98.038852750714724, 22.141073255944619 ], [ -98.038534748851319, 22.141820457876108 ], [ -98.038237500574226, 22.142933664917102 ], [ -98.038198399666086, 22.143075540292887 ], [ -98.038160528430453, 22.144588047458495 ], [ -98.038411134519563, 22.145461717289422 ], [ -98.038810441417354, 22.14621186274827 ], [ -98.039307731000179, 22.146894842196414 ], [ -98.039352414396689, 22.14698778894315 ], [ -98.03639815383336, 22.147661616537942 ], [ -98.036532318444756, 22.148478584259614 ], [ -98.036688191685329, 22.149636802412548 ], [ -98.037402998173064, 22.150863451249471 ], [ -98.037503998860188, 22.151149559525258 ], [ -98.037649367058123, 22.151616517864937 ], [ -98.038571085070771, 22.151869633612513 ], [ -98.039578807990551, 22.152187713648843 ], [ -98.041539049348046, 22.15279260033709 ], [ -98.043071724169479, 22.153266093070481 ], [ -98.046110442909495, 22.153331780296234 ], [ -98.046234803253029, 22.153336075819343 ], [ -98.046340052340256, 22.153332815899528 ], [ -98.046392081576585, 22.152608525231997 ], [ -98.047417249392922, 22.153307836994742 ], [ -98.047511787987048, 22.153374405942717 ], [ -98.047643917676211, 22.153456289323682 ], [ -98.047820105576548, 22.153572404819148 ], [ -98.0497078524795, 22.154852441349433 ], [ -98.050500700585346, 22.155388084693602 ], [ -98.051956556924864, 22.15637631928865 ], [ -98.052338208253303, 22.156634194759921 ], [ -98.053161049530104, 22.157184724548006 ], [ -98.055730285256828, 22.158946792866978 ], [ -98.05676441878613, 22.159641845168316 ], [ -98.05707287727266, 22.159850379134344 ], [ -98.057809341943781, 22.160339067336761 ], [ -98.059356959206994, 22.161391267821941 ], [ -98.059424481479439, 22.161437174422307 ], [ -98.06171084352782, 22.162959645729035 ], [ -98.062187585786447, 22.163277096252951 ], [ -98.063983857806264, 22.164473161484221 ], [ -98.065179781255949, 22.165269455506536 ], [ -98.066387220382694, 22.166073398266647 ], [ -98.067565943279959, 22.166858202769255 ], [ -98.06877599047418, 22.167663844486107 ], [ -98.069935150374903, 22.168435587915337 ], [ -98.07088855598009, 22.169070331521176 ], [ -98.07215647724955, 22.169914450183679 ], [ -98.073178048647577, 22.170594546201475 ], [ -98.07437720842303, 22.171392851740134 ], [ -98.07527147192414, 22.171988169335823 ], [ -98.075685845220775, 22.172264017072514 ] ] ] } },
{ "type": "Feature", "properties": { "AREA": 433330.09531, "PERIMETER": 2864.48994, "NOMBRE": "EL JOBO", "CVE_ESTADO": "30", "CVE_MPIO": "123", "CVE_EJIDO": "022", "CVEIN_CON": "30123022", "CLAVEUNICA": "3014109622409939", "CVE_EDO": "30", "CINA_MUN": "123", "CINA_NA": "023", "CVEMUNIN": "123", "CVENAIN": "022", "NOM_NA": "EL JOBO", "X": "98° 17' 39,42\" W", "Y": "22° 11' 9,21\" N", "Acres": null, "Hectares": null, "distancia_km": 0.26851232709071376 }, "geometry": { "type": "Polygon", "coordinates": [ [ [ -98.299705431050626, 22.186337449039861 ], [ -98.297236378224753, 22.189167438098181 ], [ -98.294315141090379, 22.188127340478392 ], [ -98.291695796864303, 22.187193189931232 ], [ -98.28901612133852, 22.186236689209505 ], [ -98.287988700689723, 22.185867190219003 ], [ -98.290705006848242, 22.18419863217321 ], [ -98.290690113762054, 22.18418034163928 ], [ -98.293470195783527, 22.18247015346256 ], [ -98.294739190759771, 22.183274505731983 ], [ -98.297059236304534, 22.184693704805554 ], [ -98.297220019828927, 22.184793949595306 ], [ -98.299705431050626, 22.186337449039861 ] ] ] } },
{ "type": "Feature", "properties": { "AREA": 1892807.1423599999, "PERIMETER": 6822.49688, "NOMBRE": "CALENTADORES Y SUS ANEXOS EL BARCO Y PERIQUILLO", "CVE_ESTADO": "30", "CVE_MPIO": "123", "CVE_EJIDO": "006", "CVEIN_CON": "30123006", "CLAVEUNICA": "3014109622409495", "CVE_EDO": "30", "CINA_MUN": "123", "CINA_NA": "009", "CVEMUNIN": "123", "CVENAIN": "006", "NOM_NA": "CALENTADORES Y SUS ANEXOS", "X": "98° 6' 16,79\" W", "Y": "22° 10' 35,07\" N", "Acres": null, "Hectares": null, "distancia_km": 0.4242101759251613 }, "geometry": { "type": "Polygon", "coordinates": [ [ [ -98.115733070361514, 22.180405034164615 ], [ -98.107925581987573, 22.180206602025994 ], [ -98.102995290050757, 22.179824551776523 ], [ -98.102044118276055, 22.179636997279463 ], [ -98.101091893645602, 22.179449178546104 ], [ -98.100143747367071, 22.179254963001618 ], [ -98.099192931524641, 22.17906001359697 ], [ -98.098582107781326, 22.178935134251951 ], [ -98.097633138112997, 22.178740384806609 ], [ -98.093670215866467, 22.177928415612215 ], [ -98.090658706289275, 22.177315306285731 ], [ -98.090272288097069, 22.17722977887485 ], [ -98.090238517323002, 22.177221966025321 ], [ -98.090171797028006, 22.176286069793996 ], [ -98.089946156880629, 22.173073670387616 ], [ -98.089993516063686, 22.173073754151584 ], [ -98.090411669586871, 22.173080532869811 ], [ -98.090550992235123, 22.173085375456445 ], [ -98.090869800691735, 22.173082998673276 ], [ -98.090968615012528, 22.173082700683803 ], [ -98.091388035315475, 22.173085563399166 ], [ -98.091841183533347, 22.173087682518389 ], [ -98.091938966728222, 22.173092391820372 ], [ -98.092372138934451, 22.17309092024475 ], [ -98.092608451475371, 22.173089607300835 ], [ -98.092807490628104, 22.173089884226069 ], [ -98.092903300354422, 22.173089270231475 ], [ -98.093357461450495, 22.173089249817423 ], [ -98.093409273233064, 22.173081651729053 ], [ -98.093989011320332, 22.173076275540428 ], [ -98.095611530225412, 22.173093227461031 ], [ -98.114392473934487, 22.173307537170079 ], [ -98.116365608550069, 22.173298716157397 ], [ -98.117712474495292, 22.180465954888092 ], [ -98.115733070361514, 22.180405034164615 ] ] ] } },
{ "type": "Feature", "properties": { "AREA": 728046.0353, "PERIMETER": 4327.1814, "NOMBRE": "MARIA QUINTA DE LAS NIEVES", "CVE_ESTADO": "30", "CVE_MPIO": "133", "CVE_EJIDO": "006", "CVEIN_CON": "30133006", "CLAVEUNICA": "3014109622421470", "CVE_EDO": "30", "CINA_MUN": "133", "CINA_NA": "014", "CVEMUNIN": "133", "CVENAIN": "006", "NOM_NA": "MARIA QUINTA DE LAS NIEVES", "X": "98° 0' 18,39\" W", "Y": "22° 10' 23,11\" N", "Acres": null, "Hectares": null, "distancia_km": 1.8496930315547684 }, "geometry": { "type": "Polygon", "coordinates": [ [ [ -97.999368363399114, 22.175159961458739 ], [ -97.998684769351925, 22.174382053574202 ], [ -97.995875539166249, 22.171166230711172 ], [ -97.997674774462865, 22.171733704293342 ], [ -97.999626010379131, 22.172349089324385 ], [ -97.999627735441379, 22.171566537644555 ], [ -97.99962813449973, 22.170678016119915 ], [ -98.003598380319872, 22.170693687480895 ], [ -98.004894702067674, 22.170698782155675 ], [ -98.009843674135439, 22.170702092205335 ], [ -98.010080395500069, 22.170692599621574 ], [ -98.010208746872834, 22.170693921112022 ], [ -98.010995413514152, 22.170687585213514 ], [ -98.011460149955042, 22.171500520716126 ], [ -98.011874052357541, 22.172342415023934 ], [ -98.012280218748899, 22.173130332029718 ], [ -98.012787942239797, 22.174093750119575 ], [ -98.012924800417395, 22.174510748273544 ], [ -98.013169914084983, 22.175047823561499 ], [ -98.012302642232456, 22.175091982345482 ], [ -98.012202665888026, 22.175098964454637 ], [ -98.011935108059419, 22.175110711928525 ], [ -98.01177011862913, 22.175117969488525 ], [ -98.011171910559099, 22.175144281994104 ], [ -98.01015484448321, 22.175189012838121 ], [ -98.009183163011869, 22.175231741353024 ], [ -98.007919319446188, 22.175287308128151 ], [ -98.005021766756357, 22.175415790678926 ], [ -98.003683629737637, 22.175475107528243 ], [ -98.001340024667968, 22.17558840443662 ], [ -97.999671841933846, 22.175654595576315 ], [ -97.999656008311362, 22.175141311900298 ], [ -97.999368363399114, 22.175159961458739 ] ] ] } },
{ "type": "Feature", "properties": { "AREA": 1106224.2025899999, "PERIMETER": 4468.05607, "NOMBRE": "LAS ANIMAS", "CVE_ESTADO": "30", "CVE_MPIO": "123", "CVE_EJIDO": "054", "CVEIN_CON": "30123054", "CLAVEUNICA": "3014109622411016", "CVE_EDO": "30", "CINA_MUN": "123", "CINA_NA": "051", "CVEMUNIN": "123", "CVENAIN": "054", "NOM_NA": "LAS ANIMAS", "X": "98° 8' 17,83\" W", "Y": "22° 10' 11,29\" N", "Acres": null, "Hectares": null, "distancia_km": 0.51566346755036618 }, "geometry": { "type": "Polygon", "coordinates": [ [ [ -98.141856519294265, 22.176588652820666 ], [ -98.141788828885609, 22.176567789985544 ], [ -98.138770736853274, 22.175450306032463 ], [ -98.138678904815208, 22.175421726123915 ], [ -98.138367818959949, 22.175303186388334 ], [ -98.136537068607808, 22.174645514175854 ], [ -98.13498202009454, 22.174084770843958 ], [ -98.134890572693379, 22.174053842116979 ], [ -98.132982563120521, 22.173361573470594 ], [ -98.132946373273697, 22.17309317243631 ], [ -98.13283030408563, 22.172413406468156 ], [ -98.132532464755187, 22.170921723846277 ], [ -98.132337905945363, 22.1698674569373 ], [ -98.132186984290783, 22.169048657922271 ], [ -98.132084763833319, 22.168423799170377 ], [ -98.132034779776973, 22.168157853817565 ], [ -98.134665282902759, 22.166745788264333 ], [ -98.136367661434548, 22.165848108888277 ], [ -98.136454755044753, 22.165805028075749 ], [ -98.139733882160471, 22.164071733085947 ], [ -98.139838470325202, 22.164017360320845 ], [ -98.143145757456182, 22.162269598460043 ], [ -98.14322348844361, 22.162228054619202 ], [ -98.143197673670343, 22.16250474646808 ], [ -98.141856519294265, 22.176588652820666 ] ] ] } },
{ "type": "Feature", "properties": { "AREA": 2491733.9602199998, "PERIMETER": 6773.22363, "NOMBRE": "LA PALMA Y ANEXOS", "CVE_ESTADO": "30", "CVE_MPIO": "123", "CVE_EJIDO": "035", "CVEIN_CON": "30123035", "CLAVEUNICA": "3014109622410905", "CVE_EDO": "30", "CINA_MUN": "123", "CINA_NA": "048", "CVEMUNIN": "123", "CVENAIN": "035", "NOM_NA": "LA PALMA Y ANEXOS", "X": "98° 11' 20,37\" W", "Y": "22° 10' 11,87\" N", "Acres": null, "Hectares": null, "distancia_km": 1.9889667935084823 }, "geometry": { "type": "Polygon", "coordinates": [ [ [ -98.192627671169404, 22.177259329450113 ], [ -98.188181333574363, 22.177001838067678 ], [ -98.184958258919366, 22.176838826632888 ], [ -98.184894195272761, 22.176836711872895 ], [ -98.180988450728805, 22.176599818316706 ], [ -98.181086009926844, 22.175475260149852 ], [ -98.181216465396986, 22.173832061417254 ], [ -98.181311154506389, 22.172576726153242 ], [ -98.181454791129298, 22.170786505886174 ], [ -98.181559794436183, 22.169311010654869 ], [ -98.181680671486305, 22.1677619097219 ], [ -98.181766379202429, 22.166793406266496 ], [ -98.181896779912236, 22.1651387325408 ], [ -98.181994228925731, 22.163984343994422 ], [ -98.182034503717318, 22.163463387638195 ], [ -98.182137499948553, 22.162425527627367 ], [ -98.182136483364118, 22.162335196645166 ], [ -98.182135297449065, 22.162244867452987 ], [ -98.182186403163797, 22.16159297285374 ], [ -98.182272630849994, 22.161595026562487 ], [ -98.188112234061705, 22.1619732644564 ], [ -98.189810907026668, 22.162101105480037 ], [ -98.189869095500626, 22.162101365717895 ], [ -98.194317592885966, 22.162381386376435 ], [ -98.194217173836805, 22.163667561958434 ], [ -98.194065778513846, 22.165648125905467 ], [ -98.193895751076113, 22.16797061876532 ], [ -98.195687359359184, 22.167378095862784 ], [ -98.196770117474941, 22.166996392967008 ], [ -98.197734803029135, 22.16667238534027 ], [ -98.197338934192359, 22.171762223853918 ], [ -98.197330043874516, 22.17185217967727 ], [ -98.197320828674677, 22.171942107388833 ], [ -98.197321000986918, 22.172106892215083 ], [ -98.197233406547923, 22.173224552764999 ], [ -98.197164233536384, 22.17393833292352 ], [ -98.197105484386313, 22.174831051747336 ], [ -98.196899630048435, 22.177497820231245 ], [ -98.192685864415949, 22.177259797657939 ], [ -98.192627671169404, 22.177259329450113 ] ] ] } },
{ "type": "Feature", "properties": { "AREA": 5088625.5807699999, "PERIMETER": 12260.15516, "NOMBRE": "EL SENDERO", "CVE_ESTADO": "30", "CVE_MPIO": "133", "CVE_EJIDO": "013", "CVEIN_CON": "30133013", "CLAVEUNICA": "3014109622421286", "CVE_EDO": "30", "CINA_MUN": "133", "CINA_NA": "006", "CVEMUNIN": "133", "CVENAIN": "013", "NOM_NA": "EL SENDERO", "X": "97° 59' 26,62\" W", "Y": "22° 9' 43,78\" N", "Acres": null, "Hectares": null, "distancia_km": 3.7932692664657881 }, "geometry": { "type": "Polygon", "coordinates": [ [ [ -97.994509203659135, 22.170754376868707 ], [ -97.991831805209387, 22.170351661539751 ], [ -97.989910053138459, 22.170083125654159 ], [ -97.989840461736733, 22.170072885178374 ], [ -97.986132464277418, 22.169527200260177 ], [ -97.982789119468677, 22.169035098903731 ], [ -97.980482409137636, 22.168695533658912 ], [ -97.979984602230004, 22.168626837200026 ], [ -97.977474753098051, 22.168249868815156 ], [ -97.97744742321639, 22.168245770585582 ], [ -97.974490057066603, 22.16780227109447 ], [ -97.974472068607852, 22.167799573284327 ], [ -97.977897572814214, 22.166615226311315 ], [ -97.97836768626226, 22.164966244411382 ], [ -97.97853333172192, 22.16438318584337 ], [ -97.976446536849252, 22.164710564493774 ], [ -97.976885021486837, 22.163111093542213 ], [ -97.977446637212552, 22.161062414844643 ], [ -97.977516131204368, 22.160808907928644 ], [ -97.977586230181714, 22.16055319305115 ], [ -97.977656702066895, 22.160296116789315 ], [ -97.977730057707348, 22.160028519681841 ], [ -97.977799374662467, 22.159775654415704 ], [ -97.978102296701366, 22.158670595921073 ], [ -97.978402207329026, 22.157576503888542 ], [ -97.978628175858461, 22.156752144494344 ], [ -97.978703467599331, 22.156477469091026 ], [ -97.979002513374098, 22.155386494029678 ], [ -97.979300614551732, 22.154298946178336 ], [ -97.979599082816122, 22.15321004024052 ], [ -97.979614213468096, 22.153154802916347 ], [ -97.979609582397885, 22.153154214977921 ], [ -97.979384931435703, 22.153125750890982 ], [ -97.978390649379605, 22.152999773322499 ], [ -97.97758854828443, 22.152898909388608 ], [ -97.977964744581854, 22.151050947045185 ], [ -97.978200383931451, 22.149893406620905 ], [ -97.978259651255868, 22.149602262266665 ], [ -97.979051057818708, 22.149735310825463 ], [ -97.979716459634147, 22.149851217093783 ], [ -97.980747218195589, 22.150030650326389 ], [ -97.981256578852197, 22.150120733440843 ], [ -97.984013126451671, 22.150617869987247 ], [ -97.98457161183633, 22.150720895600507 ], [ -97.985147572209684, 22.150828002729263 ], [ -97.985782532287502, 22.15094306276675 ], [ -97.986281266645733, 22.15103252232176 ], [ -97.986870957849604, 22.15113871513336 ], [ -97.987471330712538, 22.151252469805051 ], [ -97.987524042986649, 22.151260836764617 ], [ -97.988401475555435, 22.152541433735564 ], [ -97.990832564128866, 22.152428761983934 ], [ -97.991060130553947, 22.152269556210534 ], [ -97.991490086763378, 22.152526956994716 ], [ -97.992075921368695, 22.152880712668491 ], [ -97.992725964686286, 22.153248142012966 ], [ -97.99398029248313, 22.153993550949611 ], [ -97.994077978915783, 22.155014746351455 ], [ -97.99426431904304, 22.156043082755897 ], [ -97.994368412644093, 22.156940921226465 ], [ -97.996409025537375, 22.157184928005861 ], [ -97.996399177194036, 22.157136448388943 ], [ -97.996334623768888, 22.156753125445316 ], [ -97.996492782506181, 22.156653195758228 ], [ -97.996590760660666, 22.156191830736702 ], [ -97.99659798690459, 22.156161522978994 ], [ -97.996744595444781, 22.15584815306611 ], [ -97.996437680364949, 22.152742298432276 ], [ -97.997960118351472, 22.152674062158809 ], [ -97.997651918921051, 22.154171893811977 ], [ -97.997658657350883, 22.155850612080012 ], [ -97.99773444303105, 22.155941050520276 ], [ -97.997893535645318, 22.15622387029288 ], [ -97.998009012865225, 22.156444543130071 ], [ -97.998195011221071, 22.156713164835718 ], [ -97.998360306573034, 22.156978949167264 ], [ -97.998394257417942, 22.157189997253202 ], [ -97.998433651173968, 22.157286986912595 ], [ -97.998592710678096, 22.157654358436808 ], [ -97.999011106870057, 22.158095679516833 ], [ -97.999024654285847, 22.158154660449544 ], [ -97.999095119743743, 22.158630069163934 ], [ -97.999138966996853, 22.158870807384506 ], [ -97.999165739527143, 22.159090573660393 ], [ -97.999557593779627, 22.15910607674866 ], [ -97.999886129794106, 22.159980628241208 ], [ -98.000136342523035, 22.160218115147774 ], [ -98.000339558762633, 22.160167599781502 ], [ -98.000590356622325, 22.160400663225666 ], [ -98.000943911513787, 22.160561275768938 ], [ -98.001196199065006, 22.160725061277397 ], [ -98.001870460935365, 22.160982396510402 ], [ -98.003052887568714, 22.161996403511868 ], [ -98.003293539910274, 22.16213716990066 ], [ -98.004578565937948, 22.163322976544187 ], [ -98.005698949106687, 22.164454924048265 ], [ -98.006507824920575, 22.165360305348546 ], [ -98.006638858862132, 22.165361465177579 ], [ -98.007538886613702, 22.166256285895884 ], [ -98.008335995400017, 22.16713340274211 ], [ -98.009085812359316, 22.168009505737899 ], [ -98.009666027104672, 22.168814295230927 ], [ -98.010386572006354, 22.169819211825018 ], [ -98.010995413514152, 22.170687585213514 ], [ -98.010208746872834, 22.170693921112022 ], [ -98.010080395500069, 22.170692599621574 ], [ -98.009843674135439, 22.170702092205335 ], [ -98.004894702067674, 22.170698782155675 ], [ -98.003598380319872, 22.170693687480895 ], [ -97.99962813449973, 22.170678016119915 ], [ -97.999627735441379, 22.171566537644555 ], [ -97.999626010379131, 22.172349089324385 ], [ -97.997674774462865, 22.171733704293342 ], [ -97.995875539166249, 22.171166230711172 ], [ -97.994559286610865, 22.170766700193219 ], [ -97.994509203659135, 22.170754376868707 ] ] ] } },
{ "type": "Feature", "properties": { "AREA": 2827907.3555800002, "PERIMETER": 12036.25716, "NOMBRE": "LA PALMA Y ANEXOS", "CVE_ESTADO": "30", "CVE_MPIO": "123", "CVE_EJIDO": "035", "CVEIN_CON": "30123035", "CLAVEUNICA": "3014109622410905", "CVE_EDO": "30", "CINA_MUN": "123", "CINA_NA": "048", "CVEMUNIN": "123", "CVENAIN": "035", "NOM_NA": "LA PALMA Y ANEXOS", "X": "98° 10' 7,85\" W", "Y": "22° 10' 2,32\" N", "Acres": null, "Hectares": null, "distancia_km": 1.4875923565229263 }, "geometry": { "type": "Polygon", "coordinates": [ [ [ -98.155001839003461, 22.174026603115781 ], [ -98.155164469572142, 22.172158118400901 ], [ -98.155214863686041, 22.171317962335184 ], [ -98.155304484892824, 22.1706178873611 ], [ -98.157092965446253, 22.170608470774276 ], [ -98.161997542690216, 22.170735694647679 ], [ -98.162495152009697, 22.170743136854664 ], [ -98.168540750186708, 22.170853973327841 ], [ -98.169018451393811, 22.164771039295253 ], [ -98.168319705409203, 22.16472154894705 ], [ -98.168368708515203, 22.164454871133103 ], [ -98.167027436076481, 22.164374748760654 ], [ -98.165856056424772, 22.164298297601707 ], [ -98.164555584801619, 22.164159131548999 ], [ -98.163326476619972, 22.164079721784791 ], [ -98.163269831526037, 22.164070476334068 ], [ -98.159565361205324, 22.163765596525852 ], [ -98.15605298821832, 22.163506767858415 ], [ -98.156296803143761, 22.159838565812731 ], [ -98.156336355522143, 22.159733010383086 ], [ -98.168276026332506, 22.160560838571957 ], [ -98.169344926790984, 22.160608726114987 ], [ -98.169601023696046, 22.157709356887857 ], [ -98.169758448763972, 22.157735911823647 ], [ -98.170925181821332, 22.157853463777677 ], [ -98.17084254668417, 22.158713586398225 ], [ -98.174597177333581, 22.159006317586904 ], [ -98.174702795686912, 22.159039326468665 ], [ -98.178634770395405, 22.159340315640257 ], [ -98.17849249308145, 22.161232921135596 ], [ -98.178486778754277, 22.161310920637707 ], [ -98.178188063722587, 22.164788417956139 ], [ -98.178018808069822, 22.166667026435871 ], [ -98.177837375906208, 22.168775082355381 ], [ -98.1778005187102, 22.169008918106925 ], [ -98.172973024137491, 22.168783138250966 ], [ -98.17298997666407, 22.170029725476358 ], [ -98.172996950430374, 22.170071101824462 ], [ -98.177727744912971, 22.170360358719982 ], [ -98.177561980113325, 22.172135697198726 ], [ -98.177122205575969, 22.173713660276061 ], [ -98.175707694540833, 22.176399184289302 ], [ -98.172210399527145, 22.176200417629442 ], [ -98.168353010901484, 22.17603302056148 ], [ -98.168400602128102, 22.174986676938158 ], [ -98.168208498142008, 22.174975900878934 ], [ -98.159726438934669, 22.17434882167727 ], [ -98.155001839003461, 22.174026603115781 ] ] ] } },
{ "type": "Feature", "properties": { "AREA": 4688594.88466, "PERIMETER": 11817.01199, "NOMBRE": "CALENTADORES Y SUS ANEXOS EL BARCO Y PERIQUILLO", "CVE_ESTADO": "30", "CVE_MPIO": "123", "CVE_EJIDO": "006", "CVEIN_CON": "30123006", "CLAVEUNICA": "3014109622409495", "CVE_EDO": "30", "CINA_MUN": "123", "CINA_NA": "009", "CVEMUNIN": "123", "CVENAIN": "006", "NOM_NA": "CALENTADORES Y SUS ANEXOS", "X": "98° 4' 2,15\" W", "Y": "22° 9' 20,64\" N", "Acres": null, "Hectares": null, "distancia_km": 1.8339374119122949 }, "geometry": { "type": "Polygon", "coordinates": [ [ [ -98.075685845220775, 22.172264017072514 ], [ -98.07527147192414, 22.171988169335823 ], [ -98.07437720842303, 22.171392851740134 ], [ -98.073178048647577, 22.170594546201475 ], [ -98.07215647724955, 22.169914450183679 ], [ -98.07088855598009, 22.169070331521176 ], [ -98.069935150374903, 22.168435587915337 ], [ -98.06877599047418, 22.167663844486107 ], [ -98.067565943279959, 22.166858202769255 ], [ -98.066387220382694, 22.166073398266647 ], [ -98.065179781255949, 22.165269455506536 ], [ -98.063983857806264, 22.164473161484221 ], [ -98.062187585786447, 22.163277096252951 ], [ -98.06171084352782, 22.162959645729035 ], [ -98.059424481479439, 22.161437174422307 ], [ -98.059356959206994, 22.161391267821941 ], [ -98.057809341943781, 22.160339067336761 ], [ -98.05707287727266, 22.159850379134344 ], [ -98.05676441878613, 22.159641845168316 ], [ -98.055730285256828, 22.158946792866978 ], [ -98.053161049530104, 22.157184724548006 ], [ -98.052338208253303, 22.156634194759921 ], [ -98.051956556924864, 22.15637631928865 ], [ -98.050500700585346, 22.155388084693602 ], [ -98.0497078524795, 22.154852441349433 ], [ -98.047820105576548, 22.153572404819148 ], [ -98.047643917676211, 22.153456289323682 ], [ -98.047511787987048, 22.153374405942717 ], [ -98.047417249392922, 22.153307836994742 ], [ -98.047638078321398, 22.153349867705881 ], [ -98.047770711303372, 22.153356956549203 ], [ -98.049422178107022, 22.153370203624661 ], [ -98.052104373135592, 22.152774968513196 ], [ -98.05221628001145, 22.152738987974903 ], [ -98.054234106946339, 22.152289847563729 ], [ -98.054301824029878, 22.152262254391484 ], [ -98.055134214856494, 22.152002992859074 ], [ -98.055952141846149, 22.15174841296076 ], [ -98.057215454734106, 22.151354225316137 ], [ -98.058046518553965, 22.151094651831425 ], [ -98.058458078698948, 22.150965536118687 ], [ -98.059705255256333, 22.150575174208505 ], [ -98.060491868721442, 22.150332974198999 ], [ -98.06049171274752, 22.150331636338667 ], [ -98.061266814156099, 22.149910863675821 ], [ -98.06201032090847, 22.149492498118832 ], [ -98.062757457821618, 22.149065640293092 ], [ -98.063141575527993, 22.148858747670083 ], [ -98.063814470152195, 22.14848379866789 ], [ -98.063899708267371, 22.148441261107028 ], [ -98.064265906057884, 22.148232338744407 ], [ -98.065024783313731, 22.147805374814968 ], [ -98.065777368889911, 22.147389220448996 ], [ -98.066523203493077, 22.14697268055604 ], [ -98.067268245701484, 22.146550649212728 ], [ -98.067408494673401, 22.146468098520756 ], [ -98.067638369770492, 22.146343349362468 ], [ -98.068407460194152, 22.14587151909296 ], [ -98.069115348448051, 22.146710254743592 ], [ -98.06953905287763, 22.147212271003099 ], [ -98.069594221418654, 22.147103603455715 ], [ -98.070673437059881, 22.144977793053354 ], [ -98.070703975184145, 22.144917638790073 ], [ -98.070710807490812, 22.144904180419179 ], [ -98.070731095746368, 22.144854966113954 ], [ -98.070796072065178, 22.144697349208009 ], [ -98.071325828898594, 22.143662826493248 ], [ -98.071455372660779, 22.143409155450339 ], [ -98.071941005564511, 22.142458185614935 ], [ -98.07390831297775, 22.138559259997873 ], [ -98.074589341506481, 22.137223569987569 ], [ -98.074829611819354, 22.13672328546285 ], [ -98.074938203633565, 22.136497177069177 ], [ -98.075968251871018, 22.134476391567681 ], [ -98.076028968731421, 22.138080407341537 ], [ -98.076045902571167, 22.141710822633001 ], [ -98.076048667325423, 22.143235405756293 ], [ -98.076047382122013, 22.144592953183569 ], [ -98.076043422312125, 22.144688587140614 ], [ -98.075991861478641, 22.148581650757109 ], [ -98.075916923412137, 22.152608276601661 ], [ -98.075823761296604, 22.158368108950761 ], [ -98.075766475458209, 22.161950397590147 ], [ -98.075756581771884, 22.163043147115065 ], [ -98.07573548329016, 22.164176402598699 ], [ -98.075712176931304, 22.165957593996673 ], [ -98.075672050984409, 22.170208015333234 ], [ -98.075700717364597, 22.171545321382055 ], [ -98.075685845220775, 22.172264017072514 ] ] ] } },
{ "type": "Feature", "properties": { "AREA": 1251156.30602, "PERIMETER": 8316.10974, "NOMBRE": "EL JOBO", "CVE_ESTADO": "30", "CVE_MPIO": "123", "CVE_EJIDO": "022", "CVEIN_CON": "30123022", "CLAVEUNICA": "3014109622409939", "CVE_EDO": "30", "CINA_MUN": "123", "CINA_NA": "023", "CVEMUNIN": "123", "CVENAIN": "022", "NOM_NA": "EL JOBO", "X": "98° 16' 13,12\" W", "Y": "22° 9' 52,34\" N", "Acres": null, "Hectares": null, "distancia_km": 1.6172436954018743 }, "geometry": { "type": "Polygon", "coordinates": [ [ [ -98.274986625180631, 22.175848042110839 ], [ -98.274149125183129, 22.174487702636036 ], [ -98.27289464555534, 22.172558197731686 ], [ -98.271906934381718, 22.170959957628945 ], [ -98.271585532858452, 22.170484541423722 ], [ -98.270102198604178, 22.168170954071339 ], [ -98.268556194120379, 22.165708552038087 ], [ -98.266756040074483, 22.162857515276912 ], [ -98.265793882987623, 22.161362367825859 ], [ -98.265714017937341, 22.161225146401101 ], [ -98.26468415784997, 22.159569744604006 ], [ -98.263402810688348, 22.157553236935588 ], [ -98.262365545186071, 22.155888686152334 ], [ -98.261874659409315, 22.155141161129812 ], [ -98.260710047065189, 22.153243269528716 ], [ -98.259501207607315, 22.151354821313472 ], [ -98.258733099889454, 22.146213662711418 ], [ -98.259774413831693, 22.146161395531436 ], [ -98.260667222532746, 22.15085651771312 ], [ -98.263606268261952, 22.154205578440742 ], [ -98.264190041314109, 22.154860720080258 ], [ -98.265188573723606, 22.155967762672407 ], [ -98.265548675493108, 22.156358029981906 ], [ -98.265983382533548, 22.156841941279882 ], [ -98.266067907262141, 22.156944705809632 ], [ -98.267178244053866, 22.1581749905348 ], [ -98.267468941296372, 22.158506005732985 ], [ -98.267331733100363, 22.159241316938115 ], [ -98.267121273878203, 22.160381035227584 ], [ -98.26774631979562, 22.160631954561659 ], [ -98.268243998819443, 22.160332806732796 ], [ -98.268847065231228, 22.159966446479519 ], [ -98.269816062933245, 22.161066758947612 ], [ -98.272138481340505, 22.163606976331412 ], [ -98.273989009210112, 22.165629074824437 ], [ -98.274113287948438, 22.165775198078894 ], [ -98.275954144557716, 22.167813402001748 ], [ -98.277626150029292, 22.169669019554217 ], [ -98.279228808272634, 22.171399260086478 ], [ -98.280294456662688, 22.172573316716875 ], [ -98.278788167354975, 22.173491201653597 ], [ -98.274986625180631, 22.175848042110839 ] ] ] } },
{ "type": "Feature", "properties": { "AREA": 823814.91452999995, "PERIMETER": 3900.19737, "NOMBRE": "LAS ANIMAS", "CVE_ESTADO": "30", "CVE_MPIO": "123", "CVE_EJIDO": "054", "CVEIN_CON": "30123054", "CLAVEUNICA": "3014109622411016", "CVE_EDO": "30", "CINA_MUN": "123", "CINA_NA": "051", "CVEMUNIN": "123", "CVENAIN": "054", "NOM_NA": "LAS ANIMAS", "X": "98° 9' 4,15\" W", "Y": "22° 9' 3,97\" N", "Acres": null, "Hectares": null, "distancia_km": 0.66241036322435298 }, "geometry": { "type": "Polygon", "coordinates": [ [ [ -98.155794360282457, 22.147641706721899 ], [ -98.155643321814665, 22.150358294784482 ], [ -98.155589601978321, 22.151389845232888 ], [ -98.155530345299766, 22.1525170336872 ], [ -98.155503258164572, 22.152842377358215 ], [ -98.155488545565206, 22.153060374494913 ], [ -98.155469609295807, 22.153404369754735 ], [ -98.155465162553767, 22.153712395617308 ], [ -98.155413433073832, 22.154364360210259 ], [ -98.155389463386783, 22.154828567719175 ], [ -98.155367248023012, 22.155330274103573 ], [ -98.155384475826537, 22.155410763171886 ], [ -98.152796054768473, 22.156761513987803 ], [ -98.152312219790417, 22.156937505304924 ], [ -98.152067819682117, 22.156934789330485 ], [ -98.151815898229188, 22.156871508198797 ], [ -98.151537111145686, 22.156766622312212 ], [ -98.151302288530005, 22.156644981468727 ], [ -98.151130178920397, 22.156477052917744 ], [ -98.151017161968454, 22.156350625428331 ], [ -98.149232209209771, 22.153892654409407 ], [ -98.1486248410245, 22.153143303059085 ], [ -98.147955380382598, 22.152290099266988 ], [ -98.147570576211692, 22.151812555717068 ], [ -98.146804642472617, 22.15083634649557 ], [ -98.146235583457837, 22.150106609456497 ], [ -98.145664110461212, 22.14937450913909 ], [ -98.145064750696051, 22.148623651369984 ], [ -98.143696078047398, 22.146870072918098 ], [ -98.149571192588127, 22.147250599082007 ], [ -98.149706742386414, 22.147261604053625 ], [ -98.150492409532106, 22.147318724985869 ], [ -98.151480311596416, 22.147377797564349 ], [ -98.152751605285772, 22.147451796430204 ], [ -98.154372520234972, 22.147544424986339 ], [ -98.155520755083501, 22.147617086906418 ], [ -98.155794360282457, 22.147641706721899 ] ] ] } },
{ "type": "Feature", "properties": { "AREA": 815931.81408000004, "PERIMETER": 4728.46032, "NOMBRE": "LAS ANIMAS", "CVE_ESTADO": "30", "CVE_MPIO": "123", "CVE_EJIDO": "054", "CVEIN_CON": "30123054", "CLAVEUNICA": "3014109622411016", "CVE_EDO": "30", "CINA_MUN": "123", "CINA_NA": "051", "CVEMUNIN": "123", "CVENAIN": "054", "NOM_NA": "LAS ANIMAS", "X": "98° 12' 5,30\" W", "Y": "22° 9' 10,36\" N", "Acres": null, "Hectares": null, "distancia_km": 0.26202886668587355 }, "geometry": { "type": "Polygon", "coordinates": [ [ [ -98.208140490855556, 22.157629183935832 ], [ -98.207411505351871, 22.157371612877711 ], [ -98.206509371903607, 22.157055651082199 ], [ -98.206222708625859, 22.156955336230244 ], [ -98.206254216828398, 22.156874185661341 ], [ -98.206380793067225, 22.156578855383973 ], [ -98.206249508016271, 22.156529343750449 ], [ -98.206063763678173, 22.156463486762796 ], [ -98.2059370399774, 22.156760803541044 ], [ -98.205907320698174, 22.156844582523863 ], [ -98.205606856110379, 22.156735978675474 ], [ -98.204692819747692, 22.156353099159439 ], [ -98.203689507665217, 22.155991188751422 ], [ -98.202253997805968, 22.155530587806496 ], [ -98.200916306560515, 22.155055186685999 ], [ -98.199597088272114, 22.154579955734246 ], [ -98.198029039537317, 22.154018121943658 ], [ -98.196234506108297, 22.15337719606525 ], [ -98.194014239296209, 22.15260207403897 ], [ -98.190753440438414, 22.151432047138073 ], [ -98.190851183770306, 22.149964049843064 ], [ -98.192943532811398, 22.150109555216574 ], [ -98.194270821971841, 22.150150176027218 ], [ -98.19498477380931, 22.150190389409861 ], [ -98.19661440828024, 22.150297677549833 ], [ -98.196919432705982, 22.150341443724461 ], [ -98.198532242897258, 22.150404992222491 ], [ -98.198864426905743, 22.150442093271916 ], [ -98.200215524796022, 22.150516711257467 ], [ -98.201683928356076, 22.150597529673529 ], [ -98.203066777631875, 22.150668792810407 ], [ -98.203894701230354, 22.150716468788822 ], [ -98.204924648153565, 22.150767112902741 ], [ -98.205846521823844, 22.150813339831721 ], [ -98.206874956698144, 22.150862428539877 ], [ -98.207876207942192, 22.150913637181695 ], [ -98.208639964312439, 22.150956460661849 ], [ -98.208304825279697, 22.155626923230059 ], [ -98.208140490855556, 22.157629183935832 ] ] ] } },
{ "type": "Feature", "properties": { "AREA": 2035671.6231199999, "PERIMETER": 9999.17977, "NOMBRE": "LA PALMA Y ANEXOS", "CVE_ESTADO": "30", "CVE_MPIO": "123", "CVE_EJIDO": "035", "CVEIN_CON": "30123035", "CLAVEUNICA": "3014109622410905", "CVE_EDO": "30", "CINA_MUN": "123", "CINA_NA": "048", "CVEMUNIN": "123", "CVENAIN": "035", "NOM_NA": "LA PALMA Y ANEXOS", "X": "98° 10' 59,20\" W", "Y": "22° 8' 53,46\" N", "Acres": null, "Hectares": null, "distancia_km": 0.25118715359705301 }, "geometry": { "type": "Polygon", "coordinates": [ [ [ -98.182780781267496, 22.153954247151276 ], [ -98.181789826081086, 22.153874160024721 ], [ -98.180813735087042, 22.153795267866741 ], [ -98.17893339517488, 22.153628411565929 ], [ -98.179052704032728, 22.153516992730815 ], [ -98.178701063712751, 22.153140557183512 ], [ -98.178662649783902, 22.153094002235679 ], [ -98.178604030895613, 22.153022038160067 ], [ -98.178387125846044, 22.152800411165188 ], [ -98.17780979908008, 22.153408125761182 ], [ -98.177870161569402, 22.153534786507517 ], [ -98.177749603236762, 22.153520030463561 ], [ -98.176860918412757, 22.153462244416268 ], [ -98.176996952979252, 22.152126030099261 ], [ -98.177010516815344, 22.15174076905739 ], [ -98.17181904744686, 22.152906790305867 ], [ -98.171699490730134, 22.15329805546699 ], [ -98.171222366341922, 22.154748429886517 ], [ -98.169846429568707, 22.15464069510211 ], [ -98.16990504173468, 22.153675456071902 ], [ -98.169958123083035, 22.153281347908209 ], [ -98.170003503985171, 22.152610202065812 ], [ -98.170274352189054, 22.148604444425974 ], [ -98.174163771495472, 22.148854521082331 ], [ -98.174351450139184, 22.146252509936716 ], [ -98.174454412166298, 22.14477150911241 ], [ -98.174639112747172, 22.142476852469091 ], [ -98.174907083819733, 22.138953357735133 ], [ -98.176627305173369, 22.138845964279703 ], [ -98.17618189240288, 22.142895594578253 ], [ -98.175971728075353, 22.144767968223722 ], [ -98.177144234885318, 22.144761573337384 ], [ -98.177269755729355, 22.144771782773752 ], [ -98.179587567721171, 22.144770211691903 ], [ -98.180580590018835, 22.144730201800073 ], [ -98.181612512492592, 22.144743264668779 ], [ -98.186082992875981, 22.144752378265657 ], [ -98.186543604849717, 22.144751558720365 ], [ -98.188262840813536, 22.144754142734058 ], [ -98.188567511693336, 22.144747973002591 ], [ -98.188664342611787, 22.144752834318044 ], [ -98.18876112912055, 22.14475838898818 ], [ -98.190327041291056, 22.144743465387183 ], [ -98.192457697926969, 22.144737890876758 ], [ -98.194603132975473, 22.14473240867742 ], [ -98.196746149430453, 22.144722290829691 ], [ -98.196862440911332, 22.147262575845684 ], [ -98.196870181348501, 22.147485146394278 ], [ -98.199205555637917, 22.146935199120211 ], [ -98.198864426905743, 22.150442093271916 ], [ -98.198532242897258, 22.150404992222491 ], [ -98.196919432705982, 22.150341443724461 ], [ -98.19661440828024, 22.150297677549833 ], [ -98.19498477380931, 22.150190389409861 ], [ -98.194270821971841, 22.150150176027218 ], [ -98.192943532811398, 22.150109555216574 ], [ -98.190851183770306, 22.149964049843064 ], [ -98.190787079523702, 22.149970408803181 ], [ -98.190548341108098, 22.149950110751956 ], [ -98.189935398243506, 22.149908408322766 ], [ -98.189765340228377, 22.149918490095562 ], [ -98.188667467261737, 22.149843004308739 ], [ -98.188101388775408, 22.149794796084329 ], [ -98.187739456373691, 22.149778075081514 ], [ -98.187367715857135, 22.149756685313637 ], [ -98.186208380277392, 22.149669211093137 ], [ -98.185238500891927, 22.149603925093626 ], [ -98.183119011577332, 22.149464980263254 ], [ -98.18306664982812, 22.150301820104172 ], [ -98.183035817522025, 22.150691528228485 ], [ -98.182780781267496, 22.153954247151276 ] ] ] } },
{ "type": "Feature", "properties": { "AREA": 475446.93086000002, "PERIMETER": 2817.05384, "NOMBRE": "LAS ANIMAS", "CVE_ESTADO": "30", "CVE_MPIO": "123", "CVE_EJIDO": "054", "CVEIN_CON": "30123054", "CLAVEUNICA": "3014109622411016", "CVE_EDO": "30", "CINA_MUN": "123", "CINA_NA": "051", "CVEMUNIN": "123", "CVENAIN": "054", "NOM_NA": "LAS ANIMAS", "X": "98° 9' 56,82\" W", "Y": "22° 9' 3,08\" N", "Acres": null, "Hectares": null, "distancia_km": 0.32676078026661182 }, "geometry": { "type": "Polygon", "coordinates": [ [ [ -98.167625766260372, 22.153741576867052 ], [ -98.166818675795369, 22.153706650895678 ], [ -98.166052336684615, 22.153658378749686 ], [ -98.165114763597444, 22.153594049940612 ], [ -98.164154047896361, 22.153515775603694 ], [ -98.163185509467269, 22.153430589862502 ], [ -98.162330514282488, 22.15339431191974 ], [ -98.161559063588342, 22.153330472586354 ], [ -98.161589355555193, 22.152925087356202 ], [ -98.161617233015107, 22.152717726539716 ], [ -98.161627983836112, 22.15251045832311 ], [ -98.1616792759459, 22.15188477667494 ], [ -98.161709727788008, 22.151550505475488 ], [ -98.162024055607588, 22.148051288509478 ], [ -98.162986836682222, 22.148103387278162 ], [ -98.163833648924822, 22.148160306272882 ], [ -98.164650457766143, 22.148217338215449 ], [ -98.165515364750192, 22.14827461213644 ], [ -98.166360281326845, 22.148342619831087 ], [ -98.167224885109889, 22.148392385171931 ], [ -98.168281649368993, 22.148467426557755 ], [ -98.1692746654454, 22.148537348604489 ], [ -98.170274352189054, 22.148604444425974 ], [ -98.170003503985171, 22.152610202065812 ], [ -98.168944038856964, 22.152845831422258 ], [ -98.167939776645255, 22.153072155015288 ], [ -98.167609817772174, 22.153147257945914 ], [ -98.167625766260372, 22.153741576867052 ] ] ] } },
{ "type": "Feature", "properties": { "AREA": 1044403.48628, "PERIMETER": 4981.0377, "NOMBRE": "LA PALMA Y ANEXOS", "CVE_ESTADO": "30", "CVE_MPIO": "123", "CVE_EJIDO": "035", "CVEIN_CON": "30123035", "CLAVEUNICA": "3014109622410905", "CVE_EDO": "30", "CINA_MUN": "123", "CINA_NA": "048", "CVEMUNIN": "123", "CVENAIN": "035", "NOM_NA": "LA PALMA Y ANEXOS", "X": "98° 9' 27,31\" W", "Y": "22° 8' 21,71\" N", "Acres": null, "Hectares": null, "distancia_km": 1.586573773308521 }, "geometry": { "type": "Polygon", "coordinates": [ [ [ -98.155794360282457, 22.147641706721899 ], [ -98.155520755083501, 22.147617086906418 ], [ -98.154372520234972, 22.147544424986339 ], [ -98.154557260139654, 22.144181877712835 ], [ -98.154755431158137, 22.141051745547319 ], [ -98.155539251404861, 22.129597087608516 ], [ -98.15641321449371, 22.13007606897952 ], [ -98.157729845038531, 22.130675370529882 ], [ -98.158884906141353, 22.13126435655294 ], [ -98.158794956494475, 22.132261448569803 ], [ -98.158851535638775, 22.132258547567091 ], [ -98.159849479449875, 22.132330487899193 ], [ -98.161029437626965, 22.132391290134688 ], [ -98.160303126293968, 22.141325214442322 ], [ -98.15979594873383, 22.147894990435063 ], [ -98.158793219801254, 22.147841458304693 ], [ -98.157817383742966, 22.147773861067197 ], [ -98.157743350974329, 22.147760881560931 ], [ -98.156577727776622, 22.147676944928534 ], [ -98.155794360282457, 22.147641706721899 ] ] ] } },
{ "type": "Feature", "properties": { "AREA": 8651676.5575099997, "PERIMETER": 14310.90637, "NOMBRE": null, "CVE_ESTADO": "24", "CVE_MPIO": "016", "CVE_EJIDO": "044", "CVEIN_CON": "24016044", "CLAVEUNICA": "2414109622174587", "CVE_EDO": "24", "CINA_MUN": "016", "CINA_NA": "008", "CVEMUNIN": "016", "CVENAIN": "044", "NOM_NA": "20 DE NOVIEMBRE", "X": "98° 23' 13,06\" W", "Y": "22° 14' 22,58\" N", "Acres": null, "Hectares": null, "distancia_km": 2.57951077459292 }, "geometry": { "type": "Polygon", "coordinates": [ [ [ -98.372489007100924, 22.2545419689895 ], [ -98.367926415948304, 22.254492305930498 ], [ -98.366887533482895, 22.250735700465377 ], [ -98.373791889890725, 22.236723365109558 ], [ -98.37764947208278, 22.228666418366299 ], [ -98.377950133956148, 22.228054546683381 ], [ -98.381450319737695, 22.227686213922293 ], [ -98.380318743150227, 22.230159454495922 ], [ -98.381732609621864, 22.229848646273343 ], [ -98.386120951720002, 22.228993495848279 ], [ -98.386550069185645, 22.228918324120297 ], [ -98.38740152217828, 22.22974587963807 ], [ -98.388079193279466, 22.231512301942992 ], [ -98.38891474790411, 22.231267011443748 ], [ -98.389078450124543, 22.231692220384307 ], [ -98.38966974378971, 22.231563452024762 ], [ -98.389859583820908, 22.231981981021526 ], [ -98.390430942918911, 22.231819252903428 ], [ -98.391222687367417, 22.231607665830776 ], [ -98.390841970707498, 22.230585404737845 ], [ -98.390687525326825, 22.229972780863836 ], [ -98.390981103581495, 22.229262460005501 ], [ -98.39057378156626, 22.229080254677072 ], [ -98.390214532409658, 22.22870625613686 ], [ -98.389035364042627, 22.22582453209597 ], [ -98.389766266129186, 22.22565110970093 ], [ -98.389495852533571, 22.224931902028196 ], [ -98.394009096945055, 22.224123887892663 ], [ -98.406593894175742, 22.223145432506911 ], [ -98.399826064241608, 22.246760119485813 ], [ -98.389035230602602, 22.251316952491411 ], [ -98.382151268415598, 22.252666099666612 ], [ -98.3823492692418, 22.25333304027729 ], [ -98.382546468838029, 22.253997275773308 ], [ -98.382548075681015, 22.254002688142769 ], [ -98.382741171565499, 22.254653094821755 ], [ -98.375359639899528, 22.254573149707213 ], [ -98.37543239805656, 22.253966894291516 ], [ -98.372489007100924, 22.2545419689895 ] ] ] } },
{ "type": "Feature", "properties": { "AREA": 3397614.8851700001, "PERIMETER": 13130.55384, "NOMBRE": null, "CVE_ESTADO": "24", "CVE_MPIO": "016", "CVE_EJIDO": "095", "CVEIN_CON": "24016095", "CLAVEUNICA": "2414109622172694", "CVE_EDO": "24", "CINA_MUN": "016", "CINA_NA": "031", "CVEMUNIN": "016", "CVENAIN": "095", "NOM_NA": "FULGENCIO M. SANTOS", "X": "98° 21' 33,58\" W", "Y": "22° 13' 46,34\" N", "Acres": null, "Hectares": null, "distancia_km": 1.9101841872952272 }, "geometry": { "type": "Polygon", "coordinates": [ [ [ -98.37764947208278, 22.228666418366299 ], [ -98.373791889890725, 22.236723365109558 ], [ -98.360425667905517, 22.238451261362275 ], [ -98.34837725905561, 22.238257435897101 ], [ -98.348274983807585, 22.231120898588745 ], [ -98.351990819736983, 22.230685725406669 ], [ -98.352100099327885, 22.219637072976912 ], [ -98.350442775016631, 22.218827274679786 ], [ -98.356974958102938, 22.211529853241071 ], [ -98.356156474356084, 22.213140619907254 ], [ -98.357237836506599, 22.213637236895899 ], [ -98.355758337945602, 22.216404797042852 ], [ -98.357915004773275, 22.216587224574731 ], [ -98.358462484257871, 22.219559270696411 ], [ -98.360032651629652, 22.218980511056301 ], [ -98.361005655748329, 22.224262393942581 ], [ -98.362140273984679, 22.229095456590461 ], [ -98.360673020694293, 22.229552685660082 ], [ -98.360034291115056, 22.229717298581207 ], [ -98.360188067201264, 22.236177132247011 ], [ -98.362068460198273, 22.235852517370095 ], [ -98.363126357596499, 22.23566018114181 ], [ -98.364522227655712, 22.235595626785109 ], [ -98.365732909477344, 22.235819425611766 ], [ -98.365703590368796, 22.234787190430371 ], [ -98.367425377463903, 22.231677208039155 ], [ -98.368629791638952, 22.231693178993424 ], [ -98.368837352354973, 22.231106782140365 ], [ -98.368386697105336, 22.230983074360648 ], [ -98.3685611455127, 22.230489147023746 ], [ -98.368067705318722, 22.230299774793782 ], [ -98.368285051337367, 22.22984666929171 ], [ -98.369163621593444, 22.22975295800039 ], [ -98.373159408838134, 22.229230890090712 ], [ -98.37764947208278, 22.228666418366299 ] ] ] } },
{ "type": "Feature", "properties": { "AREA": 163652.28649, "PERIMETER": 2529.62812, "NOMBRE": null, "CVE_ESTADO": "24", "CVE_MPIO": "016", "CVE_EJIDO": "044", "CVEIN_CON": "24016044", "CLAVEUNICA": "2414109622174587", "CVE_EDO": "24", "CINA_MUN": "016", "CINA_NA": "008", "CVEMUNIN": "016", "CVENAIN": "044", "NOM_NA": "20 DE NOVIEMBRE", "X": "98° 21' 19,80\" W", "Y": "22° 12' 32,14\" N", "Acres": null, "Hectares": null, "distancia_km": 0.10529396309237017 }, "geometry": { "type": "Polygon", "coordinates": [ [ [ -98.351706065424494, 22.209618974032558 ], [ -98.359039426003918, 22.205044343779416 ], [ -98.358481110355569, 22.206243380446935 ], [ -98.358042629423863, 22.206810786092937 ], [ -98.357561547298971, 22.206998600787262 ], [ -98.356817986560372, 22.207429287081482 ], [ -98.356072079694755, 22.20837490671731 ], [ -98.355472181245304, 22.209083949377941 ], [ -98.356087749964018, 22.20931900496408 ], [ -98.357791950378441, 22.209921979407305 ], [ -98.356974958102938, 22.211529853241071 ], [ -98.351706065424494, 22.209618974032558 ] ] ] } },
{ "type": "Feature", "properties": { "AREA": 7463102.71765, "PERIMETER": 17548.78136, "NOMBRE": null, "CVE_ESTADO": "24", "CVE_MPIO": "016", "CVE_EJIDO": "002", "CVEIN_CON": "24016002", "CLAVEUNICA": "2414109622172293", "CVE_EDO": "24", "CINA_MUN": "016", "CINA_NA": "003", "CVEMUNIN": "016", "CVENAIN": "002", "NOM_NA": "AJINCHE", "X": "98° 21' 19,86\" W", "Y": "22° 11' 41,32\" N", "Acres": null, "Hectares": null, "distancia_km": 1.5847665043397985 }, "geometry": { "type": "Polygon", "coordinates": [ [ [ -98.366450507268084, 22.204868409326881 ], [ -98.365690106697485, 22.204549708322261 ], [ -98.362658164073551, 22.203278903621189 ], [ -98.362186269425109, 22.203081107195018 ], [ -98.361724124005136, 22.202704387604935 ], [ -98.360896537986648, 22.201486167575766 ], [ -98.359988848043258, 22.200150004732574 ], [ -98.359723339569086, 22.199868908767201 ], [ -98.359055044792385, 22.199495888046528 ], [ -98.357637320911635, 22.199008013530545 ], [ -98.357289146296921, 22.198888195483303 ], [ -98.356208345097045, 22.198516251142468 ], [ -98.355050884145115, 22.198117915236736 ], [ -98.35394385478638, 22.197736925441923 ], [ -98.352586830100449, 22.197269885496052 ], [ -98.351665953570233, 22.196952944188009 ], [ -98.350721288876841, 22.196897448783215 ], [ -98.349850333476596, 22.196846278628364 ], [ -98.348983640098282, 22.19679535422107 ], [ -98.348194123093492, 22.19674896043459 ], [ -98.347382661071563, 22.196701273095343 ], [ -98.346534754256865, 22.196651439650459 ], [ -98.34584862153865, 22.196611110790965 ], [ -98.345485320187393, 22.196589755829883 ], [ -98.345285857131216, 22.196578030985471 ], [ -98.344589687341823, 22.196537106781637 ], [ -98.343679433846361, 22.196483593190848 ], [ -98.342820334382338, 22.196433082236613 ], [ -98.341914217446444, 22.196379801936551 ], [ -98.340992334016732, 22.196325589348429 ], [ -98.340099990901251, 22.196273108915474 ], [ -98.339065567634037, 22.196212266314028 ], [ -98.337973786609339, 22.19614804287686 ], [ -98.337056290434163, 22.196389755927875 ], [ -98.335845940547841, 22.196708611620718 ], [ -98.334327121876214, 22.197108715730497 ], [ -98.333104455663872, 22.197430792028186 ], [ -98.332612825725406, 22.197560294788882 ], [ -98.331856743106044, 22.197542544203561 ], [ -98.330410460572494, 22.197508579977523 ], [ -98.329192378931666, 22.197479964806782 ], [ -98.327717408005697, 22.197445302589248 ], [ -98.327329785543526, 22.197357879840567 ], [ -98.326563077756504, 22.196910346942278 ], [ -98.325139898784968, 22.196079610120908 ], [ -98.324337752654642, 22.195611372366294 ], [ -98.323502113906073, 22.195123576489966 ], [ -98.322907004110291, 22.194776182392495 ], [ -98.322655963001154, 22.194538747633583 ], [ -98.3219796009204, 22.193899038342153 ], [ -98.321237815088054, 22.193197440912677 ], [ -98.320347447299724, 22.192355297890135 ], [ -98.319609212629771, 22.191657036872918 ], [ -98.319368316993021, 22.191195301639546 ], [ -98.319357220601489, 22.190730009519033 ], [ -98.321142357197729, 22.187020008186906 ], [ -98.323414129252384, 22.185976360845853 ], [ -98.323778132033468, 22.185809134288757 ], [ -98.325238148303598, 22.184732391844189 ], [ -98.326049899566272, 22.184133723144463 ], [ -98.326389400178797, 22.184606220983976 ], [ -98.326893732395391, 22.185308115149844 ], [ -98.32760916416143, 22.186303788449198 ], [ -98.32817279507411, 22.186860624120779 ], [ -98.328782234038954, 22.187462708530752 ], [ -98.329106951612644, 22.187905885416313 ], [ -98.32931901287607, 22.18819530633743 ], [ -98.329405541828606, 22.188313400519842 ], [ -98.329841198039048, 22.188907977800191 ], [ -98.330551659157038, 22.189097791193156 ], [ -98.331734729203205, 22.189413863216778 ], [ -98.332790218744947, 22.189695842109078 ], [ -98.333815623041858, 22.189969776006429 ], [ -98.334829413232242, 22.190240599880248 ], [ -98.336545023913601, 22.187693254895247 ], [ -98.337664778615718, 22.187473748734856 ], [ -98.338832891659223, 22.187244753876943 ], [ -98.339856372133411, 22.18704410499706 ], [ -98.34095954021852, 22.186827825822618 ], [ -98.341880590480329, 22.186647245087165 ], [ -98.342944581223406, 22.186438632399987 ], [ -98.343829648591083, 22.186460226966759 ], [ -98.344712728710448, 22.186481768251252 ], [ -98.345504707253824, 22.186501083188162 ], [ -98.346488713341671, 22.186525075964944 ], [ -98.348156055877254, 22.186565716786767 ], [ -98.349122881417571, 22.186895597883822 ], [ -98.349883966361276, 22.187155275155931 ], [ -98.350634222832753, 22.187411253437979 ], [ -98.351377379247339, 22.187783499335367 ], [ -98.352102267611315, 22.188146589680436 ], [ -98.352826596048814, 22.188733723102619 ], [ -98.353620472124533, 22.189377221940504 ], [ -98.354345051569098, 22.189964542017108 ], [ -98.354223427778621, 22.190442858960211 ], [ -98.355300346072042, 22.190837769275547 ], [ -98.356424278990644, 22.191249910165205 ], [ -98.357386441071711, 22.191602722436343 ], [ -98.358525725045695, 22.192020473429839 ], [ -98.358840953051711, 22.192019137258615 ], [ -98.360056975552894, 22.192013977131783 ], [ -98.361165055163994, 22.192009267147476 ], [ -98.364063290840946, 22.191996912304941 ], [ -98.364597773239112, 22.19199462823503 ], [ -98.365446664392266, 22.191990996957458 ], [ -98.36630044169118, 22.191987340315166 ], [ -98.367199610985637, 22.19198348442379 ], [ -98.368071226830523, 22.191979741950433 ], [ -98.368970641605415, 22.191975875225353 ], [ -98.369889781393383, 22.191971918567123 ], [ -98.370850607679245, 22.191967776913163 ], [ -98.371600185300977, 22.19196454191275 ], [ -98.372468994600581, 22.191960788019205 ], [ -98.373398265980725, 22.191956767754757 ], [ -98.374253962515354, 22.191953061104044 ], [ -98.375753226440509, 22.191946555849231 ], [ -98.376906976607103, 22.191941540368372 ], [ -98.37811213260899, 22.191936292691931 ], [ -98.379092486106401, 22.191932017306634 ], [ -98.380257902674558, 22.191926927171064 ], [ -98.381204552716156, 22.191922786392862 ], [ -98.382180444262005, 22.191918511947605 ], [ -98.382994136639823, 22.191914943470341 ], [ -98.383780775346665, 22.191911489772622 ], [ -98.384631900131282, 22.191907748672072 ], [ -98.385459938929955, 22.191904104776313 ], [ -98.386211154150658, 22.191900795310417 ], [ -98.386381294229409, 22.191900045279883 ], [ -98.386701218978487, 22.191898634470373 ], [ -98.386041009677697, 22.194678613391716 ], [ -98.387209226501014, 22.200449933204705 ], [ -98.387272659614794, 22.200763297681263 ], [ -98.387352233315113, 22.201156396014156 ], [ -98.387891834795383, 22.201730384748849 ], [ -98.390373653734883, 22.204370280722607 ], [ -98.389994832940474, 22.204617296084955 ], [ -98.386001930141006, 22.205060760430673 ], [ -98.385945226304059, 22.205049609086704 ], [ -98.385393071279907, 22.20494102147725 ], [ -98.382823774036268, 22.20338813693505 ], [ -98.382698912210714, 22.203312668497297 ], [ -98.382044147322901, 22.202916915506993 ], [ -98.381320712180639, 22.202479651246936 ], [ -98.380503639416531, 22.202280055769837 ], [ -98.379683662425151, 22.202295595658128 ], [ -98.379534253453286, 22.202298426754037 ], [ -98.376553823543333, 22.202354873143491 ], [ -98.376516946423749, 22.202355571217403 ], [ -98.376442436404474, 22.202356981646489 ], [ -98.376089979021017, 22.202363652986236 ], [ -98.375567904795673, 22.202373533442245 ], [ -98.374917639664773, 22.202385837616234 ], [ -98.374515182528654, 22.202393451518951 ], [ -98.373805414312216, 22.202406876871851 ], [ -98.373034554158735, 22.202421454276475 ], [ -98.372161458891483, 22.20243796059134 ], [ -98.372097839866541, 22.202439163158445 ], [ -98.371855987577163, 22.202443734576455 ], [ -98.37117930459037, 22.202456523119874 ], [ -98.370282383357406, 22.202473469576834 ], [ -98.369682587606803, 22.202638276798208 ], [ -98.36933961080662, 22.20286279742523 ], [ -98.368521095710193, 22.203581980292068 ], [ -98.367810029974024, 22.204206744001294 ], [ -98.367069636522061, 22.204857266546007 ], [ -98.366450507268084, 22.204868409326881 ] ] ] } },
{ "type": "Feature", "properties": { "AREA": 4709893.8531200001, "PERIMETER": 9821.90332, "NOMBRE": null, "CVE_ESTADO": "24", "CVE_MPIO": "016", "CVE_EJIDO": "075", "CVEIN_CON": "24016075", "CLAVEUNICA": "2414109622173684", "CVE_EDO": "24", "CINA_MUN": "016", "CINA_NA": "054", "CVEMUNIN": "016", "CVENAIN": "075", "NOM_NA": "N.C.P.E. ESTACION VELAZCO", "X": "98° 27' 4,22\" W", "Y": "22° 11' 38,94\" N", "Acres": null, "Hectares": null, "distancia_km": 1.3362774104806971 }, "geometry": { "type": "Polygon", "coordinates": [ [ [ -98.462358640134482, 22.206640310896493 ], [ -98.46158314803732, 22.206360510955577 ], [ -98.458847257807577, 22.203301932304758 ], [ -98.457642013350778, 22.203469506909887 ], [ -98.457255315086925, 22.20352327062567 ], [ -98.456385645063435, 22.203927199633412 ], [ -98.456054037814212, 22.204092716102458 ], [ -98.455078639500968, 22.204509953224818 ], [ -98.454082531520484, 22.204425598876334 ], [ -98.453273159048152, 22.203863368326271 ], [ -98.452089170891824, 22.202477992180032 ], [ -98.451890272116756, 22.202225345106591 ], [ -98.450501643080031, 22.200692581679181 ], [ -98.449293398141066, 22.199358889186321 ], [ -98.44862130112999, 22.198616996218416 ], [ -98.448150029331259, 22.198243784306857 ], [ -98.448000577385471, 22.198193182616084 ], [ -98.447519336986403, 22.198030242261506 ], [ -98.4472491393268, 22.197938756842078 ], [ -98.446243888701019, 22.197955323939041 ], [ -98.446097983430249, 22.197957728023901 ], [ -98.437727412868568, 22.198095431013297 ], [ -98.437325860172407, 22.198139819499477 ], [ -98.436203619281031, 22.197875116392616 ], [ -98.436029746686373, 22.197559063916248 ], [ -98.435955805857773, 22.196705045717028 ], [ -98.435742648296284, 22.194243020799306 ], [ -98.434975497049564, 22.19302675566162 ], [ -98.434982253024657, 22.193016294379067 ], [ -98.435463520217496, 22.192271071856364 ], [ -98.435558033714315, 22.192124720458011 ], [ -98.435587337885323, 22.192079343727386 ], [ -98.435707887583376, 22.191892675349017 ], [ -98.435857543411785, 22.191660935976792 ], [ -98.43599943899612, 22.191441212350629 ], [ -98.436051881759369, 22.191360005144645 ], [ -98.436200766780445, 22.191129457243839 ], [ -98.436353324286642, 22.190893221564998 ], [ -98.437609234128956, 22.188948405564311 ], [ -98.437781431840122, 22.188681746906664 ], [ -98.437838081488991, 22.188594021203084 ], [ -98.438072930314149, 22.188230340954458 ], [ -98.438186029643163, 22.188055197720857 ], [ -98.438408822501685, 22.187710183859792 ], [ -98.438464080661234, 22.187624611540627 ], [ -98.438627371961672, 22.187371739276553 ], [ -98.4387982156519, 22.187283520920712 ], [ -98.439213383459403, 22.187069139985287 ], [ -98.439299997198319, 22.187024414877392 ], [ -98.439713336752547, 22.186810975920721 ], [ -98.43991285411164, 22.186707949170945 ], [ -98.440125542763823, 22.186598120590148 ], [ -98.44021581796126, 22.186551503970389 ], [ -98.440691768116693, 22.186305729823665 ], [ -98.441120097637324, 22.186084544375728 ], [ -98.441292290486103, 22.185995625043748 ], [ -98.4414625992802, 22.185907678333141 ], [ -98.441632311628126, 22.185820039334871 ], [ -98.441803193499581, 22.185731796105522 ], [ -98.44197291680409, 22.185644150868608 ], [ -98.442055594530572, 22.185601455926228 ], [ -98.442675882882071, 22.185281135597993 ], [ -98.446499664677376, 22.183306428234591 ], [ -98.447022360564972, 22.183109824081328 ], [ -98.449952565323429, 22.181598224427901 ], [ -98.451787117071035, 22.180651793542332 ], [ -98.452218294478385, 22.181379203427113 ], [ -98.453566236351207, 22.183653169054512 ], [ -98.454785661761605, 22.185710257007589 ], [ -98.456002296991301, 22.187762570348482 ], [ -98.45707711510201, 22.189575599409366 ], [ -98.457091120822767, 22.189599224247502 ], [ -98.457763009247245, 22.190732554545885 ], [ -98.458172378668223, 22.191423062001803 ], [ -98.459722061507094, 22.192868582613038 ], [ -98.461519339844784, 22.194545001501584 ], [ -98.463421815987445, 22.196319479671832 ], [ -98.465102474280101, 22.197887008712748 ], [ -98.465947230374326, 22.198674882667159 ], [ -98.466235106507725, 22.198943371510502 ], [ -98.466561053731922, 22.199562132699327 ], [ -98.466992438282375, 22.200381041412964 ], [ -98.46747678513934, 22.201300477399815 ], [ -98.46804361304693, 22.202376470463907 ], [ -98.468555415105683, 22.203347994017609 ], [ -98.466068811831718, 22.204340028420265 ], [ -98.463249765926818, 22.206161131033841 ], [ -98.46282248042219, 22.20635521864881 ], [ -98.462358640134482, 22.206640310896493 ] ] ] } },
{ "type": "Feature", "properties": { "AREA": 4979630.0252400003, "PERIMETER": 10604.1375, "NOMBRE": null, "CVE_ESTADO": "24", "CVE_MPIO": "016", "CVE_EJIDO": "038", "CVEIN_CON": "24016038", "CLAVEUNICA": "2414109622174532", "CVE_EDO": "24", "CINA_MUN": "016", "CINA_NA": "072", "CVEMUNIN": "016", "CVENAIN": "038", "NOM_NA": "REFORMA AGRARIA", "X": "98° 24' 2,16\" W", "Y": "22° 11' 22,57\" N", "Acres": null, "Hectares": null, "distancia_km": 1.7079130761100407 }, "geometry": { "type": "Polygon", "coordinates": [ [ [ -98.411509316928559, 22.179733186513975 ], [ -98.412154244194468, 22.181691697151173 ], [ -98.41243345308898, 22.182952995805206 ], [ -98.41241146728062, 22.183285585402611 ], [ -98.412259932982963, 22.183672553261477 ], [ -98.41127551507887, 22.184706204152796 ], [ -98.411162948915532, 22.185096148331453 ], [ -98.411227444459186, 22.185846114708916 ], [ -98.412071554826042, 22.187333262765108 ], [ -98.412668336988347, 22.188384644432883 ], [ -98.413033225960149, 22.189057991183429 ], [ -98.413161827022805, 22.189475690625663 ], [ -98.413119562673714, 22.189849104006626 ], [ -98.412955699651135, 22.191296720522253 ], [ -98.412763383317085, 22.192995686699653 ], [ -98.41255126260107, 22.194869515370634 ], [ -98.412575281884386, 22.195429349300394 ], [ -98.413001973476085, 22.196812224043228 ], [ -98.413473366227876, 22.198339920169133 ], [ -98.413485438248713, 22.198719735273791 ], [ -98.413366691473215, 22.199019706349109 ], [ -98.412764683382463, 22.199365074719633 ], [ -98.41218110995807, 22.199699865286192 ], [ -98.411491021218467, 22.200095754199079 ], [ -98.411199027409793, 22.200131873546848 ], [ -98.410735334809146, 22.200080987975447 ], [ -98.407318089991804, 22.1986350797103 ], [ -98.405220605430159, 22.197747547816324 ], [ -98.404352751794804, 22.197380305646622 ], [ -98.403760558508665, 22.197290960451323 ], [ -98.402470751864811, 22.197401434519318 ], [ -98.401538438715022, 22.197481927772056 ], [ -98.40088146147373, 22.19740215399343 ], [ -98.396832221897029, 22.195965536569709 ], [ -98.396555970048112, 22.195892295471467 ], [ -98.395768434937423, 22.19560696391747 ], [ -98.394794217427417, 22.195253993122321 ], [ -98.393744978444175, 22.194900972210366 ], [ -98.393030040380125, 22.195052709187408 ], [ -98.391323066765267, 22.196084596374025 ], [ -98.391133336082774, 22.196295932818003 ], [ -98.390933990075681, 22.196853930239183 ], [ -98.391005758194908, 22.197193632477152 ], [ -98.39138406597408, 22.198524830911481 ], [ -98.391690696113656, 22.199642585787863 ], [ -98.391727888103446, 22.199911151394016 ], [ -98.391536094433889, 22.200645168426963 ], [ -98.390608927575258, 22.204193400003394 ], [ -98.387664878514528, 22.201045406234709 ], [ -98.38759431776127, 22.200663654185973 ], [ -98.387379742346951, 22.199602131864427 ], [ -98.38688404494259, 22.197149854285406 ], [ -98.386406217691402, 22.19478587700296 ], [ -98.386753985980334, 22.193245989679109 ], [ -98.387163810152302, 22.191431276955665 ], [ -98.386928954732738, 22.19060936657316 ], [ -98.387329273903347, 22.189236984148067 ], [ -98.387744020044295, 22.187815148325548 ], [ -98.388855770834169, 22.186768181914811 ], [ -98.39143867571461, 22.184335699852817 ], [ -98.392429397144795, 22.183402634944624 ], [ -98.393231248447549, 22.182647444562026 ], [ -98.394147625533051, 22.181784376248718 ], [ -98.395050940945808, 22.180933585405558 ], [ -98.396134398589282, 22.179913120724109 ], [ -98.397324559541275, 22.17879211511827 ], [ -98.399092450138724, 22.177126917704463 ], [ -98.401030904844049, 22.178424011958295 ], [ -98.401234226081968, 22.179054972056317 ], [ -98.401590015359346, 22.179132806126841 ], [ -98.405183609371591, 22.1793503848203 ], [ -98.406480816873895, 22.179428904618973 ], [ -98.407216081916474, 22.179473408505974 ], [ -98.409225003634788, 22.179594984484716 ], [ -98.411509316928559, 22.179733186513975 ] ] ] } },
{ "type": "Feature", "properties": { "AREA": 6059005.5846100003, "PERIMETER": 11461.77226, "NOMBRE": null, "CVE_ESTADO": "24", "CVE_MPIO": "016", "CVE_EJIDO": "018", "CVEIN_CON": "24016018", "CLAVEUNICA": "2414109622172656", "CVE_EDO": "24", "CINA_MUN": "016", "CINA_NA": "030", "CVEMUNIN": "016", "CVENAIN": "018", "NOM_NA": "FRANCISCO VILLA", "X": "98° 26' 6,64\" W", "Y": "22° 10' 18,28\" N", "Acres": null, "Hectares": null, "distancia_km": 1.6890476146195554 }, "geometry": { "type": "Polygon", "coordinates": [ [ [ -98.433683420411029, 22.189519626804397 ], [ -98.433246570839088, 22.189745494276622 ], [ -98.431311494624097, 22.186468879442351 ], [ -98.430732453060543, 22.185488470441001 ], [ -98.430783785590307, 22.182979444246303 ], [ -98.430485739174145, 22.181862698170498 ], [ -98.430192522620189, 22.181594174957663 ], [ -98.428927567845278, 22.180435737605123 ], [ -98.426428064488121, 22.178146765931835 ], [ -98.426123948570293, 22.177412943851667 ], [ -98.424582857469687, 22.173694878186748 ], [ -98.424416305014176, 22.173292907347186 ], [ -98.423882404010811, 22.172660896205027 ], [ -98.423441163957875, 22.172474138014671 ], [ -98.423436410959411, 22.172474211542308 ], [ -98.422556603927347, 22.172492055993924 ], [ -98.420777880928313, 22.172527933752104 ], [ -98.420362294423313, 22.172401786563032 ], [ -98.42030116743625, 22.172383230062938 ], [ -98.418632145243421, 22.171876618904896 ], [ -98.41964403328339, 22.169334882529327 ], [ -98.421518897359419, 22.16819295753454 ], [ -98.421770147549779, 22.168039908688225 ], [ -98.424351556304543, 22.166467452515501 ], [ -98.424377419543433, 22.166451734237963 ], [ -98.426184916069886, 22.164420564492957 ], [ -98.426220576366191, 22.164380488426772 ], [ -98.427275760968428, 22.163194683522811 ], [ -98.427452110282459, 22.162996553491293 ], [ -98.429454275726243, 22.160746500648422 ], [ -98.431701918173331, 22.160168399706979 ], [ -98.43288005179123, 22.159865433224713 ], [ -98.433656248639707, 22.15966576760362 ], [ -98.434494970793935, 22.15789574104398 ], [ -98.434504415657102, 22.157886378355872 ], [ -98.43631636154835, 22.156086196881006 ], [ -98.437029868010725, 22.155743830507852 ], [ -98.437924588654766, 22.155314454957377 ], [ -98.438532661253106, 22.155022670686712 ], [ -98.439694774963243, 22.154464927740154 ], [ -98.440339554942454, 22.153742156027064 ], [ -98.444725328716842, 22.152088097327628 ], [ -98.443527492918321, 22.15488413183159 ], [ -98.443459661795032, 22.155042448656726 ], [ -98.443543534378904, 22.155466072267476 ], [ -98.443807326862597, 22.156798506423321 ], [ -98.443751466216895, 22.157982323386381 ], [ -98.443725233865607, 22.15853692680767 ], [ -98.443634774969311, 22.160453741362684 ], [ -98.443608221740135, 22.161015661095522 ], [ -98.443582723726706, 22.161555812243932 ], [ -98.44355711462623, 22.162099486262488 ], [ -98.443532780691143, 22.162614797574335 ], [ -98.443465177052815, 22.164045565187347 ], [ -98.443452263074263, 22.164320428145864 ], [ -98.443210163850978, 22.164817288957416 ], [ -98.442684500834019, 22.165896239612159 ], [ -98.442121280851268, 22.167052391457283 ], [ -98.442025259250954, 22.167249367032266 ], [ -98.442158560245105, 22.168002542289965 ], [ -98.442267099616345, 22.168615785224166 ], [ -98.442395850406697, 22.169342836169132 ], [ -98.442730207221928, 22.171231558540995 ], [ -98.442860195244592, 22.171965750116119 ], [ -98.443192255856687, 22.172445419500313 ], [ -98.443192930537066, 22.1724465058935 ], [ -98.44358479031537, 22.173012473448807 ], [ -98.443954952218959, 22.173547198514196 ], [ -98.44428239004408, 22.17402034541178 ], [ -98.444551768889909, 22.174409457641932 ], [ -98.445065936342985, 22.175152183509912 ], [ -98.445569789117911, 22.175879966478011 ], [ -98.44557742254716, 22.17638210598728 ], [ -98.445582372902223, 22.176702741912127 ], [ -98.445588246296268, 22.177084812625548 ], [ -98.445594953530772, 22.177526330320873 ], [ -98.44560793556127, 22.178371240410868 ], [ -98.445696655012313, 22.178676712968628 ], [ -98.446270805016795, 22.180653330991646 ], [ -98.446271858196837, 22.180656857855674 ], [ -98.446343942932401, 22.181148555899295 ], [ -98.446415838731497, 22.181639078820041 ], [ -98.446592510695098, 22.182844190597198 ], [ -98.4430705905922, 22.184665561977457 ], [ -98.44302062945647, 22.184691409268396 ], [ -98.441561640871541, 22.185445907926105 ], [ -98.440852553219969, 22.185812607254345 ], [ -98.439452835826813, 22.186536393486989 ], [ -98.438933964647646, 22.18680472543095 ], [ -98.43804474480244, 22.18726447483774 ], [ -98.436837464586489, 22.187888804454911 ], [ -98.436041742707303, 22.188300262668275 ], [ -98.435271873069865, 22.188698345792154 ], [ -98.43484445776248, 22.188919281643866 ], [ -98.434488293018035, 22.18910351447931 ], [ -98.434058931229373, 22.189325435203013 ], [ -98.433683420411029, 22.189519626804397 ] ] ] } },
{ "type": "Feature", "properties": { "AREA": 27597392.970249999, "PERIMETER": 38655.45017, "NOMBRE": null, "CVE_ESTADO": "24", "CVE_MPIO": "035", "CVE_EJIDO": "006", "CVEIN_CON": "24035006", "CLAVEUNICA": "2414109622186848", "CVE_EDO": "24", "CINA_MUN": "035", "CINA_NA": "008", "CVEMUNIN": "035", "CVENAIN": "006", "NOM_NA": "SOLEDAD DIEZ GUTIERREZ", "X": "100° 52' 21,27\" W", "Y": "22° 11' 41,47\" N", "Acres": null, "Hectares": null, "distancia_km": 5.2187291325519327 }, "geometry": { "type": "Polygon", "coordinates": [ [ [ -100.877980200390624, 22.226313774263641 ], [ -100.876975596148682, 22.226813971623578 ], [ -100.875695464651926, 22.2260697353003 ], [ -100.872894428182235, 22.225431273886365 ], [ -100.87279755526869, 22.223393948966685 ], [ -100.873319182353072, 22.217770227598095 ], [ -100.869240266419993, 22.216111259973196 ], [ -100.868429021275716, 22.222469651547929 ], [ -100.858213222760597, 22.22003617474833 ], [ -100.85778365583289, 22.221345315413437 ], [ -100.861024621023006, 22.2226656850221 ], [ -100.845931379437289, 22.224769523137581 ], [ -100.83277249727081, 22.222569093224745 ], [ -100.843654283638116, 22.221774867721926 ], [ -100.845467076815225, 22.188242886496024 ], [ -100.842164506819714, 22.181939120593402 ], [ -100.850894733262365, 22.177517781105866 ], [ -100.854867658949757, 22.176553026277279 ], [ -100.85988784942586, 22.174259865594319 ], [ -100.866189238107964, 22.172457780026015 ], [ -100.876514924901002, 22.169333802536119 ], [ -100.881503136893286, 22.167983397456325 ], [ -100.882288211116375, 22.170542724440448 ], [ -100.885979427669071, 22.169161277271961 ], [ -100.884922201383574, 22.166646349311922 ], [ -100.885939921356965, 22.165973608923199 ], [ -100.889706300062471, 22.164419939757455 ], [ -100.89274072851947, 22.163299047918628 ], [ -100.897223657260994, 22.161715007673227 ], [ -100.896920983651242, 22.157248513500793 ], [ -100.898220713885095, 22.157075430292718 ], [ -100.898020712248112, 22.158302202304949 ], [ -100.899525036622052, 22.158133410634392 ], [ -100.899710935413907, 22.160086411373246 ], [ -100.899776951179675, 22.160778754211883 ], [ -100.901390387391487, 22.160568048531001 ], [ -100.901345443485127, 22.161681611811133 ], [ -100.913448074197447, 22.156873386053565 ], [ -100.913953798768574, 22.156790687269307 ], [ -100.913997591820902, 22.157183005834639 ], [ -100.914044081111797, 22.157645288449128 ], [ -100.914094980481536, 22.158540988970799 ], [ -100.914130480771846, 22.159552015381738 ], [ -100.914203396074441, 22.160885452666268 ], [ -100.914254364981247, 22.162280102166235 ], [ -100.914307354922897, 22.163236740258583 ], [ -100.914337527647575, 22.16432684424046 ], [ -100.91441289586993, 22.165682822816208 ], [ -100.914484565195636, 22.166815341546314 ], [ -100.914507573122435, 22.167413885799455 ], [ -100.911243954880703, 22.172718393029463 ], [ -100.90974624713327, 22.173135299545724 ], [ -100.908410935252192, 22.173288497372841 ], [ -100.906756070520771, 22.173198146954704 ], [ -100.90559354942063, 22.173375359960886 ], [ -100.90126550187216, 22.173959476029573 ], [ -100.901235504717292, 22.177548310920677 ], [ -100.901161589410776, 22.180092010882341 ], [ -100.893501323577553, 22.180115222368201 ], [ -100.890153085901957, 22.180118091198047 ], [ -100.88778245540415, 22.179896661586476 ], [ -100.88399424181884, 22.180978398759308 ], [ -100.875246512265079, 22.18314881354928 ], [ -100.869214987772168, 22.184800498171551 ], [ -100.871607621251769, 22.18913688203348 ], [ -100.873311417766431, 22.191873152046636 ], [ -100.877678340175919, 22.19854364876641 ], [ -100.880040697837671, 22.20254640082041 ], [ -100.883540147227563, 22.208055168087729 ], [ -100.885979043784346, 22.211748431039233 ], [ -100.895566438041556, 22.209943389379788 ], [ -100.902252506497675, 22.208383077065157 ], [ -100.902407813310802, 22.208931942516216 ], [ -100.902647190007499, 22.2097779069728 ], [ -100.902781308628818, 22.21025188091139 ], [ -100.903004074247903, 22.211039123821724 ], [ -100.903011537058575, 22.21106549686403 ], [ -100.903028882404172, 22.211126794036414 ], [ -100.903065378295452, 22.21125576761753 ], [ -100.903441294657526, 22.212584209750805 ], [ -100.903903046327571, 22.214215942030563 ], [ -100.904048064459204, 22.214728395965402 ], [ -100.904695305797432, 22.217015513343021 ], [ -100.900913781957755, 22.218864142685792 ], [ -100.899789192765112, 22.219190340560424 ], [ -100.897581021598725, 22.219815493161146 ], [ -100.89730733008264, 22.219892975200668 ], [ -100.896706476809271, 22.220218226382304 ], [ -100.896488129919376, 22.22027747643163 ], [ -100.896242099060316, 22.220306976453326 ], [ -100.896042365294747, 22.220315057332577 ], [ -100.894566721707108, 22.220242422077863 ], [ -100.894326547437927, 22.220178698566865 ], [ -100.893055327859159, 22.220716018744223 ], [ -100.891052777502352, 22.221980674574517 ], [ -100.890888254519908, 22.222084572525738 ], [ -100.88935792989929, 22.223475090305556 ], [ -100.882623059007699, 22.221601076179574 ], [ -100.880167601373941, 22.226338558936803 ], [ -100.877980200390624, 22.226313774263641 ] ] ] } },
{ "type": "Feature", "properties": { "AREA": 11888067.772260001, "PERIMETER": 16834.23131, "NOMBRE": null, "CVE_ESTADO": "24", "CVE_MPIO": "040", "CVE_EJIDO": "017", "CVEIN_CON": "24040017", "CLAVEUNICA": "2414109622190915", "CVE_EDO": "24", "CINA_MUN": "040", "CINA_NA": "016", "CVEMUNIN": "040", "CVENAIN": "017", "NOM_NA": "ESTACION VELAZCO", "X": "98° 34' 9,02\" W", "Y": "22° 9' 54,32\" N", "Acres": null, "Hectares": null, "distancia_km": 4.4738681102845597 }, "geometry": { "type": "Polygon", "coordinates": [ [ [ -98.583255864037426, 22.186433944401006 ], [ -98.572043278276809, 22.187830578558238 ], [ -98.558249927654998, 22.183777459361153 ], [ -98.549806021596751, 22.165433682416957 ], [ -98.560171150326525, 22.1661373309502 ], [ -98.561600688517871, 22.157302160721628 ], [ -98.558177068914489, 22.146604892117075 ], [ -98.564102870087169, 22.139826313903736 ], [ -98.566122104847452, 22.139660345498513 ], [ -98.567555021697089, 22.139542553321302 ], [ -98.569110158442385, 22.139414699638198 ], [ -98.571156880059235, 22.139246407923089 ], [ -98.572709453669404, 22.139118730117708 ], [ -98.574375721457173, 22.140263099105969 ], [ -98.57444373452428, 22.140309808761387 ], [ -98.57454434668972, 22.140378906545514 ], [ -98.578100995564682, 22.142821436493257 ], [ -98.578149940785664, 22.142855048518896 ], [ -98.585636993582639, 22.149784497783472 ], [ -98.584426821227808, 22.14964144310375 ], [ -98.582570168534915, 22.149421949890751 ], [ -98.579035466473812, 22.150682298655155 ], [ -98.577852200009517, 22.151104187004947 ], [ -98.577137528557884, 22.151724342188611 ], [ -98.576579188107161, 22.15722815727943 ], [ -98.576559133355317, 22.157425837278225 ], [ -98.578619573557674, 22.157650542397818 ], [ -98.579868476205547, 22.157786730789603 ], [ -98.579895401442158, 22.158172863489256 ], [ -98.579920422188195, 22.15853168237425 ], [ -98.580149398947654, 22.161815305536237 ], [ -98.580229246421297, 22.162960353795867 ], [ -98.580457413673599, 22.164730211282691 ], [ -98.58292503306329, 22.183868471668852 ], [ -98.583025699447987, 22.184649111844376 ], [ -98.583152846496915, 22.185635090643956 ], [ -98.583255864037426, 22.186433944401006 ] ] ] } },
{ "type": "Feature", "properties": { "AREA": 5336648.0239300001, "PERIMETER": 10573.23564, "NOMBRE": null, "CVE_ESTADO": "24", "CVE_MPIO": "016", "CVE_EJIDO": "040", "CVEIN_CON": "24016040", "CLAVEUNICA": "2414109622172331", "CVE_EDO": "24", "CINA_MUN": "016", "CINA_NA": "004", "CVEMUNIN": "016", "CVENAIN": "040", "NOM_NA": "AMPLIACION TAMPACOY", "X": "98° 27' 7,90\" W", "Y": "22° 9' 51,03\" N", "Acres": null, "Hectares": null, "distancia_km": 1.5642066388357785 }, "geometry": { "type": "Polygon", "coordinates": [ [ [ -98.447082118813114, 22.18073188179676 ], [ -98.446807306880245, 22.179895689644567 ], [ -98.446200833253499, 22.178050288471951 ], [ -98.446199597177568, 22.178039020323006 ], [ -98.446119890524031, 22.177312405826004 ], [ -98.44611830169832, 22.177297921850137 ], [ -98.446118942453865, 22.177281740788022 ], [ -98.446167575835702, 22.176053583156076 ], [ -98.446174816438088, 22.175870731032106 ], [ -98.446068196784708, 22.17538704594357 ], [ -98.445658157017078, 22.17481280499544 ], [ -98.444992899338104, 22.173881131686663 ], [ -98.443429935700479, 22.171692190013374 ], [ -98.443353934356594, 22.171585747508093 ], [ -98.443037954915326, 22.169492641912665 ], [ -98.442685105098818, 22.167155231525339 ], [ -98.442668622461795, 22.167046042543916 ], [ -98.443299706700671, 22.165859932524036 ], [ -98.444072013459817, 22.16440836626029 ], [ -98.444148563174579, 22.162935552720494 ], [ -98.44422062651617, 22.161549022091314 ], [ -98.444303598527114, 22.159952562106405 ], [ -98.444388592916638, 22.158317143343698 ], [ -98.444462822197266, 22.156888822991849 ], [ -98.444416970771229, 22.156649897955056 ], [ -98.444083277649966, 22.154911048837594 ], [ -98.444080294329595, 22.154895502800205 ], [ -98.445771153493567, 22.151458902119046 ], [ -98.445845457590153, 22.151307877768726 ], [ -98.446120415102129, 22.150749018707746 ], [ -98.449619461305716, 22.14911635138472 ], [ -98.450027275551378, 22.148926056393783 ], [ -98.451564916094412, 22.147947395490494 ], [ -98.454008906125225, 22.146391812453309 ], [ -98.456043426401919, 22.145330324650747 ], [ -98.456058778467195, 22.148299186504897 ], [ -98.456068115648122, 22.150104934808251 ], [ -98.45621756803753, 22.150316879380615 ], [ -98.457411558047269, 22.152010098292038 ], [ -98.45930241963346, 22.154691463920969 ], [ -98.459206820017599, 22.155246972872202 ], [ -98.459184922425379, 22.15537421443447 ], [ -98.459095371215881, 22.155894572053263 ], [ -98.459319257273563, 22.156313141820362 ], [ -98.460452433419022, 22.157146902959401 ], [ -98.460749991072603, 22.157365835125702 ], [ -98.460794709305858, 22.158203234626413 ], [ -98.460878401373094, 22.159770442132697 ], [ -98.460901496527129, 22.160202914341401 ], [ -98.461033609948601, 22.162676786225472 ], [ -98.4610338650796, 22.162681563580847 ], [ -98.461102481944565, 22.163966412198079 ], [ -98.461512765796925, 22.166328863865331 ], [ -98.461725321248224, 22.167552747857599 ], [ -98.461893569798136, 22.167465220862645 ], [ -98.462012152332008, 22.171031820876841 ], [ -98.461947844890446, 22.171312906998949 ], [ -98.461851015747911, 22.171736142328552 ], [ -98.461420956430075, 22.173615876867011 ], [ -98.458733186064677, 22.175004180644347 ], [ -98.458645390985907, 22.175049527878535 ], [ -98.455136498287374, 22.176861850611463 ], [ -98.454801537007512, 22.177034849707297 ], [ -98.453890806101583, 22.177505213672003 ], [ -98.453252461077227, 22.177834893903285 ], [ -98.452853111900183, 22.178041140049295 ], [ -98.453039935292182, 22.178350182810906 ], [ -98.453564529426757, 22.179217956794961 ], [ -98.451808877015239, 22.180124281035354 ], [ -98.451468034527693, 22.180300231303278 ], [ -98.449068403815943, 22.181538939599779 ], [ -98.448370077760018, 22.181899410158412 ], [ -98.447222554313043, 22.182491742336339 ], [ -98.44710328875496, 22.180997174298874 ], [ -98.447082118813114, 22.18073188179676 ] ], [ [ -98.457121293331383, 22.156475495988051 ], [ -98.458505167318762, 22.155206315066373 ], [ -98.458364894969449, 22.155155333946091 ], [ -98.457180001588128, 22.15584905506649 ], [ -98.456713122702965, 22.156221594874545 ], [ -98.457121293331383, 22.156475495988051 ] ] ] } },
{ "type": "Feature", "properties": { "AREA": 4250962.0533299996, "PERIMETER": 13422.78884, "NOMBRE": null, "CVE_ESTADO": "24", "CVE_MPIO": "040", "CVE_EJIDO": "078", "CVEIN_CON": "24040078", "CLAVEUNICA": "2414109622191224", "CVE_EDO": "24", "CINA_MUN": "040", "CINA_NA": "029", "CVEMUNIN": "040", "CVENAIN": "078", "NOM_NA": "LOMA ALTA", "X": "98° 31' 31,63\" W", "Y": "22° 9' 37,02\" N", "Acres": null, "Hectares": null, "distancia_km": 1.7716365900557902 }, "geometry": { "type": "Polygon", "coordinates": [ [ [ -98.515588229796521, 22.182416260363958 ], [ -98.515985264745552, 22.180815118056284 ], [ -98.516528694666846, 22.178623538092904 ], [ -98.516370941757998, 22.177755499013088 ], [ -98.51647910449536, 22.177468597555965 ], [ -98.517222480350128, 22.176907046647209 ], [ -98.517608955805827, 22.176407385204431 ], [ -98.517562365327606, 22.174676779255154 ], [ -98.51754207240505, 22.173922989215907 ], [ -98.517622827417668, 22.173543973911244 ], [ -98.517899420950641, 22.173167534156779 ], [ -98.51844930838763, 22.172419137872549 ], [ -98.518748702055376, 22.171652911802813 ], [ -98.518476110235028, 22.169705700570137 ], [ -98.518322311004923, 22.168607040801088 ], [ -98.51931437532653, 22.166973438489023 ], [ -98.519668236525106, 22.166022752171084 ], [ -98.519573425076729, 22.1655519549929 ], [ -98.518931738662374, 22.164971135156502 ], [ -98.518697250452078, 22.164611655199799 ], [ -98.518732759028751, 22.164081001898396 ], [ -98.519007133716087, 22.163688957014809 ], [ -98.5194473362439, 22.163234664991258 ], [ -98.519661737813678, 22.162931880743443 ], [ -98.521002149898706, 22.161085038552617 ], [ -98.521736462477264, 22.160401979364877 ], [ -98.521906617516564, 22.159934207634898 ], [ -98.522056286207984, 22.15952275193855 ], [ -98.521545077916656, 22.158117469095238 ], [ -98.519642233037928, 22.156525577027022 ], [ -98.518218517047117, 22.155446110277889 ], [ -98.517727966513988, 22.154527591414666 ], [ -98.518509260903727, 22.152854588234234 ], [ -98.519293621811016, 22.152307339660279 ], [ -98.519476305706277, 22.152179879947212 ], [ -98.520298889824005, 22.150926808957777 ], [ -98.521486038575716, 22.149118336376024 ], [ -98.522572581102906, 22.147463075496582 ], [ -98.523537650370955, 22.145992829936411 ], [ -98.524364833512209, 22.143635907773934 ], [ -98.525673749720767, 22.14281097848659 ], [ -98.526238856297724, 22.142454820306302 ], [ -98.527350869650689, 22.141753963264481 ], [ -98.529079125123715, 22.141682257664545 ], [ -98.529525733052665, 22.141553654539422 ], [ -98.530952455500923, 22.140340397003801 ], [ -98.53152784713113, 22.141571307428656 ], [ -98.531749050255158, 22.143654254028998 ], [ -98.53211086128394, 22.147061105676901 ], [ -98.532173034112446, 22.147646516576753 ], [ -98.531870335246694, 22.148344647353305 ], [ -98.531535402314006, 22.149117112338661 ], [ -98.531000163698948, 22.150351528248148 ], [ -98.530797119296523, 22.150819801398892 ], [ -98.530626425432033, 22.151213463125131 ], [ -98.531711088044887, 22.152940745786456 ], [ -98.532348712393272, 22.153956114758227 ], [ -98.532648468374845, 22.154433447854419 ], [ -98.532900502927887, 22.154834786195565 ], [ -98.533298874232116, 22.15514968829013 ], [ -98.533640011296271, 22.155419346339272 ], [ -98.534202610714502, 22.155864059587415 ], [ -98.534990614077984, 22.156486938089305 ], [ -98.534893046920558, 22.158080078766929 ], [ -98.535033514221638, 22.158060506059023 ], [ -98.535061647465568, 22.158587355181368 ], [ -98.53497311219472, 22.159474754077877 ], [ -98.534780781506186, 22.161067257340896 ], [ -98.534532588125742, 22.163122246990195 ], [ -98.534181210796916, 22.166031466146492 ], [ -98.532137413905119, 22.165788399499185 ], [ -98.531766800923208, 22.165744320053161 ], [ -98.525695491758754, 22.165022095612457 ], [ -98.524487325232997, 22.165892127380793 ], [ -98.524405025454143, 22.16602174765292 ], [ -98.524161787412226, 22.166404840340348 ], [ -98.523865833491669, 22.166870955597084 ], [ -98.52269966281537, 22.168707590424756 ], [ -98.521980094107519, 22.169840830633539 ], [ -98.521856002629193, 22.170419086239381 ], [ -98.521184946304373, 22.173546062591207 ], [ -98.520993169966033, 22.174439671169164 ], [ -98.520633671399764, 22.176114772026541 ], [ -98.520947533527462, 22.17686424613289 ], [ -98.52178645505704, 22.177600757133938 ], [ -98.523354220406645, 22.178977107121547 ], [ -98.524780691627086, 22.180229378049571 ], [ -98.527792322077801, 22.182873115838291 ], [ -98.52625086624704, 22.184223774378601 ], [ -98.522133784503467, 22.182767923300503 ], [ -98.521561571770647, 22.182565571232246 ], [ -98.520176217705824, 22.182530962164233 ], [ -98.518709402045118, 22.182494305163111 ], [ -98.516553780211339, 22.182440410310328 ], [ -98.515588229796521, 22.182416260363958 ] ] ] } },
{ "type": "Feature", "properties": { "AREA": 1894871.55287, "PERIMETER": 13507.42716, "NOMBRE": null, "CVE_ESTADO": "24", "CVE_MPIO": "040", "CVE_EJIDO": "017", "CVEIN_CON": "24040017", "CLAVEUNICA": "2414109622190915", "CVE_EDO": "24", "CINA_MUN": "040", "CINA_NA": "016", "CVEMUNIN": "040", "CVENAIN": "017", "NOM_NA": "ESTACION VELAZCO", "X": "98° 31' 4,84\" W", "Y": "22° 9' 21,29\" N", "Acres": null, "Hectares": null, "distancia_km": 0.96420201603506694 }, "geometry": { "type": "Polygon", "coordinates": [ [ [ -98.515588229796521, 22.182416260363958 ], [ -98.514046251297657, 22.180622990436945 ], [ -98.515769192105168, 22.177205129887998 ], [ -98.51635240224374, 22.172298470180042 ], [ -98.516357669963142, 22.170039001284252 ], [ -98.516387151919645, 22.157386111276328 ], [ -98.511815038971974, 22.151764283854032 ], [ -98.507938859075921, 22.1522634526379 ], [ -98.505938380508894, 22.152521033818292 ], [ -98.505147923149863, 22.152622805892747 ], [ -98.505896021744363, 22.152235546744667 ], [ -98.507279328935823, 22.151519452049587 ], [ -98.507413831561806, 22.151449823239073 ], [ -98.510003170056564, 22.150108377729421 ], [ -98.514409854821579, 22.147827898031327 ], [ -98.516125812350879, 22.146939451203082 ], [ -98.517528308628684, 22.146213278784778 ], [ -98.518910642182391, 22.145497526731837 ], [ -98.52033494938415, 22.144760021280501 ], [ -98.520435819741039, 22.144707789895758 ], [ -98.52375892929588, 22.142987003161963 ], [ -98.525276946454525, 22.142200900185621 ], [ -98.525861646346854, 22.141777274751913 ], [ -98.527721129945277, 22.140430014683421 ], [ -98.531409601368466, 22.137757449099919 ], [ -98.531643740078138, 22.13920498326015 ], [ -98.530952455500923, 22.140340397003801 ], [ -98.529525733052665, 22.141553654539422 ], [ -98.529079125123715, 22.141682257664545 ], [ -98.527350869650689, 22.141753963264481 ], [ -98.526238856297724, 22.142454820306302 ], [ -98.525673749720767, 22.14281097848659 ], [ -98.524364833512209, 22.143635907773934 ], [ -98.523537650370955, 22.145992829936411 ], [ -98.522572581102906, 22.147463075496582 ], [ -98.521486038575716, 22.149118336376024 ], [ -98.520298889824005, 22.150926808957777 ], [ -98.519476305706277, 22.152179879947212 ], [ -98.519293621811016, 22.152307339660279 ], [ -98.518509260903727, 22.152854588234234 ], [ -98.517727966513988, 22.154527591414666 ], [ -98.518218517047117, 22.155446110277889 ], [ -98.519642233037928, 22.156525577027022 ], [ -98.521545077916656, 22.158117469095238 ], [ -98.522056286207984, 22.15952275193855 ], [ -98.521906617516564, 22.159934207634898 ], [ -98.521736462477264, 22.160401979364877 ], [ -98.521002149898706, 22.161085038552617 ], [ -98.519661737813678, 22.162931880743443 ], [ -98.5194473362439, 22.163234664991258 ], [ -98.519007133716087, 22.163688957014809 ], [ -98.518732759028751, 22.164081001898396 ], [ -98.518697250452078, 22.164611655199799 ], [ -98.518931738662374, 22.164971135156502 ], [ -98.519573425076729, 22.1655519549929 ], [ -98.519668236525106, 22.166022752171084 ], [ -98.51931437532653, 22.166973438489023 ], [ -98.518322311004923, 22.168607040801088 ], [ -98.518476110235028, 22.169705700570137 ], [ -98.518748702055376, 22.171652911802813 ], [ -98.51844930838763, 22.172419137872549 ], [ -98.517899420950641, 22.173167534156779 ], [ -98.517622827417668, 22.173543973911244 ], [ -98.51754207240505, 22.173922989215907 ], [ -98.517562365327606, 22.174676779255154 ], [ -98.517608955805827, 22.176407385204431 ], [ -98.517222480350128, 22.176907046647209 ], [ -98.51647910449536, 22.177468597555965 ], [ -98.516370941757998, 22.177755499013088 ], [ -98.516528694666846, 22.178623538092904 ], [ -98.515985264745552, 22.180815118056284 ], [ -98.515588229796521, 22.182416260363958 ] ] ] } },
{ "type": "Feature", "properties": { "AREA": 91710.27705, "PERIMETER": 1248.14172, "NOMBRE": null, "CVE_ESTADO": "24", "CVE_MPIO": "016", "CVE_EJIDO": "094", "CVEIN_CON": "24016094", "CLAVEUNICA": "2414109622174103", "CVE_EDO": "24", "CINA_MUN": "016", "CINA_NA": "077", "CVEMUNIN": "016", "CVENAIN": "094", "NOM_NA": "SOLIDARIDAD", "X": "98° 28' 39,86\" W", "Y": "22° 10' 7,26\" N", "Acres": null, "Hectares": null, "distancia_km": 0.18420541964495615 }, "geometry": { "type": "Polygon", "coordinates": [ [ [ -98.479580381318883, 22.170024838034077 ], [ -98.479123750107306, 22.170058721009532 ], [ -98.47894915211603, 22.169777364767455 ], [ -98.476739527951366, 22.170187879557524 ], [ -98.475720933572887, 22.168171762101348 ], [ -98.478351899929436, 22.166811272020588 ], [ -98.479354309687878, 22.168699841762312 ], [ -98.479498148259566, 22.169640779307191 ], [ -98.479580381318883, 22.170024838034077 ] ] ] } },
{ "type": "Feature", "properties": { "AREA": 139962.9111, "PERIMETER": 1724.71457, "NOMBRE": null, "CVE_ESTADO": "24", "CVE_MPIO": "016", "CVE_EJIDO": "094", "CVEIN_CON": "24016094", "CLAVEUNICA": "2414109622174103", "CVE_EDO": "24", "CINA_MUN": "016", "CINA_NA": "077", "CVEMUNIN": "016", "CVENAIN": "094", "NOM_NA": "SOLIDARIDAD", "X": "98° 28' 31,26\" W", "Y": "22° 9' 58,87\" N", "Acres": null, "Hectares": null, "distancia_km": 0.16736403934724012 }, "geometry": { "type": "Polygon", "coordinates": [ [ [ -98.473471518880757, 22.168879742631077 ], [ -98.473271542144616, 22.168590321384674 ], [ -98.473241065036149, 22.168171672734633 ], [ -98.474602358999562, 22.16384266471438 ], [ -98.475262330808533, 22.16333704574917 ], [ -98.475219137763176, 22.163939509252433 ], [ -98.475295412119337, 22.164276139958027 ], [ -98.475687197196066, 22.164671621951033 ], [ -98.477624864026481, 22.165643696969873 ], [ -98.478238168515205, 22.16645112447943 ], [ -98.473471518880757, 22.168879742631077 ] ] ] } },
{ "type": "Feature", "properties": { "AREA": 29854671.941009998, "PERIMETER": 41037.55278, "NOMBRE": null, "CVE_ESTADO": "24", "CVE_MPIO": "040", "CVE_EJIDO": "015", "CVEIN_CON": "24040015", "CLAVEUNICA": "2414109622191185", "CVE_EDO": "24", "CINA_MUN": "040", "CINA_NA": "028", "CVEMUNIN": "040", "CVENAIN": "015", "NOM_NA": "LAS PALMAS", "X": "98° 53' 33,71\" W", "Y": "22° 4' 39,75\" N", "Acres": null, "Hectares": null, "distancia_km": 11.38410437770121 }, "geometry": { "type": "Polygon", "coordinates": [ [ [ -98.904894150730328, 22.154685689323632 ], [ -98.892338385901908, 22.165836551151003 ], [ -98.891442031115005, 22.166632505001502 ], [ -98.888768082286163, 22.141765624286528 ], [ -98.886487251657982, 22.122219201222588 ], [ -98.885556427826643, 22.114881890080138 ], [ -98.884952712421821, 22.109882911263746 ], [ -98.883938003945516, 22.101681750374727 ], [ -98.880776956820512, 22.062062304098564 ], [ -98.879836043424831, 22.049865533768813 ], [ -98.877565108407111, 22.049215013440563 ], [ -98.884455480428045, 22.028194119949912 ], [ -98.884529739777122, 22.026226025526586 ], [ -98.892430594394725, 21.9987865360938 ], [ -98.895699224376017, 21.988790646405008 ], [ -98.89966647717003, 21.989722380188866 ], [ -98.901726338259621, 21.993178375386705 ], [ -98.902836925707433, 21.99659706461577 ], [ -98.902201375532627, 21.998782723924069 ], [ -98.901209096463077, 22.007611019147415 ], [ -98.898954604696783, 22.014710497863796 ], [ -98.902934283460652, 22.031773751896051 ], [ -98.902851329597425, 22.035043837895191 ], [ -98.896568053999218, 22.047292477993995 ], [ -98.897670124543893, 22.050795685060383 ], [ -98.900710309550448, 22.081997115824926 ], [ -98.897772576310118, 22.089993063768119 ], [ -98.898277269322762, 22.104203756911698 ], [ -98.9021455376771, 22.122210807576643 ], [ -98.902461405883457, 22.12877507052298 ], [ -98.904633129257959, 22.139224216297961 ], [ -98.904894150730328, 22.154685689323632 ] ] ] } },
{ "type": "Feature", "properties": { "AREA": 6901224.0790900001, "PERIMETER": 15146.20121, "NOMBRE": null, "CVE_ESTADO": "24", "CVE_MPIO": "016", "CVE_EJIDO": "091", "CVEIN_CON": "24016091", "CLAVEUNICA": "2414109622174270", "CVE_EDO": "24", "CINA_MUN": "016", "CINA_NA": "062", "CVEMUNIN": "016", "CVENAIN": "091", "NOM_NA": "NUEVO PROGRESO", "X": "98° 30' 54,27\" W", "Y": "22° 7' 49,46\" N", "Acres": null, "Hectares": null, "distancia_km": 1.7058322877110852 }, "geometry": { "type": "Polygon", "coordinates": [ [ [ -98.507279328935823, 22.151519452049587 ], [ -98.505896021744363, 22.152235546744667 ], [ -98.505147923149863, 22.152622805892747 ], [ -98.504748076206852, 22.151934888842874 ], [ -98.504108501258003, 22.150341250671346 ], [ -98.504478714461627, 22.14999497403711 ], [ -98.504797277673376, 22.149568260280095 ], [ -98.504876732923577, 22.149155022861216 ], [ -98.505146640813052, 22.146021738327718 ], [ -98.505301723448696, 22.144221356509661 ], [ -98.505390378181232, 22.14319212463737 ], [ -98.505586995277326, 22.142414171158524 ], [ -98.50610603543339, 22.140360444252686 ], [ -98.506205586839599, 22.139966534036983 ], [ -98.507177249549102, 22.136121683824566 ], [ -98.507591992909894, 22.135621600416204 ], [ -98.509195887660141, 22.12960777526137 ], [ -98.510158098166542, 22.125999688934616 ], [ -98.510777030224148, 22.123678719343769 ], [ -98.510391175455311, 22.120553765285361 ], [ -98.510243942726163, 22.119361325616271 ], [ -98.510021694623404, 22.118076192238757 ], [ -98.508787078214112, 22.110936706420393 ], [ -98.508617568175652, 22.109956417349025 ], [ -98.508414995385039, 22.108784906896364 ], [ -98.508216397301211, 22.108327022164531 ], [ -98.507899969745722, 22.106616345320266 ], [ -98.505386961256306, 22.105950208237626 ], [ -98.503857880164603, 22.105544859835632 ], [ -98.503198092228303, 22.105373761731613 ], [ -98.503517034926432, 22.104847232896834 ], [ -98.504540116198044, 22.103158213001116 ], [ -98.504808032237833, 22.102715906153335 ], [ -98.506544575217575, 22.101980272751049 ], [ -98.506820678274863, 22.101863309179656 ], [ -98.508936252894202, 22.10096707192994 ], [ -98.509323061474788, 22.101390860277654 ], [ -98.511904267055272, 22.104218783141341 ], [ -98.512172862846882, 22.104768694363361 ], [ -98.512292482806515, 22.10607949212719 ], [ -98.513631612997756, 22.107519989592642 ], [ -98.513930212691008, 22.107654068189888 ], [ -98.514801791071648, 22.109246372020976 ], [ -98.515349531490472, 22.11024702946521 ], [ -98.515945140364877, 22.11133511909593 ], [ -98.516108108236878, 22.112546010751988 ], [ -98.5162684691565, 22.113737513172435 ], [ -98.516453583802658, 22.115112915635123 ], [ -98.51665753227681, 22.115527628242567 ], [ -98.519617856690203, 22.117614860270578 ], [ -98.520295610486755, 22.118229397894748 ], [ -98.520509803213145, 22.121618767778891 ], [ -98.52053588245532, 22.122031434407088 ], [ -98.52154529467289, 22.123203477664774 ], [ -98.523065897959142, 22.12496902436154 ], [ -98.522361979870354, 22.126938250017893 ], [ -98.52220025871712, 22.127390659872685 ], [ -98.522411976534329, 22.127804018612782 ], [ -98.522753379965891, 22.128470570504458 ], [ -98.523502287267959, 22.129132485588148 ], [ -98.523676617752614, 22.129286564671514 ], [ -98.524860609106156, 22.130333001928769 ], [ -98.525525796359389, 22.130512868987253 ], [ -98.527825488392722, 22.130258263358758 ], [ -98.528427377323155, 22.131804364877869 ], [ -98.526177663595618, 22.134135278891517 ], [ -98.526077619763541, 22.134623922367687 ], [ -98.52651749026171, 22.135653173262721 ], [ -98.527046714163262, 22.136184219812833 ], [ -98.528672976688597, 22.136484558843929 ], [ -98.529954368035433, 22.136649017931106 ], [ -98.531409601368466, 22.137757449099919 ], [ -98.527721129945277, 22.140430014683421 ], [ -98.525861646346854, 22.141777274751913 ], [ -98.525276946454525, 22.142200900185621 ], [ -98.52375892929588, 22.142987003161963 ], [ -98.520435819741039, 22.144707789895758 ], [ -98.52033494938415, 22.144760021280501 ], [ -98.518910642182391, 22.145497526731837 ], [ -98.517528308628684, 22.146213278784778 ], [ -98.516125812350879, 22.146939451203082 ], [ -98.514409854821579, 22.147827898031327 ], [ -98.510003170056564, 22.150108377729421 ], [ -98.507413831561806, 22.151449823239073 ], [ -98.507279328935823, 22.151519452049587 ] ] ] } },
{ "type": "Feature", "properties": { "AREA": 7490144.9246199997, "PERIMETER": 13921.27232, "NOMBRE": null, "CVE_ESTADO": "24", "CVE_MPIO": "016", "CVE_EJIDO": "006", "CVEIN_CON": "24016006", "CLAVEUNICA": "2414109622172349", "CVE_EDO": "24", "CINA_MUN": "016", "CINA_NA": "006", "CVEMUNIN": "016", "CVENAIN": "006", "NOM_NA": "CAPITAN MIGUEL MEDINA ARVIZU", "X": "98° 29' 55,28\" W", "Y": "22° 7' 26,45\" N", "Acres": null, "Hectares": null, "distancia_km": 3.1648612892831585 }, "geometry": { "type": "Polygon", "coordinates": [ [ [ -98.489036873793395, 22.114616935103292 ], [ -98.489545619402918, 22.114352017458021 ], [ -98.490281507016419, 22.114117168282771 ], [ -98.491352358013529, 22.114193837040474 ], [ -98.491468896764189, 22.114202177101884 ], [ -98.492083215176564, 22.113973789115676 ], [ -98.492256208814794, 22.113909470549199 ], [ -98.492908775612875, 22.113666861046845 ], [ -98.493148764693672, 22.113474834436285 ], [ -98.49356308033839, 22.113143300064571 ], [ -98.494317411571842, 22.112539695961747 ], [ -98.49447236516211, 22.11215551784618 ], [ -98.494701345967769, 22.111587776978844 ], [ -98.495385040225699, 22.110576398605538 ], [ -98.495389367679252, 22.110569997696189 ], [ -98.495426462900795, 22.110515130180818 ], [ -98.496054290261014, 22.109586365508708 ], [ -98.496674571090921, 22.108915889712382 ], [ -98.496698717271926, 22.108889792038067 ], [ -98.497942744975362, 22.107545067101185 ], [ -98.49806069006236, 22.107417577525201 ], [ -98.498494065205151, 22.106949111958262 ], [ -98.49902213014839, 22.106867165704529 ], [ -98.499987461563961, 22.10726811562834 ], [ -98.5007477380193, 22.10758389135664 ], [ -98.500990114121791, 22.107583791670432 ], [ -98.501401552392423, 22.107583629481713 ], [ -98.502064150754705, 22.107323658424324 ], [ -98.502323362512215, 22.106841118345706 ], [ -98.502016566368312, 22.106379439105783 ], [ -98.502008650510547, 22.106046603923431 ], [ -98.502008565517329, 22.106043197769239 ], [ -98.501997559450004, 22.105579854063659 ], [ -98.502641129731629, 22.105730878803382 ], [ -98.503360739536788, 22.10579856577548 ], [ -98.503857880164603, 22.105544859835632 ], [ -98.505386961256306, 22.105950208237626 ], [ -98.507899969745722, 22.106616345320266 ], [ -98.508216397301211, 22.108327022164531 ], [ -98.508037575478795, 22.108346810735888 ], [ -98.508107660973508, 22.108828995300129 ], [ -98.508404118284417, 22.110868571980816 ], [ -98.508698414996971, 22.112893229347687 ], [ -98.50898799239188, 22.114885366217553 ], [ -98.509280020671014, 22.116894310346417 ], [ -98.509552749280189, 22.118770438124741 ], [ -98.509594732834316, 22.119059243090582 ], [ -98.509952659805407, 22.121521378448342 ], [ -98.510174801154349, 22.123049420701022 ], [ -98.510273705078049, 22.123729740470605 ], [ -98.510060627268942, 22.124506035784773 ], [ -98.509757447658018, 22.125610578451184 ], [ -98.509380180493949, 22.126985010559398 ], [ -98.509065372366038, 22.128131874398587 ], [ -98.508677221579887, 22.129545902040586 ], [ -98.508622292832996, 22.129746004195795 ], [ -98.50848599689985, 22.130242519526035 ], [ -98.508340241167986, 22.130773491988993 ], [ -98.508219066441427, 22.131214915213242 ], [ -98.508068645970852, 22.131762872606789 ], [ -98.507766090667573, 22.132865018644338 ], [ -98.507579712366137, 22.133543946791288 ], [ -98.507378854914506, 22.134275610868126 ], [ -98.507179327823351, 22.135002420737734 ], [ -98.506643162612804, 22.136955449698458 ], [ -98.506190087058712, 22.138605771831056 ], [ -98.506189390275708, 22.138606759842904 ], [ -98.506023197931768, 22.138842413782839 ], [ -98.506017351461139, 22.138863705929133 ], [ -98.50497742206457, 22.142650894083175 ], [ -98.504837162981474, 22.143161669226263 ], [ -98.504740348652533, 22.144160663118893 ], [ -98.504669734388827, 22.144889297528479 ], [ -98.504616221350631, 22.145441467058987 ], [ -98.504521108979262, 22.146422863673223 ], [ -98.504405513662689, 22.147615588593652 ], [ -98.504225330683497, 22.149474690954332 ], [ -98.503369226727017, 22.150068341302177 ], [ -98.502123814197674, 22.147807371527229 ], [ -98.501575109474985, 22.146811206309692 ], [ -98.501071589606241, 22.14589705975601 ], [ -98.500887012852061, 22.145561955075177 ], [ -98.500476862161477, 22.144817307753272 ], [ -98.500084710109917, 22.144105329610767 ], [ -98.499710284270776, 22.143425527131644 ], [ -98.498985690242577, 22.14210994335123 ], [ -98.498884853078707, 22.141926859723252 ], [ -98.498744814548886, 22.141672599790908 ], [ -98.498578440473977, 22.141370522595007 ], [ -98.498411799996973, 22.141067960264717 ], [ -98.497936457017033, 22.140204891442256 ], [ -98.497455410809494, 22.139331455459299 ], [ -98.496991941777864, 22.138489923001416 ], [ -98.495491606017438, 22.135765648861515 ], [ -98.495350791892278, 22.135509955907757 ], [ -98.495235431391762, 22.13530048136019 ], [ -98.494721646275025, 22.134367528811431 ], [ -98.494442558549522, 22.133860743877488 ], [ -98.494070242411865, 22.133392141897939 ], [ -98.494052197936171, 22.133369430784509 ], [ -98.493335736544623, 22.132810124414448 ], [ -98.492634638000382, 22.132262803799421 ], [ -98.491938696326699, 22.131719501844017 ], [ -98.491207481922558, 22.131148655835158 ], [ -98.490623706348444, 22.130692907070269 ], [ -98.489973493819377, 22.130185285656363 ], [ -98.488824483046301, 22.129288236958121 ], [ -98.488173302956213, 22.128779843029147 ], [ -98.487359732373648, 22.128144657731706 ], [ -98.485940834446666, 22.127036847340474 ], [ -98.48339546545796, 22.125049466259107 ], [ -98.483095184348628, 22.125041537091178 ], [ -98.482618025953414, 22.125028936196916 ], [ -98.479205652763724, 22.127150148909255 ], [ -98.478943530690145, 22.12723739557396 ], [ -98.48107472007365, 22.123816679659811 ], [ -98.481075317342416, 22.123815720971738 ], [ -98.48178951283009, 22.122809139939474 ], [ -98.482871084058502, 22.121284748655615 ], [ -98.483938465410645, 22.11978031674089 ], [ -98.48625709556255, 22.116512168373426 ], [ -98.486487389461374, 22.115531320146218 ], [ -98.486566099811512, 22.115196092402094 ], [ -98.486778339294872, 22.114292103796124 ], [ -98.487427063616693, 22.111528976422075 ], [ -98.488394526236448, 22.112437686314905 ], [ -98.488672590630856, 22.113381075302328 ], [ -98.48892677975752, 22.114243442788769 ], [ -98.489036873793395, 22.114616935103292 ] ] ] } },
{ "type": "Feature", "properties": { "AREA": 3890456.6652899999, "PERIMETER": 8669.66633, "NOMBRE": null, "CVE_ESTADO": "24", "CVE_MPIO": "016", "CVE_EJIDO": "012", "CVEIN_CON": "24016012", "CLAVEUNICA": "2414109622172377", "CVE_EDO": "24", "CINA_MUN": "016", "CINA_NA": "009", "CVEMUNIN": "016", "CVENAIN": "012", "NOM_NA": "COLONIA OBRERA", "X": "98° 34' 4,09\" W", "Y": "22° 7' 49,00\" N", "Acres": null, "Hectares": null, "distancia_km": 0.96865612074037444 }, "geometry": { "type": "Polygon", "coordinates": [ [ [ -98.564102870087169, 22.139826313903736 ], [ -98.564020812388463, 22.139086714699381 ], [ -98.563817389487156, 22.138692253282034 ], [ -98.563565941346894, 22.138204661817706 ], [ -98.561137229391207, 22.136183299026388 ], [ -98.561098229324102, 22.136150839379091 ], [ -98.561027833687945, 22.136092249226156 ], [ -98.556986488731567, 22.132728514142947 ], [ -98.555487002741316, 22.131480380355285 ], [ -98.553272730537955, 22.129637211775414 ], [ -98.552475372365109, 22.128618677343486 ], [ -98.555104614499484, 22.12727501662388 ], [ -98.557235437702204, 22.126203626544989 ], [ -98.558761538021699, 22.125432429006896 ], [ -98.564277522104035, 22.122586712203091 ], [ -98.564983114600423, 22.122226046896802 ], [ -98.566375489728514, 22.121514316505095 ], [ -98.566902673742206, 22.121244834621464 ], [ -98.567229374970978, 22.12107783260786 ], [ -98.567322469713247, 22.121030244563023 ], [ -98.567391825434868, 22.120994791342863 ], [ -98.56926085887973, 22.12003936187444 ], [ -98.569595212086853, 22.119868440516203 ], [ -98.570198668451127, 22.119559950818669 ], [ -98.575165670614169, 22.118167948980382 ], [ -98.575400084045512, 22.12010740469421 ], [ -98.575516038539149, 22.121066753686875 ], [ -98.575635681705137, 22.122056608118964 ], [ -98.575756734047189, 22.123058108006973 ], [ -98.576056418025118, 22.1255374202326 ], [ -98.576129984236331, 22.126146027598537 ], [ -98.576183157695255, 22.126585924305548 ], [ -98.576258358110749, 22.127208042616164 ], [ -98.576307746822636, 22.127616622967547 ], [ -98.576533969292186, 22.129488076108 ], [ -98.576750242799505, 22.131277181845075 ], [ -98.577621196915388, 22.138481652466773 ], [ -98.578149940785664, 22.142855048518896 ], [ -98.578100995564682, 22.142821436493257 ], [ -98.57454434668972, 22.140378906545514 ], [ -98.57444373452428, 22.140309808761387 ], [ -98.574375721457173, 22.140263099105969 ], [ -98.572709453669404, 22.139118730117708 ], [ -98.571156880059235, 22.139246407923089 ], [ -98.569110158442385, 22.139414699638198 ], [ -98.567555021697089, 22.139542553321302 ], [ -98.566122104847452, 22.139660345498513 ], [ -98.564102870087169, 22.139826313903736 ] ] ] } },
{ "type": "Feature", "properties": { "AREA": 3117178.1766, "PERIMETER": 8013.67914, "NOMBRE": null, "CVE_ESTADO": "24", "CVE_MPIO": "016", "CVE_EJIDO": "051", "CVEIN_CON": "24016051", "CLAVEUNICA": "2414109622174606", "CVE_EDO": "24", "CINA_MUN": "016", "CINA_NA": "080", "CVEMUNIN": "016", "CVENAIN": "051", "NOM_NA": "VICENTE GUERRERO", "X": "98° 31' 56,23\" W", "Y": "22° 7' 37,67\" N", "Acres": null, "Hectares": null, "distancia_km": 1.0324421746630019 }, "geometry": { "type": "Polygon", "coordinates": [ [ [ -98.530408090229045, 22.136008636188432 ], [ -98.529420716225786, 22.135925847117768 ], [ -98.527676325655662, 22.135779569112131 ], [ -98.526956391033124, 22.135362366264221 ], [ -98.526762329943452, 22.134379385477342 ], [ -98.528869934057681, 22.13242143851711 ], [ -98.529044739179341, 22.13203618541165 ], [ -98.528899982953646, 22.131674783578124 ], [ -98.528090043130263, 22.129652632864744 ], [ -98.52583409969678, 22.130060765637438 ], [ -98.525652852910625, 22.129923377806136 ], [ -98.523210892346526, 22.128072289096192 ], [ -98.5228973008645, 22.127181185219744 ], [ -98.523167617007601, 22.126162385283482 ], [ -98.523538905293591, 22.124763003621389 ], [ -98.522572475349889, 22.123586870829143 ], [ -98.521121375107654, 22.121820853536118 ], [ -98.521018562614159, 22.118817771191882 ], [ -98.52155214903307, 22.118948136044708 ], [ -98.522260120694781, 22.118832204355204 ], [ -98.524190075657614, 22.118516153991621 ], [ -98.52477542572143, 22.118420291975951 ], [ -98.525802873552578, 22.117728626385382 ], [ -98.525848208226833, 22.117698107316063 ], [ -98.528333021291274, 22.117530174254849 ], [ -98.529596366713463, 22.118026843635288 ], [ -98.530029486714639, 22.11819711662854 ], [ -98.532119029323781, 22.119018559273645 ], [ -98.534014600514936, 22.119763716502092 ], [ -98.53411428860008, 22.120077461743211 ], [ -98.534775261713961, 22.121769756998027 ], [ -98.535259135224521, 22.121778735273629 ], [ -98.537379566045388, 22.121818062961975 ], [ -98.538521903581938, 22.123137987904848 ], [ -98.54057778912464, 22.124370689673697 ], [ -98.54255144452263, 22.125554042242126 ], [ -98.54279809339765, 22.125701923457953 ], [ -98.543008747773428, 22.127086139835168 ], [ -98.543079406542176, 22.12755043500529 ], [ -98.542354880167593, 22.128729912748565 ], [ -98.542000119193801, 22.129307429999749 ], [ -98.542143881920794, 22.129830568530767 ], [ -98.5424726164741, 22.131026786920007 ], [ -98.542625570434552, 22.13158335776837 ], [ -98.544642344769528, 22.132240164466428 ], [ -98.54178556411712, 22.133664111192299 ], [ -98.54131584572589, 22.133898232150496 ], [ -98.538148197820263, 22.135477021516643 ], [ -98.537696032825423, 22.135702377380646 ], [ -98.537327235114915, 22.135729048750651 ], [ -98.537081802223426, 22.13574679793571 ], [ -98.535900675132879, 22.135832209304166 ], [ -98.5354646477264, 22.135863737758264 ], [ -98.534931600377291, 22.135902279967279 ], [ -98.533946915168897, 22.135973473397627 ], [ -98.531747973350207, 22.137355320242779 ], [ -98.530408090229045, 22.136008636188432 ] ] ] } },
{ "type": "Feature", "properties": { "AREA": 2992554.6772599998, "PERIMETER": 11015.91721, "NOMBRE": null, "CVE_ESTADO": "24", "CVE_MPIO": "040", "CVE_EJIDO": "075", "CVEIN_CON": "24040075", "CLAVEUNICA": "2414109622190626", "CVE_EDO": "24", "CINA_MUN": "040", "CINA_NA": "001", "CVEMUNIN": "040", "CVENAIN": "075", "NOM_NA": "ADOLFO RUIZ CORTINEZ III", "X": "98° 31' 58,53\" W", "Y": "22° 7' 4,13\" N", "Acres": null, "Hectares": null, "distancia_km": 2.0317395931305042 }, "geometry": { "type": "Polygon", "coordinates": [ [ [ -98.545158939358558, 22.131983524302402 ], [ -98.544327757037294, 22.131530272245747 ], [ -98.543377558890668, 22.131451413376311 ], [ -98.54286892710698, 22.130271632921929 ], [ -98.542528907092574, 22.1294829388147 ], [ -98.543526896840916, 22.128200786479866 ], [ -98.54379211872768, 22.127452636163817 ], [ -98.543648898804548, 22.126303435295515 ], [ -98.543361031339629, 22.125548697486646 ], [ -98.542827002836162, 22.125196929599429 ], [ -98.54003628439699, 22.12335860954235 ], [ -98.538710706903814, 22.122485383350035 ], [ -98.538404906062837, 22.122028129242306 ], [ -98.538074003157831, 22.121533336901635 ], [ -98.537726129992535, 22.121524834566021 ], [ -98.535206266504375, 22.121463224670091 ], [ -98.534608633981634, 22.11985329587224 ], [ -98.534250402451207, 22.119638709131003 ], [ -98.532767045290257, 22.118750137925211 ], [ -98.531884262379847, 22.118221315379031 ], [ -98.531063525437574, 22.117729653091367 ], [ -98.530020198053165, 22.117424649865256 ], [ -98.528984075278984, 22.117121744949824 ], [ -98.528511621083922, 22.116983622907927 ], [ -98.527498076772744, 22.117077598274545 ], [ -98.525882601724945, 22.11722737109729 ], [ -98.52562086292258, 22.117251635709724 ], [ -98.524695683226895, 22.117854671745825 ], [ -98.524099209191263, 22.117911933148768 ], [ -98.523802144477798, 22.117940450477516 ], [ -98.523311430482451, 22.118024549052251 ], [ -98.522482736616283, 22.118166567035971 ], [ -98.521851537886732, 22.11827473613015 ], [ -98.521358407380035, 22.118359242529202 ], [ -98.520161974037208, 22.117461095222932 ], [ -98.518779583286047, 22.116423327125396 ], [ -98.516974450856083, 22.115068164366555 ], [ -98.516648219337981, 22.112744601040937 ], [ -98.516641850604358, 22.112699239424757 ], [ -98.516479697778792, 22.111544288812969 ], [ -98.514628927418741, 22.107683106349267 ], [ -98.515289845371726, 22.107360631791789 ], [ -98.515939938070474, 22.106652057651434 ], [ -98.516251686702887, 22.106312261042774 ], [ -98.517133640948103, 22.105976577664237 ], [ -98.517705677420395, 22.10575884963821 ], [ -98.518400481164747, 22.105494390414329 ], [ -98.518720021087603, 22.105372764403796 ], [ -98.519561682741966, 22.105093706573946 ], [ -98.52073380318933, 22.104705074080226 ], [ -98.523605512165503, 22.111595312926141 ], [ -98.523625563516433, 22.111643420677876 ], [ -98.523803906709489, 22.1120713050476 ], [ -98.526322476457366, 22.112235704810786 ], [ -98.527005386364905, 22.112280275038529 ], [ -98.527878132513692, 22.112337230768318 ], [ -98.52897554609163, 22.112408841700862 ], [ -98.530126424843644, 22.112483933476337 ], [ -98.531557699140635, 22.112577308904886 ], [ -98.532953520268023, 22.112668359207955 ], [ -98.534315900808977, 22.112757216558958 ], [ -98.534386468991798, 22.112806439853081 ], [ -98.535320663001642, 22.113458060416107 ], [ -98.537435900683164, 22.114933442892063 ], [ -98.539358081013759, 22.116274117383931 ], [ -98.541250255031272, 22.117593816599584 ], [ -98.542606530361141, 22.11853972413725 ], [ -98.543982679950304, 22.11949946830735 ], [ -98.545235979751894, 22.120373514199468 ], [ -98.546566597211722, 22.12130145889267 ], [ -98.547498269094021, 22.121951173701554 ], [ -98.54823417885757, 22.122464363051993 ], [ -98.548409406543186, 22.122752681833212 ], [ -98.548985437599612, 22.123700471042945 ], [ -98.549943908749597, 22.125277486775179 ], [ -98.551230015324336, 22.127393512523042 ], [ -98.551493314795081, 22.127826709091035 ], [ -98.551905301550491, 22.128504529071304 ], [ -98.55115960553951, 22.128889095391223 ], [ -98.550365753733203, 22.129298490252324 ], [ -98.549744567184149, 22.129618836055979 ], [ -98.548105279688414, 22.130464197841857 ], [ -98.545158939358558, 22.131983524302402 ] ] ] } },
{ "type": "Feature", "properties": { "AREA": 1250004.78801, "PERIMETER": 6178.39396, "NOMBRE": null, "CVE_ESTADO": "24", "CVE_MPIO": "035", "CVE_EJIDO": "003", "CVEIN_CON": "24035003", "CLAVEUNICA": "2414109622186783", "CVE_EDO": "24", "CINA_MUN": "035", "CINA_NA": "006", "CVEMUNIN": "035", "CVENAIN": "003", "NOM_NA": "RANCHERIA DE LOS GOMEZ", "X": "100° 51' 14,66\" W", "Y": "22° 9' 31,86\" N", "Acres": null, "Hectares": null, "distancia_km": 2.1418666816011136 }, "geometry": { "type": "Polygon", "coordinates": [ [ [ -100.849833048010709, 22.165451596218375 ], [ -100.848782393115016, 22.158713280268088 ], [ -100.843890054053489, 22.158762973003199 ], [ -100.843742380596368, 22.156989924863819 ], [ -100.848098487281561, 22.155924230448385 ], [ -100.850534209259536, 22.155628858190877 ], [ -100.852075457482101, 22.156029779362534 ], [ -100.853521630356639, 22.155912266658738 ], [ -100.855943984500968, 22.154040248922261 ], [ -100.856718417244068, 22.154205646746192 ], [ -100.866600731617211, 22.156315877823364 ], [ -100.857809781001365, 22.159126555334677 ], [ -100.858291782595771, 22.162535675221385 ], [ -100.849833048010709, 22.165451596218375 ] ] ] } },
{ "type": "Feature", "properties": { "AREA": 849741.76847999997, "PERIMETER": 7159.33112, "NOMBRE": null, "CVE_ESTADO": "24", "CVE_MPIO": "035", "CVE_EJIDO": "003", "CVEIN_CON": "24035003", "CLAVEUNICA": "2414109622186783", "CVE_EDO": "24", "CINA_MUN": "035", "CINA_NA": "006", "CVEMUNIN": "035", "CVENAIN": "003", "NOM_NA": "RANCHERIA DE LOS GOMEZ", "X": "100° 53' 29,52\" W", "Y": "22° 9' 22,49\" N", "Acres": null, "Hectares": null, "distancia_km": 0.47831057171620345 }, "geometry": { "type": "Polygon", "coordinates": [ [ [ -100.889706300062471, 22.164419939757455 ], [ -100.88823282127241, 22.161361692709459 ], [ -100.886016371544343, 22.160335657170286 ], [ -100.884792164668383, 22.15697969813375 ], [ -100.885166765790458, 22.156406623198468 ], [ -100.887124243662086, 22.155589991876134 ], [ -100.887017539333385, 22.151412312873582 ], [ -100.889637855549182, 22.151186528944869 ], [ -100.889563429612153, 22.153004179074333 ], [ -100.890784853372935, 22.153218683345482 ], [ -100.893343750556895, 22.152946439216191 ], [ -100.893582376478335, 22.150600460657362 ], [ -100.894281691839595, 22.15052330183514 ], [ -100.894015235418919, 22.152015911752375 ], [ -100.895050878951423, 22.152412525279612 ], [ -100.896526587239535, 22.152955281157922 ], [ -100.8982139224902, 22.153468473062667 ], [ -100.89988855172848, 22.153907280550154 ], [ -100.90172908944804, 22.154319311724219 ], [ -100.901662290461374, 22.154961276022686 ], [ -100.901698428267352, 22.155644934129118 ], [ -100.901703713521258, 22.156290572009389 ], [ -100.901734019343976, 22.156893023483782 ], [ -100.901692429011632, 22.157383431398472 ], [ -100.900491409910046, 22.157519351688123 ], [ -100.900372185579627, 22.156193212001817 ], [ -100.899810728303208, 22.156233618951365 ], [ -100.899418451572174, 22.15625419983375 ], [ -100.89923108564399, 22.155444262719282 ], [ -100.890471184701312, 22.155690784321664 ], [ -100.889736654284434, 22.160058989872056 ], [ -100.89001478497083, 22.16269576050874 ], [ -100.892796367980438, 22.162401842489661 ], [ -100.89274072851947, 22.163299047918628 ], [ -100.889706300062471, 22.164419939757455 ] ] ] } },
{ "type": "Feature", "properties": { "AREA": 2373680.1235600002, "PERIMETER": 7468.45331, "NOMBRE": null, "CVE_ESTADO": "24", "CVE_MPIO": "040", "CVE_EJIDO": "027", "CVEIN_CON": "24040027", "CLAVEUNICA": "2414109622191670", "CVE_EDO": "24", "CINA_MUN": "040", "CINA_NA": "041", "CVEMUNIN": "040", "CVENAIN": "027", "NOM_NA": "NUEVO CERRO", "X": "98° 36' 16,15\" W", "Y": "22° 6' 49,49\" N", "Acres": null, "Hectares": null, "distancia_km": 1.2091747160919435 }, "geometry": { "type": "Polygon", "coordinates": [ [ [ -98.609570373784109, 22.128676756838797 ], [ -98.605203237159088, 22.124094498315909 ], [ -98.604763746908148, 22.123817464217545 ], [ -98.604219807753822, 22.123598741504377 ], [ -98.601096212375879, 22.123115282966424 ], [ -98.60063430736912, 22.123012525275698 ], [ -98.600104519209665, 22.122676820661795 ], [ -98.59983457967256, 22.122278024325297 ], [ -98.598471841831682, 22.111754117922811 ], [ -98.598485015618493, 22.111540651368674 ], [ -98.598547198057048, 22.111346229165935 ], [ -98.598976367378228, 22.110324159009075 ], [ -98.600003142056821, 22.107878820650928 ], [ -98.600927733472631, 22.105676759153255 ], [ -98.600956758447182, 22.105394589489922 ], [ -98.600909523551152, 22.105102195175093 ], [ -98.600259539107768, 22.103973701532468 ], [ -98.600627125473565, 22.10378530054351 ], [ -98.605593917496194, 22.101239512815564 ], [ -98.606329022379455, 22.100862705353816 ], [ -98.608108921495514, 22.099950324533847 ], [ -98.608166048779864, 22.099921040421702 ], [ -98.608378884018464, 22.104319831083917 ], [ -98.60876638369119, 22.112327928910556 ], [ -98.6092625402799, 22.122580435582098 ], [ -98.609386275655595, 22.125033174773758 ], [ -98.609538791228275, 22.128056309700156 ], [ -98.609570373784109, 22.128676756838797 ] ] ] } },
{ "type": "Feature", "properties": { "AREA": 9762389.0352100004, "PERIMETER": 22960.88279, "NOMBRE": null, "CVE_ESTADO": "24", "CVE_MPIO": "028", "CVE_EJIDO": "014", "CVEIN_CON": "24028014", "CLAVEUNICA": "2414109622182520", "CVE_EDO": "24", "CINA_MUN": "028", "CINA_NA": "016", "CVEMUNIN": "028", "CVENAIN": "014", "NOM_NA": "INDEPENDENCIA Y ANEXOS", "X": "100° 44' 50,08\" W", "Y": "22° 8' 7,89\" N", "Acres": null, "Hectares": null, "distancia_km": 3.6939281989638313 }, "geometry": { "type": "Polygon", "coordinates": [ [ [ -100.734803372689697, 22.155682697624183 ], [ -100.734213941807695, 22.155723796086004 ], [ -100.734187853900693, 22.155725615033191 ], [ -100.734144170967696, 22.155604959339527 ], [ -100.734427369232023, 22.154482421807767 ], [ -100.734436153511496, 22.154447602690276 ], [ -100.7343679080344, 22.154434925777931 ], [ -100.732863040545794, 22.154155381755118 ], [ -100.73218985222006, 22.153171001301384 ], [ -100.732189850048172, 22.153170998125471 ], [ -100.732095749132725, 22.153033396143233 ], [ -100.73181838829197, 22.152627814646102 ], [ -100.731205764595458, 22.151731971603272 ], [ -100.731019876948295, 22.150525422168279 ], [ -100.732534844291266, 22.150576952441625 ], [ -100.732752669371337, 22.150553850924325 ], [ -100.733626783804056, 22.15046114342239 ], [ -100.733464290854727, 22.15024132076751 ], [ -100.733239011258505, 22.149936557998114 ], [ -100.730692434269557, 22.1464913769281 ], [ -100.730632968083626, 22.14654790191096 ], [ -100.730266134253625, 22.146896590688613 ], [ -100.729752615566554, 22.147384704611852 ], [ -100.729310075340493, 22.147805347680485 ], [ -100.728960422002871, 22.148976865109656 ], [ -100.72786978963974, 22.148530730762118 ], [ -100.726799372304981, 22.14809285546848 ], [ -100.726746612730409, 22.148071272866385 ], [ -100.726431264138427, 22.14812985671519 ], [ -100.725444346070816, 22.148080025007822 ], [ -100.725358557792973, 22.148225715807779 ], [ -100.725818175147694, 22.148578786393252 ], [ -100.72613077889801, 22.148818921689536 ], [ -100.726045092039143, 22.149108040199565 ], [ -100.726407025864305, 22.149310867857416 ], [ -100.726963083938614, 22.149622479916701 ], [ -100.727089368503144, 22.149676389764906 ], [ -100.727361062482643, 22.149792373218897 ], [ -100.726719605211514, 22.151357957648504 ], [ -100.72532211791092, 22.151285389874456 ], [ -100.72248804249017, 22.151138186764804 ], [ -100.722450276168829, 22.15113622482956 ], [ -100.722419852342497, 22.151134644325637 ], [ -100.721567945389282, 22.151159564678192 ], [ -100.720599300543128, 22.151187894489674 ], [ -100.719071959098244, 22.151232552725023 ], [ -100.717364638603371, 22.151282456464973 ], [ -100.717700204586095, 22.150513785335615 ], [ -100.71812656572375, 22.149537120451367 ], [ -100.71840376538708, 22.14890213237388 ], [ -100.718469478168544, 22.14875160166147 ], [ -100.718638171602123, 22.148365167883604 ], [ -100.719574241545573, 22.148343957411541 ], [ -100.719818801522749, 22.148176039517498 ], [ -100.719906863069454, 22.148073273050969 ], [ -100.71996366403323, 22.148006987102871 ], [ -100.719198472096366, 22.147301297578029 ], [ -100.720664659509609, 22.145381198146961 ], [ -100.721213410358132, 22.145688223761987 ], [ -100.721328152269507, 22.145752421343655 ], [ -100.722714703710139, 22.146528179230749 ], [ -100.722979478570394, 22.146676315004104 ], [ -100.724585084911695, 22.147574600389117 ], [ -100.724866741223423, 22.147048836092118 ], [ -100.726879908304056, 22.147821018057215 ], [ -100.726903394600555, 22.147719626588977 ], [ -100.726909480748972, 22.147693352373768 ], [ -100.727341911092239, 22.145826506793739 ], [ -100.727631524737362, 22.145397100218123 ], [ -100.72770035362025, 22.1452950480504 ], [ -100.727989247596739, 22.145077742870892 ], [ -100.72868784887288, 22.144552252391136 ], [ -100.729301182205973, 22.144982520622943 ], [ -100.73017487881026, 22.145823668025379 ], [ -100.730231828395816, 22.145878495441252 ], [ -100.730786226910666, 22.144991804031591 ], [ -100.731902756667424, 22.143206016627285 ], [ -100.731915785121799, 22.143105945997441 ], [ -100.732021493152104, 22.142294006344503 ], [ -100.732296081563007, 22.140184870822797 ], [ -100.732529313056162, 22.138393365231444 ], [ -100.732592189182043, 22.13791039338172 ], [ -100.732605976553799, 22.137804487802349 ], [ -100.732310719224515, 22.136076729511554 ], [ -100.731167848504015, 22.134069354873834 ], [ -100.730151582591844, 22.1322842940275 ], [ -100.729791894102206, 22.131652491522701 ], [ -100.729451833710073, 22.131127394423856 ], [ -100.729261206132534, 22.13052623064247 ], [ -100.729271873737744, 22.130040179331466 ], [ -100.72927365867794, 22.129958851785865 ], [ -100.729308357820244, 22.12837786128075 ], [ -100.729329285675263, 22.127424340995553 ], [ -100.729334938532247, 22.127166785579487 ], [ -100.729344672410477, 22.12672329221423 ], [ -100.729347621728706, 22.12658891623628 ], [ -100.729351504246694, 22.126412022344738 ], [ -100.729575972918354, 22.126096658609669 ], [ -100.729670507922634, 22.125457703125718 ], [ -100.729764252362003, 22.12482408667476 ], [ -100.729784595429109, 22.124686587794773 ], [ -100.729789859051849, 22.12465101091183 ], [ -100.729831167194462, 22.124371808260527 ], [ -100.729343716971727, 22.123070328254126 ], [ -100.729098608403163, 22.121494360010534 ], [ -100.73009226405722, 22.120204100898256 ], [ -100.731883543696682, 22.120222344589028 ], [ -100.73311788319549, 22.119321760469546 ], [ -100.733242020236617, 22.118563986010038 ], [ -100.735372665832685, 22.118662433649977 ], [ -100.735806277821851, 22.118682465492526 ], [ -100.736262967073415, 22.119132848238287 ], [ -100.737902265459368, 22.120749473300044 ], [ -100.739023394055607, 22.121246365260674 ], [ -100.740322973634989, 22.122167301329128 ], [ -100.741571238683477, 22.123051851861337 ], [ -100.742786451732229, 22.123912960312808 ], [ -100.7431983646525, 22.126363762008889 ], [ -100.743714854595908, 22.12943662699967 ], [ -100.744879180213488, 22.128878356910629 ], [ -100.7451355540897, 22.128755429269415 ], [ -100.746134113849507, 22.128276628294291 ], [ -100.746560421028875, 22.128072214828869 ], [ -100.748098734936676, 22.127334582504727 ], [ -100.74814615330807, 22.127311844719483 ], [ -100.748842862005333, 22.126977760598944 ], [ -100.748884464200785, 22.126957811471527 ], [ -100.749427614244397, 22.126697358157596 ], [ -100.75049313399316, 22.126186408373599 ], [ -100.750533671173429, 22.12616696933323 ], [ -100.750676382976508, 22.126098533755538 ], [ -100.75138111446681, 22.125760586266942 ], [ -100.751529072930254, 22.125689633574257 ], [ -100.752257212605599, 22.125340455163158 ], [ -100.752661284333072, 22.125283978829358 ], [ -100.753748399913519, 22.125132029620083 ], [ -100.753801591613737, 22.125124594673892 ], [ -100.755589036050281, 22.124874741630453 ], [ -100.757050001109448, 22.124670509567437 ], [ -100.759128133526147, 22.124408452047383 ], [ -100.759015851401003, 22.125264246504599 ], [ -100.758951053763752, 22.125758119204281 ], [ -100.758946574474393, 22.126226470458878 ], [ -100.75893008634489, 22.127950535717783 ], [ -100.75911801127728, 22.127877858082435 ], [ -100.759954823794459, 22.127554227775391 ], [ -100.761012143941599, 22.127145309908268 ], [ -100.761433870110665, 22.126982205080886 ], [ -100.762985175707243, 22.126382217113189 ], [ -100.763098885791692, 22.126338237471302 ], [ -100.763138999926966, 22.126322722504973 ], [ -100.765183377570864, 22.125532000280025 ], [ -100.765891648856666, 22.125258048013695 ], [ -100.767274177340596, 22.124723288156989 ], [ -100.768938622904443, 22.124079462803714 ], [ -100.770662550921429, 22.126713079768596 ], [ -100.770962003804726, 22.127170527253703 ], [ -100.771565876632167, 22.128093015789499 ], [ -100.773253745809626, 22.130671357405788 ], [ -100.774292507282482, 22.132258082942563 ], [ -100.77298390994153, 22.136499569383187 ], [ -100.772739282651884, 22.137292448160892 ], [ -100.772461715456231, 22.140888927157405 ], [ -100.772272855620216, 22.141511826537926 ], [ -100.772132871554717, 22.143503050220513 ], [ -100.771612619911352, 22.143543245336634 ], [ -100.771069617693783, 22.14358519639811 ], [ -100.768843289999467, 22.14375717812803 ], [ -100.768381446924622, 22.14327757482188 ], [ -100.767974156630217, 22.142894176332359 ], [ -100.767573204709976, 22.142587329656536 ], [ -100.766650168553795, 22.142093499023396 ], [ -100.762363459550542, 22.14245352629376 ], [ -100.759255447321223, 22.14135243157126 ], [ -100.757459023763374, 22.1407159657583 ], [ -100.754366047083522, 22.13962007494851 ], [ -100.751394210457832, 22.138567032910753 ], [ -100.7453250124981, 22.13641624789123 ], [ -100.743671323342156, 22.140162443171644 ], [ -100.742732937599925, 22.141413312467385 ], [ -100.740583082399624, 22.145187766684966 ], [ -100.741116020059323, 22.146958257089718 ], [ -100.740155853798726, 22.150222906601776 ], [ -100.740111399434753, 22.15037406082774 ], [ -100.740575103417399, 22.150322185089081 ], [ -100.741298304416375, 22.150241265092816 ], [ -100.741848561213217, 22.150179701117342 ], [ -100.742580696502969, 22.150097776937574 ], [ -100.742539177423595, 22.150249315764917 ], [ -100.742360749971638, 22.150900443815058 ], [ -100.742333258605797, 22.151000751172244 ], [ -100.742291117376098, 22.151154554444989 ], [ -100.742183777974887, 22.151546272797997 ], [ -100.742143890555468, 22.151691806301553 ], [ -100.742042293792338, 22.152062573621805 ], [ -100.741809528467897, 22.152911996898141 ], [ -100.741734948711368, 22.153184150717138 ], [ -100.741617780784281, 22.153611729037923 ], [ -100.741616045822482, 22.153618069542784 ], [ -100.741489329522437, 22.154080475475492 ], [ -100.741339406707027, 22.154627554613462 ], [ -100.741260065489726, 22.154917081320264 ], [ -100.740723807597831, 22.154634913544399 ], [ -100.739615586796106, 22.154345489679176 ], [ -100.73897898346965, 22.154298010630196 ], [ -100.738475033603777, 22.154336746477533 ], [ -100.737783896414371, 22.1546526517958 ], [ -100.737556883586834, 22.154756414005078 ], [ -100.737310168129525, 22.15486918130015 ], [ -100.736164780270542, 22.155149489339085 ], [ -100.73605432301629, 22.155176520802932 ], [ -100.735476173673106, 22.155383895391125 ], [ -100.734803372689697, 22.155682697624183 ] ] ] } },
{ "type": "Feature", "properties": { "AREA": 21355940.66226, "PERIMETER": 27353.21987, "NOMBRE": null, "CVE_ESTADO": "24", "CVE_MPIO": "028", "CVE_EJIDO": "014", "CVEIN_CON": "24028014", "CLAVEUNICA": "2414109622182520", "CVE_EDO": "24", "CINA_MUN": "028", "CINA_NA": "016", "CVEMUNIN": "028", "CVENAIN": "014", "NOM_NA": "INDEPENDENCIA Y ANEXOS", "X": "100° 40' 38,44\" W", "Y": "22° 7' 31,28\" N", "Acres": null, "Hectares": null, "distancia_km": 2.8683419786811064 }, "geometry": { "type": "Polygon", "coordinates": [ [ [ -100.682632588686175, 22.154685023614782 ], [ -100.682435751573365, 22.152562599334026 ], [ -100.682366177203733, 22.151812382370629 ], [ -100.682000690219496, 22.147871170958396 ], [ -100.679984195384606, 22.146844161773803 ], [ -100.679434276121555, 22.150552670266521 ], [ -100.679138813636456, 22.152545128401492 ], [ -100.67885005138254, 22.154492361573553 ], [ -100.676367035518737, 22.15252951904024 ], [ -100.657794486450001, 22.137844722302386 ], [ -100.658374725092699, 22.136912364005084 ], [ -100.657608626455854, 22.135972245745542 ], [ -100.657572752646161, 22.135205656904485 ], [ -100.657649987317086, 22.135045046815584 ], [ -100.65795191346507, 22.134417185515655 ], [ -100.659161401120812, 22.133023193957218 ], [ -100.660096030749358, 22.131945965409621 ], [ -100.660455458434683, 22.131948639833666 ], [ -100.660635050696968, 22.131980952153551 ], [ -100.660757856577902, 22.132046390205613 ], [ -100.660789072896748, 22.132063024034473 ], [ -100.661056884730556, 22.132205728980583 ], [ -100.661924582346913, 22.132668081060864 ], [ -100.662271787595571, 22.132853086928495 ], [ -100.662653581900173, 22.132706307147796 ], [ -100.662649013399943, 22.132668158892574 ], [ -100.662564647026713, 22.131963671208918 ], [ -100.662477562756649, 22.131236478493133 ], [ -100.662416900234916, 22.130729913418662 ], [ -100.662296235816612, 22.129722285670312 ], [ -100.662285404383397, 22.129631835112061 ], [ -100.662094926120915, 22.129139904549067 ], [ -100.662132182359997, 22.127885259478873 ], [ -100.662149381451215, 22.127306062498494 ], [ -100.662166378011804, 22.126733686842631 ], [ -100.662178677093408, 22.126319503900618 ], [ -100.662007481054133, 22.125263600399361 ], [ -100.661292999067214, 22.12447829236962 ], [ -100.661253885695245, 22.124435301358833 ], [ -100.659662302683842, 22.122685899519805 ], [ -100.659346007691965, 22.122338233836825 ], [ -100.659470975186849, 22.121652008415388 ], [ -100.659395100570976, 22.121136636028758 ], [ -100.658979313471292, 22.120256901923433 ], [ -100.656902724558691, 22.120553114400398 ], [ -100.655822333054388, 22.118034444264481 ], [ -100.65516936617594, 22.116512159316123 ], [ -100.654198912336525, 22.114249634140577 ], [ -100.654183621788818, 22.114213984929592 ], [ -100.653496074501476, 22.112610978007748 ], [ -100.65637251929364, 22.110686240282032 ], [ -100.656803841446191, 22.110397617758313 ], [ -100.659496947701257, 22.108595454355104 ], [ -100.66006107764872, 22.108217940779941 ], [ -100.663175296963217, 22.106133848246621 ], [ -100.662021144584173, 22.105087585640774 ], [ -100.661537427377027, 22.104726026946221 ], [ -100.661386101503552, 22.104491657820379 ], [ -100.660882480972219, 22.10353995044796 ], [ -100.659681003319605, 22.101787129084823 ], [ -100.659044598964485, 22.100044925264648 ], [ -100.658838446629758, 22.09975505000223 ], [ -100.658782043295517, 22.099713038095132 ], [ -100.658424426582926, 22.099263537739088 ], [ -100.658254019473048, 22.09904934601197 ], [ -100.657873144928473, 22.098291457187223 ], [ -100.657613658468989, 22.098063311204989 ], [ -100.657125126574627, 22.097363674822159 ], [ -100.657076812754227, 22.097294483140313 ], [ -100.656995669692662, 22.097178275514011 ], [ -100.656905574912372, 22.097049247551087 ], [ -100.656603614855797, 22.096616797521559 ], [ -100.654454902854852, 22.093539435908074 ], [ -100.654271878732771, 22.092805093086977 ], [ -100.653872099115034, 22.091201036604499 ], [ -100.653466981614429, 22.089575518790429 ], [ -100.653658138653071, 22.088499807208155 ], [ -100.654215336694179, 22.085364171108502 ], [ -100.661351973392996, 22.088924644367893 ], [ -100.664914368472054, 22.090701736477278 ], [ -100.667708785882411, 22.092015239244098 ], [ -100.672665819044084, 22.094345086457746 ], [ -100.676828803764153, 22.096301543478759 ], [ -100.677332827167959, 22.096538405626525 ], [ -100.67734259617923, 22.096542996478728 ], [ -100.677435728266076, 22.09658676295486 ], [ -100.677750412446741, 22.096734644971182 ], [ -100.67777960129051, 22.096748361866712 ], [ -100.677597097461089, 22.097797855282025 ], [ -100.67749617313757, 22.098378218055544 ], [ -100.679169604037185, 22.09943055706357 ], [ -100.681507434745797, 22.101457012988114 ], [ -100.682385205494441, 22.109307806600267 ], [ -100.68266514114454, 22.111811309805127 ], [ -100.682903880283007, 22.113946293263556 ], [ -100.683301395859203, 22.117500982776008 ], [ -100.687285697994369, 22.117730326599766 ], [ -100.688085360474901, 22.119452842137893 ], [ -100.689778833976277, 22.123100509013518 ], [ -100.690608669028705, 22.125948257832569 ], [ -100.690524106238584, 22.130220109776985 ], [ -100.690743118310749, 22.1332324219245 ], [ -100.69080528633593, 22.133525611349121 ], [ -100.69597850373107, 22.132620935629046 ], [ -100.699632002791688, 22.132334018321902 ], [ -100.701464806488616, 22.132190053133165 ], [ -100.705255848145455, 22.132747007872503 ], [ -100.708172099368099, 22.133175380565273 ], [ -100.711427534458863, 22.13365351114745 ], [ -100.71149133777476, 22.133662881346126 ], [ -100.712759494577682, 22.133849118229278 ], [ -100.713024166748482, 22.1339130152619 ], [ -100.713177760940937, 22.133950095673235 ], [ -100.713268012442825, 22.133971883937413 ], [ -100.713315137963519, 22.133983260825438 ], [ -100.716743261805476, 22.134810825032741 ], [ -100.720074518568339, 22.136623132003297 ], [ -100.7168565751805, 22.137747893676817 ], [ -100.715865244808498, 22.138094375459392 ], [ -100.710549952633144, 22.13865628770403 ], [ -100.710479951934929, 22.138663686731793 ], [ -100.710400375813009, 22.138672097838406 ], [ -100.710386599229594, 22.138673554003823 ], [ -100.709571382660982, 22.138997810348471 ], [ -100.709011441698166, 22.13922052643526 ], [ -100.708395761538654, 22.139438944566525 ], [ -100.707963167035913, 22.139731263423037 ], [ -100.707729768938137, 22.139832202034459 ], [ -100.707040399532261, 22.140130333663087 ], [ -100.706910163623377, 22.140144719819517 ], [ -100.705718054782352, 22.141050415432495 ], [ -100.703075136570064, 22.143058282527431 ], [ -100.697324451768523, 22.150170930845018 ], [ -100.69183178173769, 22.154432864510085 ], [ -100.690829570427312, 22.155210465462531 ], [ -100.690711680457412, 22.155202911458616 ], [ -100.682632588686175, 22.154685023614782 ] ] ] } },
{ "type": "Feature", "properties": { "AREA": 746917.82935999997, "PERIMETER": 3525.23934, "NOMBRE": null, "CVE_ESTADO": "24", "CVE_MPIO": "035", "CVE_EJIDO": "003", "CVEIN_CON": "24035003", "CLAVEUNICA": "2414109622186783", "CVE_EDO": "24", "CINA_MUN": "035", "CINA_NA": "006", "CVEMUNIN": "035", "CVENAIN": "003", "NOM_NA": "RANCHERIA DE LOS GOMEZ", "X": "100° 51' 42,24\" W", "Y": "22° 9' 6,06\" N", "Acres": null, "Hectares": null, "distancia_km": 1.1082736083476012 }, "geometry": { "type": "Polygon", "coordinates": [ [ [ -100.866600731617211, 22.156315877823364 ], [ -100.856718417244068, 22.154205646746192 ], [ -100.857020266716162, 22.14867312735009 ], [ -100.865073141676248, 22.147077717780085 ], [ -100.866600731617211, 22.156315877823364 ] ] ] } },
{ "type": "Feature", "properties": { "AREA": 137078.76634, "PERIMETER": 1681.96715, "NOMBRE": null, "CVE_ESTADO": "24", "CVE_MPIO": "035", "CVE_EJIDO": "003", "CVEIN_CON": "24035003", "CLAVEUNICA": "2414109622186783", "CVE_EDO": "24", "CINA_MUN": "035", "CINA_NA": "006", "CVEMUNIN": "035", "CVENAIN": "003", "NOM_NA": "RANCHERIA DE LOS GOMEZ", "X": "100° 53' 8,24\" W", "Y": "22° 9' 12,59\" N", "Acres": null, "Hectares": null, "distancia_km": 0.40795397576871811 }, "geometry": { "type": "Polygon", "coordinates": [ [ [ -100.887124243662086, 22.155589991876134 ], [ -100.885166765790458, 22.156406623198468 ], [ -100.884767882058426, 22.153389370367154 ], [ -100.883582470574652, 22.153324630441951 ], [ -100.883426892365662, 22.152610250224534 ], [ -100.883470240372588, 22.151712967875028 ], [ -100.887017539333385, 22.151412312873582 ], [ -100.887124243662086, 22.155589991876134 ] ] ] } },
{ "type": "Feature", "properties": { "AREA": 172032.5712, "PERIMETER": 1724.83864, "NOMBRE": null, "CVE_ESTADO": "24", "CVE_MPIO": "016", "CVE_EJIDO": "094", "CVEIN_CON": "24016094", "CLAVEUNICA": "2414109622174103", "CVE_EDO": "24", "CINA_MUN": "016", "CINA_NA": "077", "CVEMUNIN": "016", "CVENAIN": "094", "NOM_NA": "SOLIDARIDAD", "X": "98° 34' 14,87\" W", "Y": "22° 7' 3,45\" N", "Acres": null, "Hectares": null, "distancia_km": 0.16806151153870991 }, "geometry": { "type": "Polygon", "coordinates": [ [ [ -98.569341694944939, 22.119526018784651 ], [ -98.568411420539263, 22.119997391256696 ], [ -98.56848241208624, 22.118851267899167 ], [ -98.568191692274439, 22.117586996039133 ], [ -98.569018969952808, 22.116277615312793 ], [ -98.57103126229218, 22.115774501117286 ], [ -98.57230649638494, 22.115905400159328 ], [ -98.573585194742734, 22.116990523829777 ], [ -98.573651142218921, 22.11747197802719 ], [ -98.574153820666439, 22.118075395707244 ], [ -98.569341694944939, 22.119526018784651 ] ] ] } },
{ "type": "Feature", "properties": { "AREA": 24449494.891740002, "PERIMETER": 20929.17606, "NOMBRE": null, "CVE_ESTADO": "24", "CVE_MPIO": "028", "CVE_EJIDO": "024", "CVEIN_CON": "24028024", "CLAVEUNICA": "2414109622182875", "CVE_EDO": "24", "CINA_MUN": "028", "CINA_NA": "030", "CVEMUNIN": "028", "CVENAIN": "024", "NOM_NA": "PANALILLO", "X": "100° 47' 18,99\" W", "Y": "22° 7' 13,71\" N", "Acres": null, "Hectares": null, "distancia_km": 0.57407772890306552 }, "geometry": { "type": "Polygon", "coordinates": [ [ [ -100.800798134710917, 22.15281104137517 ], [ -100.795179264871905, 22.152104442726049 ], [ -100.788429870610457, 22.150136772750798 ], [ -100.785180006410798, 22.149189203918755 ], [ -100.785002185560757, 22.149169240546701 ], [ -100.781354020923601, 22.148759590657278 ], [ -100.780383214536997, 22.148650572735406 ], [ -100.779662178110513, 22.148569593051697 ], [ -100.779560967622132, 22.148558225298359 ], [ -100.7789993249216, 22.148495146282404 ], [ -100.778622171802212, 22.148452785061302 ], [ -100.778625394696718, 22.148404522944841 ], [ -100.778627206409581, 22.148377427446697 ], [ -100.778684662414307, 22.147517701491179 ], [ -100.77880662495042, 22.145692840801225 ], [ -100.778816515126763, 22.145544863963273 ], [ -100.778820130157371, 22.145490781420527 ], [ -100.778860342522364, 22.144889022855558 ], [ -100.772526277329774, 22.143584103338942 ], [ -100.772473694999206, 22.143573277235276 ], [ -100.772132871554717, 22.143503050220513 ], [ -100.772272855620216, 22.141511826537926 ], [ -100.772461715456231, 22.140888927157405 ], [ -100.772739282651884, 22.137292448160892 ], [ -100.77298390994153, 22.136499569383187 ], [ -100.774292507282482, 22.132258082942563 ], [ -100.773253745809626, 22.130671357405788 ], [ -100.771565876632167, 22.128093015789499 ], [ -100.770962003804726, 22.127170527253703 ], [ -100.770662550921429, 22.126713079768596 ], [ -100.768938622904443, 22.124079462803714 ], [ -100.766335328354558, 22.109091467213979 ], [ -100.761443884933456, 22.096419805379885 ], [ -100.77518625200257, 22.092334933232824 ], [ -100.809801361425244, 22.098484569052946 ], [ -100.809799880351932, 22.098492298109562 ], [ -100.80957625911779, 22.099661895979104 ], [ -100.809353316407865, 22.100827936820849 ], [ -100.809129480549913, 22.101998647408301 ], [ -100.80910903853102, 22.102105577485826 ], [ -100.808885362685487, 22.103275410002166 ], [ -100.808661502160291, 22.104446192590586 ], [ -100.808437993098622, 22.105615128672348 ], [ -100.808214072408973, 22.106786218488644 ], [ -100.808193674394019, 22.10689288608086 ], [ -100.80771536609295, 22.109394297141755 ], [ -100.808007144576251, 22.110815188221476 ], [ -100.808355311336712, 22.112510580187362 ], [ -100.808544641723984, 22.113432537326251 ], [ -100.808798553669547, 22.114668913088355 ], [ -100.810430846722397, 22.12261648941216 ], [ -100.810511662033278, 22.123009957583072 ], [ -100.812566989729191, 22.133015680527443 ], [ -100.808983746686295, 22.134577928781422 ], [ -100.807549102237871, 22.13674001512198 ], [ -100.805106491743985, 22.143479491991016 ], [ -100.805021557009084, 22.14371382738457 ], [ -100.804845921908338, 22.144198402344912 ], [ -100.804767302487903, 22.144415309920241 ], [ -100.804751477631896, 22.144458971046536 ], [ -100.804493140713902, 22.145171711583789 ], [ -100.804445996415723, 22.14530177906931 ], [ -100.804306579679078, 22.145686419506323 ], [ -100.803875820937535, 22.146874841341159 ], [ -100.803594797032645, 22.147650148723539 ], [ -100.802286272581043, 22.151260085046523 ], [ -100.8043843407455, 22.153200449486572 ], [ -100.800798134710917, 22.15281104137517 ] ] ] } },
{ "type": "Feature", "properties": { "AREA": 6637809.0216699997, "PERIMETER": 14618.22659, "NOMBRE": null, "CVE_ESTADO": "24", "CVE_MPIO": "040", "CVE_EJIDO": "048", "CVEIN_CON": "24040048", "CLAVEUNICA": "2414109622192324", "CVE_EDO": "24", "CINA_MUN": "040", "CINA_NA": "060", "CVEMUNIN": "040", "CVENAIN": "048", "NOM_NA": "VALERIO TRUJANO N.C.P.E.", "X": "98° 33' 6,39\" W", "Y": "22° 6' 19,79\" N", "Acres": null, "Hectares": null, "distancia_km": 2.2901582295990961 }, "geometry": { "type": "Polygon", "coordinates": [ [ [ -98.527497168537934, 22.102064480486234 ], [ -98.525600660721338, 22.101364361543574 ], [ -98.525480740763896, 22.101320088920691 ], [ -98.528515981483906, 22.099068056907996 ], [ -98.528791329587321, 22.098987542922231 ], [ -98.529193330395373, 22.0989821339261 ], [ -98.530174276944507, 22.098968930953212 ], [ -98.53058852242323, 22.098963353679185 ], [ -98.530723542576581, 22.09622450942101 ], [ -98.530811284883995, 22.094444613582858 ], [ -98.532092636414632, 22.094503953938933 ], [ -98.53313155045808, 22.094552059428022 ], [ -98.53411246405436, 22.094597473200476 ], [ -98.534995765380231, 22.094638362718534 ], [ -98.535996343553009, 22.094684675391171 ], [ -98.536928782883564, 22.094727828659185 ], [ -98.539077349602721, 22.094827243938347 ], [ -98.541045272067265, 22.095618975071151 ], [ -98.541101390375772, 22.095641552016193 ], [ -98.542626277936975, 22.096255019137772 ], [ -98.54319258778925, 22.096482842443532 ], [ -98.543800989439063, 22.09672759605759 ], [ -98.544838571034276, 22.097144997130169 ], [ -98.545702325485081, 22.097492463692461 ], [ -98.546611574108525, 22.097858224669171 ], [ -98.548255673641719, 22.098519574575633 ], [ -98.548712855718321, 22.098703475071758 ], [ -98.551170220525933, 22.099691914774997 ], [ -98.551501281161833, 22.099825075301457 ], [ -98.552756953509572, 22.100330128498719 ], [ -98.554017086224874, 22.100836962476755 ], [ -98.555247696043196, 22.101331909326852 ], [ -98.556496246221002, 22.101834058781137 ], [ -98.557129539032289, 22.102088755326566 ], [ -98.557273366081503, 22.102091105911139 ], [ -98.563239645479911, 22.102188502023743 ], [ -98.56353622908567, 22.102193337896669 ], [ -98.564706568026864, 22.102212415322864 ], [ -98.566858729349434, 22.102247475322915 ], [ -98.568011052861422, 22.102266235709362 ], [ -98.56896237524812, 22.102281717574158 ], [ -98.569328792669566, 22.102007860277652 ], [ -98.570192260463841, 22.101117340916563 ], [ -98.571630552265745, 22.099633953308182 ], [ -98.572351851293206, 22.099344487011233 ], [ -98.572598258831178, 22.101271959185855 ], [ -98.572900840039409, 22.103638770781288 ], [ -98.573006928779648, 22.10446858677701 ], [ -98.573248180531237, 22.106355600865989 ], [ -98.57336349569654, 22.107257552069051 ], [ -98.573500125573517, 22.108326204811561 ], [ -98.573572213748108, 22.108890037489108 ], [ -98.573654566664317, 22.109534149961039 ], [ -98.573669678432637, 22.109652344064607 ], [ -98.573972677083489, 22.109647162764666 ], [ -98.574225380365235, 22.111326906712868 ], [ -98.574467704156277, 22.111714357236394 ], [ -98.575173466596823, 22.112227148510701 ], [ -98.575442023931402, 22.112240395225513 ], [ -98.577130836490255, 22.112090731497464 ], [ -98.57743067162842, 22.112129903055049 ], [ -98.577742821904977, 22.112306878470573 ], [ -98.577941544116015, 22.112521955891143 ], [ -98.578627936545473, 22.113927323679214 ], [ -98.578734652742838, 22.114145819146746 ], [ -98.578827890280806, 22.114336717209319 ], [ -98.578947747119813, 22.114582115813342 ], [ -98.57904575195893, 22.114782773268054 ], [ -98.579150974053817, 22.114998206816381 ], [ -98.578946433162486, 22.11510834940221 ], [ -98.579187535009808, 22.115542615473245 ], [ -98.57903629895138, 22.115659671183195 ], [ -98.579076604230423, 22.115759151968444 ], [ -98.578038742482761, 22.116513093436186 ], [ -98.577633815415112, 22.116760488969533 ], [ -98.577450257976551, 22.116945216531235 ], [ -98.574913055540534, 22.117849103353862 ], [ -98.574826386573449, 22.117658754213629 ], [ -98.574168701610134, 22.116794403794515 ], [ -98.573884315456809, 22.116249347955307 ], [ -98.573553863912267, 22.115938027922283 ], [ -98.573105415216659, 22.115515538952909 ], [ -98.572108144549858, 22.115148280947412 ], [ -98.570937501614225, 22.115024266894007 ], [ -98.570304596149967, 22.115225390042774 ], [ -98.569709210387771, 22.115414587493778 ], [ -98.568701973423373, 22.115579494790268 ], [ -98.567799559054393, 22.115255274848231 ], [ -98.566677106272138, 22.114584863439227 ], [ -98.566403467996281, 22.114505045268572 ], [ -98.566003763051114, 22.11423724329444 ], [ -98.565458559405414, 22.113903149784797 ], [ -98.565409792350621, 22.113830780566516 ], [ -98.56536314605151, 22.113761558420165 ], [ -98.564555771371076, 22.113404462344381 ], [ -98.562999026452403, 22.112404309190506 ], [ -98.562279259364175, 22.112219734826159 ], [ -98.561339275125604, 22.112398455734329 ], [ -98.560410214519692, 22.112575093930619 ], [ -98.56021538274517, 22.112481968410936 ], [ -98.559527142751662, 22.111657997089679 ], [ -98.558670171165616, 22.111314641042075 ], [ -98.557522827948219, 22.111402253213782 ], [ -98.556745688709753, 22.111720764523387 ], [ -98.556172145789645, 22.111955828355367 ], [ -98.554794876596247, 22.112520284058849 ], [ -98.553968699207715, 22.112300267771776 ], [ -98.55390211039402, 22.11228211690689 ], [ -98.552491299105611, 22.111864251058773 ], [ -98.551869225290886, 22.11178397463706 ], [ -98.550688861820632, 22.11235559414304 ], [ -98.550278560280859, 22.112554289458856 ], [ -98.548964968442164, 22.111748878622432 ], [ -98.548357762298593, 22.111668662274369 ], [ -98.547742655700318, 22.11158739983011 ], [ -98.5460215026838, 22.111930867539783 ], [ -98.545715936242388, 22.111925342830681 ], [ -98.543537799534676, 22.111885945069147 ], [ -98.542723468613389, 22.11178347250814 ], [ -98.542066997555793, 22.110912088197679 ], [ -98.541227850804816, 22.110880372394668 ], [ -98.54088484955183, 22.110140859896603 ], [ -98.539379667643715, 22.109288812449545 ], [ -98.539291589543794, 22.109086144386126 ], [ -98.538836779344933, 22.108447947457122 ], [ -98.5378368101848, 22.107716486184827 ], [ -98.537409669396212, 22.107453814394855 ], [ -98.536350218849151, 22.107443350460979 ], [ -98.535317845820614, 22.107425908139128 ], [ -98.533483150183216, 22.10706229444186 ], [ -98.532973382086084, 22.106961260813037 ], [ -98.531694124717262, 22.106707710431209 ], [ -98.531249114997948, 22.106619506405345 ], [ -98.530559480063431, 22.106126445497047 ], [ -98.530002624922162, 22.105728312138208 ], [ -98.528775538231429, 22.105822647129987 ], [ -98.528473464538379, 22.105845868275178 ], [ -98.527601309134511, 22.105279247165196 ], [ -98.527338583328643, 22.105108557919124 ], [ -98.526728833148169, 22.10534394137607 ], [ -98.527497168537934, 22.102064480486234 ] ] ] } },
{ "type": "Feature", "properties": { "AREA": 813855.22202999995, "PERIMETER": 4238.57103, "NOMBRE": null, "CVE_ESTADO": "24", "CVE_MPIO": "035", "CVE_EJIDO": "003", "CVEIN_CON": "24035003", "CLAVEUNICA": "2414109622186783", "CVE_EDO": "24", "CINA_MUN": "035", "CINA_NA": "006", "CVEMUNIN": "035", "CVENAIN": "003", "NOM_NA": "RANCHERIA DE LOS GOMEZ", "X": "100° 52' 30,60\" W", "Y": "22° 8' 41,73\" N", "Acres": null, "Hectares": null, "distancia_km": 0.094616048196655686 }, "geometry": { "type": "Polygon", "coordinates": [ [ [ -100.880559593991734, 22.15106234966013 ], [ -100.871260711190033, 22.145470441569529 ], [ -100.868105146682652, 22.146279479469595 ], [ -100.867252291136268, 22.142891115620717 ], [ -100.878768138118275, 22.140591511660489 ], [ -100.879803196699143, 22.144452698080627 ], [ -100.880429365339396, 22.146746421152105 ], [ -100.880559593991734, 22.15106234966013 ] ] ] } },
{ "type": "Feature", "properties": { "AREA": 17218.83117, "PERIMETER": 795.08565, "NOMBRE": null, "CVE_ESTADO": "24", "CVE_MPIO": "016", "CVE_EJIDO": "094", "CVEIN_CON": "24016094", "CLAVEUNICA": "2414109622174103", "CVE_EDO": "24", "CINA_MUN": "016", "CINA_NA": "077", "CVEMUNIN": "016", "CVENAIN": "094", "NOM_NA": "SOLIDARIDAD", "X": "98° 33' 17,15\" W", "Y": "22° 6' 51,88\" N", "Acres": null, "Hectares": null, "distancia_km": 1.2579093686106482 }, "geometry": { "type": "Polygon", "coordinates": [ [ [ -98.555112745761562, 22.116210595732323 ], [ -98.554777110492822, 22.116312535987358 ], [ -98.554257556426506, 22.113243776213988 ], [ -98.554471233173388, 22.113306054040478 ], [ -98.554731338203794, 22.113190357034508 ], [ -98.555107804300476, 22.113567171349455 ], [ -98.555260253081897, 22.114025749252644 ], [ -98.554784854003344, 22.115359372161549 ], [ -98.555112745761562, 22.116210595732323 ] ] ] } },
{ "type": "Feature", "properties": { "AREA": 80359.99357000001, "PERIMETER": 1163.23259, "NOMBRE": null, "CVE_ESTADO": "24", "CVE_MPIO": "016", "CVE_EJIDO": "094", "CVEIN_CON": "24016094", "CLAVEUNICA": "2414109622174103", "CVE_EDO": "24", "CINA_MUN": "016", "CINA_NA": "077", "CVEMUNIN": "016", "CVENAIN": "094", "NOM_NA": "SOLIDARIDAD", "X": "98° 33' 8,94\" W", "Y": "22° 6' 49,75\" N", "Acres": null, "Hectares": null, "distancia_km": 1.4322868135849105 }, "geometry": { "type": "Polygon", "coordinates": [ [ [ -98.554351121156373, 22.114486086622509 ], [ -98.552108177417836, 22.115239198197965 ], [ -98.549985881375051, 22.113413931716025 ], [ -98.550788607878118, 22.113328527226095 ], [ -98.552453291170465, 22.112462267976568 ], [ -98.554096666826581, 22.113016523313753 ], [ -98.554351121156373, 22.114486086622509 ] ] ] } },
{ "type": "Feature", "properties": { "AREA": 38705.14476, "PERIMETER": 1026.91544, "NOMBRE": null, "CVE_ESTADO": "24", "CVE_MPIO": "016", "CVE_EJIDO": "094", "CVEIN_CON": "24016094", "CLAVEUNICA": "2414109622174103", "CVE_EDO": "24", "CINA_MUN": "016", "CINA_NA": "077", "CVEMUNIN": "016", "CVENAIN": "094", "NOM_NA": "SOLIDARIDAD", "X": "98° 33' 45,31\" W", "Y": "22° 6' 49,85\" N", "Acres": null, "Hectares": null, "distancia_km": 0.91681309645122178 }, "geometry": { "type": "Polygon", "coordinates": [ [ [ -98.564778923070932, 22.114323853720137 ], [ -98.562702573549529, 22.114656577398602 ], [ -98.560212330416249, 22.113238054750067 ], [ -98.560430849089343, 22.113221757936994 ], [ -98.560619251856323, 22.113281122985473 ], [ -98.561154070628547, 22.113279046422893 ], [ -98.562518562502277, 22.113053245682988 ], [ -98.563345076317276, 22.113517857443664 ], [ -98.564778923070932, 22.114323853720137 ] ] ] } },
{ "type": "Feature", "properties": { "AREA": 1930664.1795900001, "PERIMETER": 7707.62268, "NOMBRE": null, "CVE_ESTADO": "24", "CVE_MPIO": "040", "CVE_EJIDO": "124", "CVEIN_CON": "24040124", "CLAVEUNICA": null, "CVE_EDO": "24", "CINA_MUN": "040", "CINA_NA": null, "CVEMUNIN": "040", "CVENAIN": "124", "NOM_NA": "HEROES DE MEXICO", "X": "98° 39' 15,03\" W", "Y": "22° 6' 15,13\" N", "Acres": null, "Hectares": null, "distancia_km": 2.7950743374874256 }, "geometry": { "type": "Polygon", "coordinates": [ [ [ -98.654166547370636, 22.116543917460039 ], [ -98.646878402721967, 22.08870982915786 ], [ -98.650063042735511, 22.087195906727704 ], [ -98.651568374388589, 22.092479472340855 ], [ -98.659572901154476, 22.10748152081198 ], [ -98.660603846760964, 22.111083684766676 ], [ -98.661916677882445, 22.115685883489611 ], [ -98.654166547370636, 22.116543917460039 ] ] ] } },
{ "type": "Feature", "properties": { "AREA": 2499592.7562500001, "PERIMETER": 7670.18783, "NOMBRE": null, "CVE_ESTADO": "24", "CVE_MPIO": "035", "CVE_EJIDO": "003", "CVEIN_CON": "24035003", "CLAVEUNICA": "2414109622186783", "CVE_EDO": "24", "CINA_MUN": "035", "CINA_NA": "006", "CVEMUNIN": "035", "CVENAIN": "003", "NOM_NA": "RANCHERIA DE LOS GOMEZ", "X": "100° 52' 6,34\" W", "Y": "22° 8' 14,20\" N", "Acres": null, "Hectares": null, "distancia_km": 0.64742397696131382 }, "geometry": { "type": "Polygon", "coordinates": [ [ [ -100.865073141676248, 22.147077717780085 ], [ -100.865126120737784, 22.143119595775349 ], [ -100.855653125048121, 22.14298003376204 ], [ -100.859188375695027, 22.137467174039177 ], [ -100.860915778681004, 22.137719593940524 ], [ -100.862742272520691, 22.134485944767967 ], [ -100.864224855277342, 22.129247900139795 ], [ -100.877907258821921, 22.131311554497383 ], [ -100.878020365681238, 22.132785151516476 ], [ -100.877664400066223, 22.135970425987868 ], [ -100.87792507299794, 22.137536982595293 ], [ -100.878768138118275, 22.140591511660489 ], [ -100.867252291136268, 22.142891115620717 ], [ -100.868105146682652, 22.146279479469595 ], [ -100.865073141676248, 22.147077717780085 ] ] ] } },
{ "type": "Feature", "properties": { "AREA": 39262065.919480003, "PERIMETER": 39548.68833, "NOMBRE": null, "CVE_ESTADO": "24", "CVE_MPIO": "030", "CVE_EJIDO": "004", "CVEIN_CON": "24030004", "CLAVEUNICA": "2414109622184736", "CVE_EDO": "24", "CINA_MUN": "030", "CINA_NA": "004", "CVEMUNIN": "030", "CVENAIN": "004", "NOM_NA": "SAN MARTIN DE ABAJO", "X": "100° 30' 51,47\" W", "Y": "22° 6' 20,26\" N", "Acres": null, "Hectares": null, "distancia_km": 2.9775401936864343 }, "geometry": { "type": "Polygon", "coordinates": [ [ [ -100.462873370588781, 22.121033479311226 ], [ -100.492524273579733, 22.075136454252402 ], [ -100.493399118309881, 22.075178587362263 ], [ -100.493869326527843, 22.075201235879035 ], [ -100.493936458978681, 22.075204470346879 ], [ -100.494740855792088, 22.07524321140852 ], [ -100.498357749390735, 22.075417338255576 ], [ -100.498719105408483, 22.07543472879409 ], [ -100.499605101686313, 22.075477367585037 ], [ -100.499768230693121, 22.07548521993678 ], [ -100.499849780617126, 22.075489141668822 ], [ -100.500012899945531, 22.075496993863798 ], [ -100.505288481268124, 22.075750780479314 ], [ -100.509379019379097, 22.075084703646208 ], [ -100.509533801938431, 22.075059502129928 ], [ -100.509611202883761, 22.075046901228497 ], [ -100.509765985250937, 22.075021690465572 ], [ -100.516344062596914, 22.073950322715671 ], [ -100.516593983254509, 22.073909609324577 ], [ -100.51671892903444, 22.073889257139289 ], [ -100.516968859226807, 22.073848552128457 ], [ -100.522699909337774, 22.072914887552574 ], [ -100.522753830064502, 22.074770894630998 ], [ -100.522759338446193, 22.074960492979525 ], [ -100.522761489373863, 22.07503452755719 ], [ -100.522766997799891, 22.075224125929747 ], [ -100.523191076943704, 22.089817555749267 ], [ -100.530905986404264, 22.104371695703087 ], [ -100.53156855279164, 22.104684210669713 ], [ -100.534363736184531, 22.103473083931799 ], [ -100.534600448830105, 22.10317582642158 ], [ -100.534575042626471, 22.102004509316043 ], [ -100.534401531735668, 22.101209840468851 ], [ -100.534366896483917, 22.100989854329082 ], [ -100.534730974330188, 22.099792298370939 ], [ -100.534590097605999, 22.098972340053688 ], [ -100.53534511509703, 22.099137624944376 ], [ -100.53601184061597, 22.099251214570426 ], [ -100.537259795736631, 22.099376079349518 ], [ -100.53769102524906, 22.099292331146557 ], [ -100.538238426306918, 22.098661560414474 ], [ -100.538391720790372, 22.098613583729538 ], [ -100.538759822024602, 22.098260800730969 ], [ -100.539721556168757, 22.098054759542268 ], [ -100.541568302654326, 22.097462489512615 ], [ -100.541982799510166, 22.097100898279614 ], [ -100.542167527946489, 22.097060587851416 ], [ -100.543001339957229, 22.096413993444614 ], [ -100.544027968606173, 22.096232668024651 ], [ -100.545306895596227, 22.095635696257826 ], [ -100.546778339613709, 22.095207572115843 ], [ -100.547574121644658, 22.095591488109807 ], [ -100.548084768540633, 22.09614489702976 ], [ -100.548408971394934, 22.096345381220679 ], [ -100.549676173446656, 22.096476400270497 ], [ -100.553511898154184, 22.097679655854154 ], [ -100.553911215050775, 22.097858857385852 ], [ -100.554860585987583, 22.097913267105032 ], [ -100.556707291076577, 22.097172062368561 ], [ -100.556958690553799, 22.097176386062007 ], [ -100.557223488622881, 22.097180939771874 ], [ -100.557393401959942, 22.097183861530603 ], [ -100.558048699834544, 22.097195128100356 ], [ -100.558058397604171, 22.097195294814856 ], [ -100.559099219718135, 22.09723750888681 ], [ -100.559204048834374, 22.096305395158758 ], [ -100.559739555121496, 22.091543673825033 ], [ -100.564817581272834, 22.090873575942393 ], [ -100.565844060563919, 22.090738101641499 ], [ -100.568385530843543, 22.090402650849807 ], [ -100.569496901465513, 22.090255947295724 ], [ -100.570401743914147, 22.090136500191004 ], [ -100.571894548263074, 22.089939425683184 ], [ -100.574337520116032, 22.089616883227102 ], [ -100.575815456753602, 22.093627678918708 ], [ -100.575941537997039, 22.093969823462029 ], [ -100.576620420079479, 22.095812061126349 ], [ -100.57668347488989, 22.095983165977529 ], [ -100.580088075954379, 22.105221137438996 ], [ -100.580251508807279, 22.112520945439094 ], [ -100.564425212781444, 22.110772273281544 ], [ -100.564526779754715, 22.107648363034009 ], [ -100.545930017843332, 22.10763467702137 ], [ -100.534343093829264, 22.111658134970856 ], [ -100.533225539806125, 22.112046141300102 ], [ -100.530501651183599, 22.112991814701598 ], [ -100.530420028037156, 22.113020151558835 ], [ -100.528934830908057, 22.113535753949172 ], [ -100.527077960414204, 22.114180362968295 ], [ -100.525928901906909, 22.114579243151542 ], [ -100.526282062435897, 22.114869739568046 ], [ -100.526417332244336, 22.114981006826746 ], [ -100.527971312291996, 22.11625922404772 ], [ -100.52950173842622, 22.117518028562404 ], [ -100.52999381441019, 22.117922762257098 ], [ -100.531713469223476, 22.119337151446292 ], [ -100.527953854706098, 22.12166452292016 ], [ -100.526627535635555, 22.122485536574146 ], [ -100.52575402989585, 22.123026240430459 ], [ -100.523262075776415, 22.124568723812644 ], [ -100.523203064123138, 22.124605250323345 ], [ -100.523080469725329, 22.124681132593707 ], [ -100.523017234230025, 22.1247202734105 ], [ -100.522800985311235, 22.124854124466939 ], [ -100.522675737020691, 22.125236341168851 ], [ -100.522665025830108, 22.12526902811884 ], [ -100.522745128185051, 22.125729154284777 ], [ -100.522852258290726, 22.126111812989489 ], [ -100.523156831906732, 22.127199708242003 ], [ -100.523222179969835, 22.127433120034539 ], [ -100.52345362511403, 22.1282597941779 ], [ -100.52348743529258, 22.12838055619379 ], [ -100.523842375789997, 22.129648305771742 ], [ -100.525068853134385, 22.134028740721302 ], [ -100.524934033173324, 22.134810003530628 ], [ -100.524726594548696, 22.136012067409116 ], [ -100.524281209225677, 22.13859292610762 ], [ -100.523842622116575, 22.141134315379936 ], [ -100.523062085432272, 22.141322574915236 ], [ -100.522528608949997, 22.141451242997856 ], [ -100.520279989350527, 22.141993561428627 ], [ -100.515678970800806, 22.143103119558834 ], [ -100.511474009309651, 22.140232450647179 ], [ -100.508911946580881, 22.138483251604754 ], [ -100.508853882112675, 22.13844360820281 ], [ -100.508790312083548, 22.138400205838924 ], [ -100.505537654621193, 22.13617938659122 ], [ -100.503341636675373, 22.134679930961749 ], [ -100.482306503636167, 22.120313781208889 ], [ -100.477298526202603, 22.116892674555107 ], [ -100.470165517664455, 22.122392251806815 ], [ -100.466702596724744, 22.122742863143628 ], [ -100.462873370588781, 22.121033479311226 ] ], [ [ -100.513286931426819, 22.1045590032601 ], [ -100.513630696427953, 22.104667618663239 ], [ -100.514410113921258, 22.104441753007585 ], [ -100.515413215900281, 22.103264184280913 ], [ -100.514845346400008, 22.103096060335126 ], [ -100.514710786753213, 22.102839340043893 ], [ -100.515042549726914, 22.10205403212117 ], [ -100.514871116693072, 22.101911305718826 ], [ -100.513744147856571, 22.102171392054899 ], [ -100.513100875945725, 22.102917384825403 ], [ -100.512831339565224, 22.10329489721039 ], [ -100.512814473648916, 22.103815614105493 ], [ -100.513094800841913, 22.104341553931263 ], [ -100.513286931426819, 22.1045590032601 ] ], [ [ -100.513449496690512, 22.106966351644846 ], [ -100.513765767249652, 22.106934012184908 ], [ -100.513833572387725, 22.106578383208404 ], [ -100.513269320089577, 22.106400646750128 ], [ -100.513078501364987, 22.10634822135362 ], [ -100.513232539474231, 22.106672621164339 ], [ -100.513449496690512, 22.106966351644846 ] ] ] } },
{ "type": "Feature", "properties": { "AREA": 1167964.5798200001, "PERIMETER": 5840.82871, "NOMBRE": null, "CVE_ESTADO": "24", "CVE_MPIO": "040", "CVE_EJIDO": "074", "CVEIN_CON": "24040074", "CLAVEUNICA": "2414109622191781", "CVE_EDO": "24", "CINA_MUN": "040", "CINA_NA": "039", "CVEMUNIN": "040", "CVENAIN": "074", "NOM_NA": "N.C.P.E. NUEVO TAMPAON", "X": "98° 36' 14,87\" W", "Y": "22° 5' 42,05\" N", "Acres": null, "Hectares": null, "distancia_km": 0.66032681489250322 }, "geometry": { "type": "Polygon", "coordinates": [ [ [ -98.600766743375218, 22.103295203782441 ], [ -98.599922843621087, 22.101880454868894 ], [ -98.599071270273086, 22.100452808898076 ], [ -98.598221371301861, 22.099027937214885 ], [ -98.597529008203651, 22.097867153201534 ], [ -98.599105965820868, 22.096525604802558 ], [ -98.599492634941953, 22.09612698251442 ], [ -98.59992025613839, 22.095686138455449 ], [ -98.60027258990111, 22.09532290691196 ], [ -98.600764680650769, 22.094815591199698 ], [ -98.602692169515947, 22.092828417053745 ], [ -98.603690489302366, 22.091224007117216 ], [ -98.605864348918786, 22.084218976375151 ], [ -98.607135689541323, 22.080561960412297 ], [ -98.607220309772799, 22.080587279102588 ], [ -98.607428378029169, 22.084983979960359 ], [ -98.607523366440915, 22.086991109700918 ], [ -98.607596081688882, 22.088527569865246 ], [ -98.607657296081086, 22.089820997585608 ], [ -98.607696462520238, 22.090648553451192 ], [ -98.607711200801916, 22.090956785309931 ], [ -98.607758543062701, 22.091946879147294 ], [ -98.607800138862075, 22.092816784695376 ], [ -98.607844154964084, 22.093737297093707 ], [ -98.607893182002854, 22.094762591921317 ], [ -98.607950223844895, 22.09595548355416 ], [ -98.608021389323682, 22.097443713340628 ], [ -98.608119531619337, 22.099496046220562 ], [ -98.607029928968288, 22.100059073813775 ], [ -98.606993321145367, 22.100077989874801 ], [ -98.604627926314322, 22.101300212636055 ], [ -98.60412898837744, 22.101558011637668 ], [ -98.603605437800667, 22.101828525207537 ], [ -98.603057850693787, 22.102111455293951 ], [ -98.600766743375218, 22.103295203782441 ] ] ] } },
{ "type": "Feature", "properties": { "AREA": 5418300.1636699997, "PERIMETER": 12010.75002, "NOMBRE": null, "CVE_ESTADO": "24", "CVE_MPIO": "040", "CVE_EJIDO": "024", "CVEIN_CON": "24040024", "CLAVEUNICA": "2414109622191279", "CVE_EDO": "24", "CINA_MUN": "040", "CINA_NA": "031", "CVEMUNIN": "040", "CVENAIN": "024", "NOM_NA": "MANUEL AVILA CAMACHO II", "X": "98° 33' 15,15\" W", "Y": "22° 5' 33,82\" N", "Acres": null, "Hectares": null, "distancia_km": 3.4250885081241615 }, "geometry": { "type": "Polygon", "coordinates": [ [ [ -98.529166448609985, 22.086874469358985 ], [ -98.531047102489467, 22.086149590528034 ], [ -98.531148908889165, 22.085936899949761 ], [ -98.531610713701369, 22.08497209123307 ], [ -98.53205002364308, 22.084054258010248 ], [ -98.532322633468482, 22.08418568741547 ], [ -98.533731067902309, 22.084858768721698 ], [ -98.535548590903332, 22.085727323468621 ], [ -98.535989111597928, 22.085937834117313 ], [ -98.537662784447051, 22.08568372479996 ], [ -98.539318681826174, 22.085432296469346 ], [ -98.53987202877498, 22.085790137775479 ], [ -98.541151501585318, 22.08661753995985 ], [ -98.542376878375848, 22.087409941311993 ], [ -98.545802985620895, 22.089625370419785 ], [ -98.547853149850596, 22.090951004291618 ], [ -98.54791311144669, 22.090989774636213 ], [ -98.549642053458172, 22.090703341922289 ], [ -98.553170107008697, 22.090070394039486 ], [ -98.556387620063688, 22.089507602964797 ], [ -98.55671153870162, 22.089450940988453 ], [ -98.557832722933185, 22.08850653146084 ], [ -98.559261248060523, 22.08730320899285 ], [ -98.55984046477505, 22.086815294517638 ], [ -98.560581596166443, 22.086190980051018 ], [ -98.561200937014206, 22.085478151961119 ], [ -98.561764791213193, 22.084829177598184 ], [ -98.562388282095114, 22.084111554367961 ], [ -98.562990106059317, 22.08341885993028 ], [ -98.563972413796122, 22.082288212138007 ], [ -98.56414713561017, 22.082348375610408 ], [ -98.567475921653809, 22.083494560061158 ], [ -98.569749921679005, 22.084784839601149 ], [ -98.570859194645479, 22.085414227007512 ], [ -98.571216157579968, 22.088642016607047 ], [ -98.57137464316159, 22.090075057554049 ], [ -98.571383021176189, 22.090150811570282 ], [ -98.571567528813361, 22.091819110758049 ], [ -98.571763357922748, 22.093589737660068 ], [ -98.571972609649777, 22.095481682375947 ], [ -98.572340147987916, 22.098804658342882 ], [ -98.571455476209351, 22.099021422107615 ], [ -98.570230229372569, 22.100195849306978 ], [ -98.569437590041886, 22.100955596771282 ], [ -98.568628560114348, 22.101731042106397 ], [ -98.568598570115896, 22.101730488970741 ], [ -98.567981833045835, 22.101719112649477 ], [ -98.567028281379379, 22.101701518868243 ], [ -98.56668303614876, 22.101695147448424 ], [ -98.566599599255227, 22.101693607530621 ], [ -98.563593285112461, 22.101638094327072 ], [ -98.563529629073727, 22.101636918285958 ], [ -98.563529619972243, 22.101636918117837 ], [ -98.560406797238969, 22.101579193710336 ], [ -98.56035552882085, 22.101578245531432 ], [ -98.556986054351668, 22.101515893818888 ], [ -98.556906242655117, 22.101514416070504 ], [ -98.556481207195944, 22.101506545696459 ], [ -98.556044210484117, 22.101324081382636 ], [ -98.553607294012053, 22.100306537434335 ], [ -98.552802014276267, 22.099970278601916 ], [ -98.551693250379188, 22.099507285515763 ], [ -98.548285218207511, 22.098084107682364 ], [ -98.545034777733136, 22.0967266469859 ], [ -98.542403048715741, 22.095627508720135 ], [ -98.541260646439071, 22.095150367462427 ], [ -98.540073816860385, 22.094654658682924 ], [ -98.539271669349191, 22.094319615090022 ], [ -98.53770361568624, 22.094245283288565 ], [ -98.537595548020207, 22.09424015990724 ], [ -98.536172828231116, 22.094172703475888 ], [ -98.534620797139738, 22.094099101731349 ], [ -98.533202943468964, 22.094031850126655 ], [ -98.531605401594447, 22.093956060755804 ], [ -98.530356865905446, 22.093896736724126 ], [ -98.530003903176635, 22.091814692680504 ], [ -98.529850050226415, 22.090907121468248 ], [ -98.529393608095305, 22.088214559524165 ], [ -98.529243698667955, 22.087330216836072 ], [ -98.529166448609985, 22.086874469358985 ] ] ] } },
{ "type": "Feature", "properties": { "AREA": 2793681.34332, "PERIMETER": 10166.95876, "NOMBRE": null, "CVE_ESTADO": "24", "CVE_MPIO": "028", "CVE_EJIDO": "016", "CVEIN_CON": "24028016", "CLAVEUNICA": "2414109622182594", "CVE_EDO": "24", "CINA_MUN": "028", "CINA_NA": "020", "CVEMUNIN": "028", "CVENAIN": "016", "NOM_NA": "RANCHO VIEJO", "X": "100° 53' 5,11\" W", "Y": "22° 7' 31,40\" N", "Acres": null, "Hectares": null, "distancia_km": 2.4977032883590202 }, "geometry": { "type": "Polygon", "coordinates": [ [ [ -100.880202022009328, 22.13341988412547 ], [ -100.878968755290458, 22.133159185144596 ], [ -100.878020365681238, 22.132785151516476 ], [ -100.877907258821921, 22.131311554497383 ], [ -100.878337971950117, 22.12741984733881 ], [ -100.879945710430633, 22.120546407797253 ], [ -100.876171451422834, 22.119687641470396 ], [ -100.877017636272868, 22.113927411619475 ], [ -100.877157013642886, 22.111096675983944 ], [ -100.877262778774138, 22.108948587099327 ], [ -100.877386937508589, 22.109031236861831 ], [ -100.87944467770383, 22.110401000621895 ], [ -100.880082332200587, 22.110825453213575 ], [ -100.880763317322447, 22.11127874284016 ], [ -100.881505279652671, 22.111772614476713 ], [ -100.88180435948658, 22.11197168867167 ], [ -100.881877530623768, 22.112406988119091 ], [ -100.881959763590999, 22.112855328019403 ], [ -100.882018468028363, 22.113306202205699 ], [ -100.882066665046608, 22.113739125988491 ], [ -100.882124556982035, 22.114135818233134 ], [ -100.88220656925651, 22.114516427392278 ], [ -100.882227377819831, 22.114945158152334 ], [ -100.882278392025839, 22.115341927620705 ], [ -100.882299186904461, 22.115790974432485 ], [ -100.882247628786189, 22.116170867921408 ], [ -100.882216795997152, 22.116629543635785 ], [ -100.882118892834853, 22.117285409956857 ], [ -100.881986495284835, 22.117898777823282 ], [ -100.881782140892867, 22.118661987305536 ], [ -100.881597200358669, 22.119675575944658 ], [ -100.881919077347973, 22.120033109921781 ], [ -100.882247717751042, 22.120352175325863 ], [ -100.882596775843922, 22.120610040597963 ], [ -100.882976101339523, 22.120804353298873 ], [ -100.883612544683828, 22.120785722499175 ], [ -100.884045594922895, 22.12075588318929 ], [ -100.884540603488517, 22.120720827145004 ], [ -100.884963287343965, 22.120661761366041 ], [ -100.885478401552149, 22.120542923845576 ], [ -100.886464240252963, 22.12035543132092 ], [ -100.888007998292338, 22.120170520804912 ], [ -100.890034879611036, 22.120643769104635 ], [ -100.889340247984961, 22.121255059262765 ], [ -100.889327148832763, 22.123130621680961 ], [ -100.890920803891561, 22.123059726834587 ], [ -100.890552942048245, 22.127993999741147 ], [ -100.891454731123901, 22.127964934454187 ], [ -100.892589727674064, 22.128144398565315 ], [ -100.893345661377253, 22.124225084288909 ], [ -100.895910314345116, 22.124827403238243 ], [ -100.894317421167983, 22.133678166556752 ], [ -100.891665195319291, 22.133213389490944 ], [ -100.891340729806018, 22.135466795734541 ], [ -100.880202022009328, 22.13341988412547 ] ] ] } },
{ "type": "Feature", "properties": { "AREA": 15779823.172630001, "PERIMETER": 29200.40555, "NOMBRE": null, "CVE_ESTADO": "24", "CVE_MPIO": "028", "CVE_EJIDO": "031", "CVEIN_CON": "24028031", "CLAVEUNICA": "2414109622182958", "CVE_EDO": "24", "CINA_MUN": "028", "CINA_NA": "034", "CVEMUNIN": "028", "CVENAIN": "031", "NOM_NA": "SAN NICOLAS DE JASSOS", "X": "100° 48' 33,61\" W", "Y": "22° 6' 18,28\" N", "Acres": null, "Hectares": null, "distancia_km": 1.8105447527825875 }, "geometry": { "type": "Polygon", "coordinates": [ [ [ -100.817976606801835, 22.132607060377303 ], [ -100.812566989729191, 22.133015680527443 ], [ -100.810511662033278, 22.123009957583072 ], [ -100.810430846722397, 22.12261648941216 ], [ -100.808798553669547, 22.114668913088355 ], [ -100.808544641723984, 22.113432537326251 ], [ -100.808355311336712, 22.112510580187362 ], [ -100.808007144576251, 22.110815188221476 ], [ -100.80771536609295, 22.109394297141755 ], [ -100.808193674394019, 22.10689288608086 ], [ -100.808214072408973, 22.106786218488644 ], [ -100.808437993098622, 22.105615128672348 ], [ -100.808661502160291, 22.104446192590586 ], [ -100.808885362685487, 22.103275410002166 ], [ -100.80910903853102, 22.102105577485826 ], [ -100.809129480549913, 22.101998647408301 ], [ -100.809353316407865, 22.100827936820849 ], [ -100.80957625911779, 22.099661895979104 ], [ -100.809799880351932, 22.098492298109562 ], [ -100.809801361425244, 22.098484569052946 ], [ -100.77518625200257, 22.092334933232824 ], [ -100.761443884933456, 22.096419805379885 ], [ -100.75800533536831, 22.093714392903376 ], [ -100.752469109644792, 22.089358175267147 ], [ -100.750976183631636, 22.088183374624066 ], [ -100.743271084902332, 22.082119591401273 ], [ -100.753369417664189, 22.083678621932734 ], [ -100.782576873834103, 22.088184059869636 ], [ -100.786373127053949, 22.088769247759881 ], [ -100.790220341069997, 22.089362195477161 ], [ -100.794050530413017, 22.089952419806625 ], [ -100.797831740444011, 22.090535008280675 ], [ -100.801641433938656, 22.091121880564895 ], [ -100.805487942608238, 22.091714333374963 ], [ -100.809272275535989, 22.092297122622547 ], [ -100.810720905089369, 22.092520178489689 ], [ -100.813106862049182, 22.09288754634472 ], [ -100.814455896881725, 22.093095236618893 ], [ -100.814571648768606, 22.093113061289877 ], [ -100.816911363142182, 22.093473245486123 ], [ -100.818306402909812, 22.093687986963118 ], [ -100.81842213606258, 22.093705800023923 ], [ -100.820743746932237, 22.094063140283488 ], [ -100.820913817917202, 22.094089323041477 ], [ -100.822449225803908, 22.094325629024972 ], [ -100.822562745821571, 22.094343093494729 ], [ -100.826301910705567, 22.09491850569967 ], [ -100.826416101553022, 22.094936077340371 ], [ -100.826702316738817, 22.094980119754343 ], [ -100.828967622624234, 22.095906904752056 ], [ -100.829940238431362, 22.096304808872951 ], [ -100.830495680212479, 22.096532041782112 ], [ -100.831056355274484, 22.096761408608437 ], [ -100.83237267700585, 22.09729989804682 ], [ -100.832413790364797, 22.097316722517551 ], [ -100.833236749635049, 22.0976533734589 ], [ -100.833908459192685, 22.097928147807881 ], [ -100.834992410248475, 22.098371551526213 ], [ -100.835670381042647, 22.098648884969201 ], [ -100.837376532527543, 22.099346775484936 ], [ -100.842922741429206, 22.101615254328131 ], [ -100.843011555546681, 22.1039120028783 ], [ -100.843043471764517, 22.104737324867873 ], [ -100.843080491835522, 22.105694603063366 ], [ -100.843132134304753, 22.107029948483977 ], [ -100.843181380775334, 22.108303291559434 ], [ -100.843247702816967, 22.110018076386858 ], [ -100.843280897876895, 22.110876317176228 ], [ -100.843297392009873, 22.111302756449348 ], [ -100.84332813126062, 22.112097475036478 ], [ -100.843340721809767, 22.112422980128748 ], [ -100.843352292049161, 22.112722104341021 ], [ -100.843364528079974, 22.11303843839686 ], [ -100.843375657010128, 22.1133261484527 ], [ -100.843393619114039, 22.113790507746025 ], [ -100.843394038675527, 22.113801354271757 ], [ -100.843396974214272, 22.11387724366746 ], [ -100.843398035536794, 22.113904680923699 ], [ -100.843411319663275, 22.114248099231538 ], [ -100.843417589230668, 22.114410177544794 ], [ -100.843420731423592, 22.114491407958386 ], [ -100.843424851784008, 22.11459792518415 ], [ -100.843431065495039, 22.114758557911674 ], [ -100.843440202121428, 22.114994750559866 ], [ -100.843449480802661, 22.115234613855836 ], [ -100.843467223754985, 22.115693282522745 ], [ -100.843476791212183, 22.11594060598707 ], [ -100.843519821592963, 22.117052940740525 ], [ -100.843535469146389, 22.117457420977821 ], [ -100.843607554715035, 22.119320730800105 ], [ -100.843608365533683, 22.119341688700885 ], [ -100.838669939890778, 22.117527877554711 ], [ -100.838536819566897, 22.11746633780993 ], [ -100.838243469992008, 22.117330725637448 ], [ -100.834240660427355, 22.115480191044437 ], [ -100.834170766714351, 22.115447877212244 ], [ -100.834192716251948, 22.115380944988217 ], [ -100.832791717917431, 22.114771201009024 ], [ -100.831335689273331, 22.114106122589266 ], [ -100.828505027885015, 22.112813088566877 ], [ -100.828528336953084, 22.114160491566881 ], [ -100.828580804859385, 22.117193141891708 ], [ -100.828606414931897, 22.118673252188895 ], [ -100.828618427138878, 22.119367451595881 ], [ -100.828674955585939, 22.122633997030817 ], [ -100.828675531089061, 22.122667250442944 ], [ -100.828696629346112, 22.123886303207815 ], [ -100.828735182565239, 22.126113722393622 ], [ -100.828771348669477, 22.128203016995897 ], [ -100.828778452320961, 22.12861336704572 ], [ -100.828779782518325, 22.128690206459058 ], [ -100.828787676162563, 22.129146180532899 ], [ -100.828794642879259, 22.129548602918078 ], [ -100.828806469843002, 22.130231753344273 ], [ -100.828329873800868, 22.130336301397271 ], [ -100.827480105095745, 22.13052270634995 ], [ -100.826574766018098, 22.130721295871943 ], [ -100.825709873442264, 22.130911008168933 ], [ -100.825083759813083, 22.131048341695749 ], [ -100.823541796921333, 22.131386548970543 ], [ -100.822942734619573, 22.131517940328067 ], [ -100.817976606801835, 22.132607060377303 ] ] ] } },
{ "type": "Feature", "properties": { "AREA": 122567740.65730999, "PERIMETER": 67939.21928, "NOMBRE": null, "CVE_ESTADO": "24", "CVE_MPIO": "030", "CVE_EJIDO": "006", "CVEIN_CON": "24030006", "CLAVEUNICA": "2414109622184792", "CVE_EDO": "24", "CINA_MUN": "030", "CINA_NA": "007", "CVEMUNIN": "030", "CVENAIN": "006", "NOM_NA": "SANTA CATARINA", "X": "100° 29' 34,20\" W", "Y": "22° 2' 23,06\" N", "Acres": null, "Hectares": null, "distancia_km": 2.1037947702789168 }, "geometry": { "type": "Polygon", "coordinates": [ [ [ -100.462873370588781, 22.121033479311226 ], [ -100.451290324710797, 22.119798228072714 ], [ -100.447887176604866, 22.119435144589964 ], [ -100.446163232691745, 22.11925118822257 ], [ -100.444891243880903, 22.119115446432232 ], [ -100.442935634079021, 22.11815508526653 ], [ -100.441494773750179, 22.11744748337992 ], [ -100.431172692941644, 22.112377747900425 ], [ -100.420915439351049, 22.094850524483885 ], [ -100.429562009105126, 22.079288578392649 ], [ -100.424850516319921, 22.069825750584329 ], [ -100.423948537614038, 22.068013994416955 ], [ -100.430049834114897, 22.064353573285267 ], [ -100.43113653000664, 22.064277781316409 ], [ -100.432647400429744, 22.063770265231053 ], [ -100.433191836394798, 22.063118330312367 ], [ -100.433276478267175, 22.063078839583532 ], [ -100.433441113591385, 22.062908860613501 ], [ -100.434016962463346, 22.062818376274585 ], [ -100.434375161980185, 22.062710550111053 ], [ -100.434655319614635, 22.062652869253405 ], [ -100.434820067957531, 22.062634470592887 ], [ -100.435331047114161, 22.062656986537021 ], [ -100.435663326517187, 22.06276334565985 ], [ -100.435787208514185, 22.06281560417386 ], [ -100.436436790876854, 22.062908708147919 ], [ -100.437598721914625, 22.062679501760627 ], [ -100.439184873706125, 22.061891928231059 ], [ -100.439843304494431, 22.061391320070779 ], [ -100.44071957188055, 22.060909150545857 ], [ -100.441997419022755, 22.059655933940839 ], [ -100.44218278407007, 22.059093187387258 ], [ -100.439965255649867, 22.058308134550391 ], [ -100.44004793648844, 22.057753790212377 ], [ -100.440103318795494, 22.057382470447408 ], [ -100.440189218792597, 22.056806536743149 ], [ -100.440228880058612, 22.056540618564618 ], [ -100.44023788293147, 22.056480256601905 ], [ -100.440288140856651, 22.056143289294205 ], [ -100.440459060372291, 22.054997305390973 ], [ -100.440572959069087, 22.054233627321675 ], [ -100.440650704773617, 22.053712347226391 ], [ -100.437432136160396, 22.053236980199259 ], [ -100.436607228352216, 22.053197946763014 ], [ -100.435345872809776, 22.053138253156629 ], [ -100.433069950941487, 22.053030520425107 ], [ -100.423042598326731, 22.052555486921733 ], [ -100.421308029751401, 22.050676247953305 ], [ -100.421213850813331, 22.050574212045063 ], [ -100.420990313691803, 22.050332025292526 ], [ -100.420804566759543, 22.050130780647741 ], [ -100.42056137059285, 22.050028267984853 ], [ -100.419124019758016, 22.049512162755704 ], [ -100.419750513590287, 22.048960841281744 ], [ -100.420193907742004, 22.048570647457055 ], [ -100.420483028905636, 22.048316213106677 ], [ -100.420787881441981, 22.048047930398248 ], [ -100.421539913391484, 22.04738611120807 ], [ -100.422398471201276, 22.046630536216636 ], [ -100.422421521901583, 22.046610247640817 ], [ -100.422695450469305, 22.04636917430199 ], [ -100.422810357869366, 22.046268050345162 ], [ -100.42331891035407, 22.045820485985871 ], [ -100.42409964506767, 22.045133377301461 ], [ -100.425320568695042, 22.044058841311472 ], [ -100.42545367211612, 22.043941696156402 ], [ -100.425514139595677, 22.043888483110035 ], [ -100.42564505294294, 22.043773262737385 ], [ -100.425648875346951, 22.043769896460702 ], [ -100.426736395906772, 22.042812742493513 ], [ -100.426796286223563, 22.042760039858436 ], [ -100.427021133437478, 22.042562138342728 ], [ -100.427191362733709, 22.042412313894992 ], [ -100.427893375872145, 22.041794440334904 ], [ -100.427940021611874, 22.041753387312184 ], [ -100.428100904430295, 22.041611781779146 ], [ -100.429160733385146, 22.04067896217364 ], [ -100.429254205803289, 22.040596691283834 ], [ -100.429330209050903, 22.040529792586952 ], [ -100.429435407335902, 22.040437203494978 ], [ -100.429827541845015, 22.040092053528021 ], [ -100.430342426695802, 22.039638849683328 ], [ -100.430384970348186, 22.03960140871478 ], [ -100.430729975934369, 22.039297730131715 ], [ -100.431079628237356, 22.038989972744574 ], [ -100.431292718600815, 22.03880241139489 ], [ -100.431718273488727, 22.038427844380138 ], [ -100.432064838707845, 22.038122785655251 ], [ -100.432378626508736, 22.037846582713097 ], [ -100.433169702405735, 22.03715024786819 ], [ -100.436401887563164, 22.034305069932319 ], [ -100.436845463961191, 22.034293284487998 ], [ -100.43739438926815, 22.034278694505996 ], [ -100.437998909095185, 22.034262630014894 ], [ -100.441524741184764, 22.034168867241252 ], [ -100.441853281712639, 22.034160131123279 ], [ -100.441859402928301, 22.034159968842967 ], [ -100.443001995971144, 22.034129564421924 ], [ -100.443615394846589, 22.034113247453391 ], [ -100.443701963322397, 22.034110939808105 ], [ -100.443967857823793, 22.034103862673295 ], [ -100.444476411224954, 22.034090318509371 ], [ -100.44520001990594, 22.034071054463123 ], [ -100.445617171503045, 22.034059948171976 ], [ -100.446152097779702, 22.034045705367117 ], [ -100.44715662155248, 22.034018956986959 ], [ -100.447579409364394, 22.03400768751456 ], [ -100.447589123850804, 22.034007430032947 ], [ -100.451704596381873, 22.033897749005515 ], [ -100.451839591298224, 22.033894149725818 ], [ -100.453200232271968, 22.033857857238761 ], [ -100.453275032464418, 22.033855865742286 ], [ -100.453666069709655, 22.033845431368128 ], [ -100.453917918451836, 22.033838715686706 ], [ -100.454858900230249, 22.03381360425659 ], [ -100.455664867544414, 22.033792099174164 ], [ -100.455850991030474, 22.033787129872245 ], [ -100.45680200552367, 22.033761746498808 ], [ -100.458995648152609, 22.033703172001115 ], [ -100.474243448586805, 22.027479929652195 ], [ -100.474375502882694, 22.02742602823049 ], [ -100.474514444784603, 22.027369309835965 ], [ -100.474977593300679, 22.027180247623711 ], [ -100.476845010921664, 22.026417936360403 ], [ -100.477146756072514, 22.026294751132735 ], [ -100.481305883317333, 22.024596813955537 ], [ -100.50828835402811, 22.008824839494277 ], [ -100.518021536860331, 22.002001663656628 ], [ -100.518102485635239, 22.001944905072968 ], [ -100.520197230554345, 22.000476287913024 ], [ -100.505749286569952, 21.982098816319461 ], [ -100.50131937360139, 21.975745368993891 ], [ -100.498598315049676, 21.964547259773987 ], [ -100.525166556550502, 21.937222514705436 ], [ -100.531253793974216, 21.938658045733295 ], [ -100.538244630690414, 21.940306350529664 ], [ -100.539010325888171, 21.95045809256246 ], [ -100.544305014243193, 21.972420733083929 ], [ -100.551799676880677, 22.003495360363637 ], [ -100.553766770987707, 22.029669435496736 ], [ -100.548783160608977, 22.035487171969962 ], [ -100.546174177322456, 22.041467848814889 ], [ -100.530426752066475, 22.061978703024742 ], [ -100.542847685286219, 22.069630873487778 ], [ -100.532435513659195, 22.071328343828757 ], [ -100.528613950595769, 22.071951188940499 ], [ -100.52845681972039, 22.071976796399913 ], [ -100.528378253015291, 22.071989600276655 ], [ -100.528221123175072, 22.072015207329358 ], [ -100.52554380283884, 22.072451499069949 ], [ -100.525390208296045, 22.072476527188108 ], [ -100.525313423856616, 22.072489039099374 ], [ -100.525159828628219, 22.072514067101888 ], [ -100.522699909337774, 22.072914887552574 ], [ -100.516968859226807, 22.073848552128457 ], [ -100.51671892903444, 22.073889257139289 ], [ -100.516593983254509, 22.073909609324577 ], [ -100.516344062596914, 22.073950322715671 ], [ -100.509765985250937, 22.075021690465572 ], [ -100.509611202883761, 22.075046901228497 ], [ -100.509533801938431, 22.075059502129928 ], [ -100.509379019379097, 22.075084703646208 ], [ -100.505288481268124, 22.075750780479314 ], [ -100.500012899945531, 22.075496993863798 ], [ -100.499849780617126, 22.075489141668822 ], [ -100.499768230693121, 22.07548521993678 ], [ -100.499605101686313, 22.075477367585037 ], [ -100.498719105408483, 22.07543472879409 ], [ -100.498357749390735, 22.075417338255576 ], [ -100.494740855792088, 22.07524321140852 ], [ -100.493936458978681, 22.075204470346879 ], [ -100.493869326527843, 22.075201235879035 ], [ -100.493399118309881, 22.075178587362263 ], [ -100.492524273579733, 22.075136454252402 ], [ -100.462873370588781, 22.121033479311226 ] ], [ [ -100.454052080966164, 22.05343738817561 ], [ -100.454312707410367, 22.053661804249259 ], [ -100.454517889980892, 22.053838478767922 ], [ -100.455575344182776, 22.053042135965544 ], [ -100.455860371479588, 22.05282748628176 ], [ -100.456212328036372, 22.052562431671177 ], [ -100.456261456967511, 22.052525433078866 ], [ -100.456372561291161, 22.052186424947461 ], [ -100.45522854796917, 22.05212361899277 ], [ -100.454859252976689, 22.052536016763927 ], [ -100.454829914326439, 22.052568779582817 ], [ -100.454052080966164, 22.05343738817561 ] ], [ [ -100.449951542533, 22.051785049424495 ], [ -100.450653978025258, 22.050904785078373 ], [ -100.452345596550288, 22.047886442345717 ], [ -100.454135245104737, 22.047583982783134 ], [ -100.453836224125467, 22.046716392906934 ], [ -100.453956083396875, 22.046617248161869 ], [ -100.454069296022396, 22.046523601163248 ], [ -100.45421372870625, 22.046404129334103 ], [ -100.454417836312814, 22.046235295059336 ], [ -100.45453857940376, 22.046135418168021 ], [ -100.454659748865865, 22.046035188368439 ], [ -100.454782744701106, 22.045933447581721 ], [ -100.454940148375286, 22.045803244680819 ], [ -100.455340777376279, 22.045486143450937 ], [ -100.456275014061262, 22.044746678202184 ], [ -100.45427724409771, 22.04451837595883 ], [ -100.452379574641881, 22.046582329556184 ], [ -100.452204367993403, 22.046980241974111 ], [ -100.452084037045793, 22.047253524697922 ], [ -100.452042106361745, 22.047348752914729 ], [ -100.451962637100834, 22.047529234139162 ], [ -100.451781467627669, 22.047940683176851 ], [ -100.451669470530675, 22.048195035513796 ], [ -100.451528649280149, 22.048514847996735 ], [ -100.451453471433794, 22.048585874987889 ], [ -100.451257969191104, 22.048770582361854 ], [ -100.451137147722335, 22.048884732191773 ], [ -100.450542287580234, 22.049446740920818 ], [ -100.450516096015704, 22.049471485893875 ], [ -100.449495592980711, 22.050435615852436 ], [ -100.448417816237409, 22.051536625455672 ], [ -100.448359814204466, 22.051595877141835 ], [ -100.448418645764207, 22.051614962505237 ], [ -100.448978588695965, 22.051796610502567 ], [ -100.449865054700723, 22.051786077348048 ], [ -100.449951542533, 22.051785049424495 ] ], [ [ -100.458541810841339, 22.050876008241215 ], [ -100.458836511902959, 22.050836421103028 ], [ -100.459068698073523, 22.050805231192061 ], [ -100.459486870293034, 22.05064925905447 ], [ -100.45959242675994, 22.050609887813327 ], [ -100.459653427181124, 22.050582437985234 ], [ -100.459733866348728, 22.050546240786591 ], [ -100.459845955363321, 22.05049580123384 ], [ -100.459921302177179, 22.050461895437998 ], [ -100.460151718922901, 22.050358208435203 ], [ -100.460545058164698, 22.050181205601213 ], [ -100.460647985924368, 22.050134887840365 ], [ -100.460289964672839, 22.050026653915673 ], [ -100.460094207986032, 22.049967474018807 ], [ -100.459778598639545, 22.049872060431994 ], [ -100.459657324898814, 22.049627517597806 ], [ -100.459410904936718, 22.049130620173493 ], [ -100.45938564705699, 22.049079688288774 ], [ -100.459351996240045, 22.049011832187922 ], [ -100.459242015828664, 22.048790058671255 ], [ -100.459152305257845, 22.048609158311766 ], [ -100.459148110799418, 22.048600700220128 ], [ -100.459133291910774, 22.048581006446938 ], [ -100.459023719053718, 22.048435387815367 ], [ -100.458889807125686, 22.048257422846245 ], [ -100.458696381771759, 22.048000365264876 ], [ -100.458589051867321, 22.047857725906194 ], [ -100.458399821237904, 22.047606241172694 ], [ -100.458323821992607, 22.047505238953473 ], [ -100.458275230539599, 22.047440661321009 ], [ -100.458211856367669, 22.047356437449309 ], [ -100.458180007860619, 22.047314110942192 ], [ -100.458030523019886, 22.047115445869366 ], [ -100.457987955886225, 22.047058874098525 ], [ -100.457920134442375, 22.046968739186081 ], [ -100.457884335416651, 22.046921162116806 ], [ -100.457727227788197, 22.046712364838619 ], [ -100.45713000914364, 22.046390139864219 ], [ -100.457070351621709, 22.046852761184134 ], [ -100.457032987319465, 22.047142505913385 ], [ -100.457016218748109, 22.047272538962424 ], [ -100.457007504364512, 22.047340115182106 ], [ -100.456992480118501, 22.047456621498416 ], [ -100.456953101955676, 22.0477619808286 ], [ -100.456931252878519, 22.047931409877492 ], [ -100.456959598111965, 22.047955402971336 ], [ -100.457015941667706, 22.048003095464065 ], [ -100.457179925179133, 22.048141900436992 ], [ -100.456498929047697, 22.048745733941221 ], [ -100.456362215544374, 22.048866955718427 ], [ -100.458541810841339, 22.050876008241215 ] ] ] } },
{ "type": "Feature", "properties": { "AREA": 42199956.751359999, "PERIMETER": 58157.79718, "NOMBRE": null, "CVE_ESTADO": "24", "CVE_MPIO": "011", "CVE_EJIDO": "007", "CVEIN_CON": "24011007", "CLAVEUNICA": "2414109622168159", "CVE_EDO": "24", "CINA_MUN": "011", "CINA_NA": "005", "CVEMUNIN": "011", "CVENAIN": "007", "NOM_NA": "LA NORIA", "X": "100° 8' 18,52\" W", "Y": "22° 3' 25,02\" N", "Acres": null, "Hectares": null, "distancia_km": 5.1780265022442213 }, "geometry": { "type": "Polygon", "coordinates": [ [ [ -100.122226725885952, 22.111283994852656 ], [ -100.116994051117615, 22.109118795714249 ], [ -100.147907917842318, 22.054094473275111 ], [ -100.125157774768965, 22.054451815734737 ], [ -100.089637338115594, 22.032325153681487 ], [ -100.092026413567041, 22.025606995730925 ], [ -100.097775828643691, 22.015841892599855 ], [ -100.099179365534525, 22.015812219647412 ], [ -100.099824996810284, 22.015798565961241 ], [ -100.100914970580575, 22.015775509632824 ], [ -100.101806261754206, 22.01575665066952 ], [ -100.102527318330303, 22.015741390178089 ], [ -100.10334446347737, 22.015564230537834 ], [ -100.104208290712123, 22.015376945208448 ], [ -100.10507910753995, 22.015188139412309 ], [ -100.106053681782171, 22.014927539216135 ], [ -100.106467898644851, 22.014963857773743 ], [ -100.106821403401625, 22.015026420601277 ], [ -100.107193325828391, 22.015144007793154 ], [ -100.107733900046512, 22.015314914145382 ], [ -100.108528461225021, 22.015458844912018 ], [ -100.109620135841809, 22.012019290633202 ], [ -100.109827303648572, 22.012101572862218 ], [ -100.110775301498151, 22.010876775480423 ], [ -100.110827308366311, 22.010809582731376 ], [ -100.111186932325879, 22.011043067896409 ], [ -100.111365195586941, 22.011158804384234 ], [ -100.111919764936872, 22.011518853118027 ], [ -100.112218974457988, 22.011713110399725 ], [ -100.112716425793622, 22.012036070750781 ], [ -100.113511810444635, 22.012552452010386 ], [ -100.114317017221879, 22.013075202052313 ], [ -100.114920718390167, 22.013467126947209 ], [ -100.115812891100987, 22.014048374812916 ], [ -100.115936485922845, 22.01412524104569 ], [ -100.116059079596994, 22.014201484464866 ], [ -100.116311827966229, 22.014377108141101 ], [ -100.116535717691818, 22.014532678513422 ], [ -100.116722141143029, 22.014225908945456 ], [ -100.116918322555009, 22.013903080548058 ], [ -100.117251084383881, 22.013355497065881 ], [ -100.117140460271074, 22.013361409086304 ], [ -100.117140588854227, 22.013291300691769 ], [ -100.117280505295383, 22.013319642051062 ], [ -100.117322895823634, 22.013294656027142 ], [ -100.117332482701769, 22.013259929536339 ], [ -100.117339870703887, 22.013233168009737 ], [ -100.117511383565002, 22.012944676293809 ], [ -100.117607333813069, 22.012800789952482 ], [ -100.117918754203046, 22.012280353109631 ], [ -100.117992463033715, 22.012163111737873 ], [ -100.118106016606561, 22.011982492835674 ], [ -100.11844734150641, 22.01143957656744 ], [ -100.118751027382231, 22.010956525543612 ], [ -100.118904497438876, 22.010712410486491 ], [ -100.119250757088565, 22.01016163381879 ], [ -100.119274177680694, 22.010173627512994 ], [ -100.119522105244414, 22.010300592131827 ], [ -100.119633856530811, 22.010357818500832 ], [ -100.120199476021995, 22.010647468755963 ], [ -100.120455554310553, 22.011042887487637 ], [ -100.120455559420307, 22.011042895377823 ], [ -100.120624885472509, 22.01130435569106 ], [ -100.12085071575099, 22.011653063646222 ], [ -100.12096852732347, 22.011834977439239 ], [ -100.121337183974362, 22.012404219401759 ], [ -100.121376359074532, 22.012450879404287 ], [ -100.123672258204266, 22.009596171874005 ], [ -100.121155823407761, 22.007319781741693 ], [ -100.122380908718426, 22.006824136705198 ], [ -100.122948910092333, 22.006594330485406 ], [ -100.124098051758168, 22.006496538138734 ], [ -100.124558866863723, 22.006765722977264 ], [ -100.124935660400055, 22.005764569970523 ], [ -100.125510532553207, 22.003668196111416 ], [ -100.124768215719826, 22.003252753456159 ], [ -100.123989820521004, 22.003147089824946 ], [ -100.123288022854524, 22.003966477432478 ], [ -100.12204344602786, 22.002083532291284 ], [ -100.121791309380313, 22.001812641077873 ], [ -100.121487079893356, 22.001658942578739 ], [ -100.121487105927756, 22.001600920471425 ], [ -100.121487494877925, 22.000734373902826 ], [ -100.121488553456288, 21.998378773710936 ], [ -100.121488997649365, 21.997391557703754 ], [ -100.121489033417745, 21.997312093904757 ], [ -100.121490853421776, 21.993274897650444 ], [ -100.121491753630423, 21.991282464644364 ], [ -100.122748395266342, 21.991989677949739 ], [ -100.123461355173575, 21.991462833336332 ], [ -100.135301089113568, 22.000790680437603 ], [ -100.135899068271016, 22.001512264136181 ], [ -100.131845093811975, 22.002602610909097 ], [ -100.131867860428912, 22.001959807541532 ], [ -100.132220082904681, 22.001645456474765 ], [ -100.131790217111018, 22.001203787399323 ], [ -100.13120559224879, 22.001571980450514 ], [ -100.13084049261748, 22.001605211854248 ], [ -100.130337709405595, 22.001504461289599 ], [ -100.129701900331725, 22.002022539103418 ], [ -100.129721403760584, 22.002397196083344 ], [ -100.129617111089075, 22.002599555760263 ], [ -100.129494528581887, 22.002757778226083 ], [ -100.129186439890219, 22.002903303686839 ], [ -100.128886004972514, 22.002925480458028 ], [ -100.128650211031427, 22.002942893841482 ], [ -100.128503893776724, 22.003249406238606 ], [ -100.128049232286671, 22.004201844115386 ], [ -100.127782878919319, 22.004759802571183 ], [ -100.130212327837725, 22.006015611456782 ], [ -100.129850269250795, 22.006809305566733 ], [ -100.130245070347286, 22.007111719740969 ], [ -100.130357897946851, 22.007322131084717 ], [ -100.130130033908785, 22.008240535413229 ], [ -100.129259390983506, 22.008723628012646 ], [ -100.129179141755202, 22.008960816782228 ], [ -100.129440044101287, 22.009484910354335 ], [ -100.128946231792625, 22.010663397894998 ], [ -100.129336875551914, 22.010992580965361 ], [ -100.129315877204988, 22.011422222193417 ], [ -100.12950118755252, 22.011503162272717 ], [ -100.130138598355657, 22.011781568990504 ], [ -100.130184042147278, 22.011873397966074 ], [ -100.130334553706689, 22.012177538019223 ], [ -100.130501393922401, 22.012514674496437 ], [ -100.130583542797936, 22.012680672566571 ], [ -100.13061513627062, 22.012744509641639 ], [ -100.130969549416875, 22.013255669812033 ], [ -100.131272438661625, 22.013619346089293 ], [ -100.131572211859293, 22.014012527864203 ], [ -100.132215341696352, 22.014470111504217 ], [ -100.132813825681964, 22.014618076206219 ], [ -100.133605976833593, 22.014813917847835 ], [ -100.134479085198265, 22.015029769225478 ], [ -100.134648964343356, 22.015060126136476 ], [ -100.135295401649486, 22.01517564086598 ], [ -100.135666169726392, 22.015218626978029 ], [ -100.136058863198585, 22.015129421027698 ], [ -100.136709122922255, 22.014920272939516 ], [ -100.137156210566957, 22.014776470722691 ], [ -100.137633503819018, 22.014622952247905 ], [ -100.137661545158466, 22.014613932115477 ], [ -100.137973739051915, 22.014643309003716 ], [ -100.138308055923673, 22.014674765494092 ], [ -100.138527160690614, 22.014695381546286 ], [ -100.138721501450703, 22.014718195433979 ], [ -100.138780187993589, 22.014936431938537 ], [ -100.139429638978072, 22.017351481917842 ], [ -100.137667952416336, 22.018123430918799 ], [ -100.137135607046176, 22.018356692708043 ], [ -100.136540597903277, 22.018617409450258 ], [ -100.134385234511839, 22.019561805100206 ], [ -100.134059123497224, 22.019704690643621 ], [ -100.13300924440945, 22.019701640559166 ], [ -100.132511189528941, 22.019700191268544 ], [ -100.13210062096266, 22.019698995415823 ], [ -100.12789368340799, 22.019686682681925 ], [ -100.125385011707863, 22.020189920698385 ], [ -100.12543908202241, 22.02066106870938 ], [ -100.125351168377335, 22.021414053540248 ], [ -100.125301536589987, 22.021839149489733 ], [ -100.130232538366045, 22.025856040554224 ], [ -100.130847056145598, 22.026356611684317 ], [ -100.130750914007379, 22.027181000655514 ], [ -100.128734072808726, 22.02972857048464 ], [ -100.128318805669991, 22.030253100566277 ], [ -100.128240671946216, 22.030778363134502 ], [ -100.129910080289108, 22.031776793205939 ], [ -100.133633296844664, 22.030258160134668 ], [ -100.135869926438261, 22.031655584105351 ], [ -100.136271816108106, 22.032577168920589 ], [ -100.136340530993778, 22.032669018469562 ], [ -100.136653931311756, 22.033087931245966 ], [ -100.13638177238991, 22.034985031225482 ], [ -100.136317632593745, 22.035432115283804 ], [ -100.136482901080655, 22.035987163434765 ], [ -100.140029007592844, 22.03828211654471 ], [ -100.140081335367199, 22.038411856750294 ], [ -100.140459415127594, 22.039349250396707 ], [ -100.141684289886058, 22.039882952858019 ], [ -100.142086340098288, 22.038889547596803 ], [ -100.142219387365671, 22.038560804837896 ], [ -100.142414191553797, 22.03807946547461 ], [ -100.142727445849999, 22.037305442249636 ], [ -100.143179289276176, 22.03618896342314 ], [ -100.144068372727972, 22.033992037666792 ], [ -100.14414960860563, 22.033791300347644 ], [ -100.146188958279012, 22.033450248136223 ], [ -100.146248945505249, 22.033440215720034 ], [ -100.146711519283514, 22.033594155928498 ], [ -100.15502847893606, 22.040367452228661 ], [ -100.155701087642072, 22.040915173676531 ], [ -100.158775038098256, 22.043418273652584 ], [ -100.160691133219231, 22.042774069077296 ], [ -100.168644034824268, 22.04009994990583 ], [ -100.158271741264073, 22.065531167550137 ], [ -100.197340911750601, 22.086044038623523 ], [ -100.184946846352091, 22.093666409777693 ], [ -100.145811700223305, 22.089785502187279 ], [ -100.143477244819763, 22.105356040956231 ], [ -100.122601326468583, 22.111179526229126 ], [ -100.122226725885952, 22.111283994852656 ] ], [ [ -100.11707703915755, 22.018929149760663 ], [ -100.117308131589951, 22.017764960999504 ], [ -100.117563628510965, 22.016354276264583 ], [ -100.117203796988321, 22.016053840112018 ], [ -100.117030980603076, 22.015909548802149 ], [ -100.116726721265692, 22.015655509324752 ], [ -100.116182950149749, 22.018329296738681 ], [ -100.11707703915755, 22.018929149760663 ] ], [ [ -100.115341105551423, 22.017936144493898 ], [ -100.115982741673335, 22.014690191485357 ], [ -100.115890199913864, 22.01463615840445 ], [ -100.1156214170704, 22.014479221520855 ], [ -100.115534188524407, 22.014428288902568 ], [ -100.115275461096374, 22.014277223614691 ], [ -100.115267901948883, 22.014272809940007 ], [ -100.114721094772051, 22.01395353560445 ], [ -100.114523164049103, 22.013837965339867 ], [ -100.11445605214702, 22.013794026155725 ], [ -100.114331044681478, 22.013712181714986 ], [ -100.114025701138672, 22.013512267464314 ], [ -100.11380352122282, 22.013366801299018 ], [ -100.112681486780929, 22.017516667717548 ], [ -100.113609987579167, 22.017663116684467 ], [ -100.114536922832713, 22.017809313131821 ], [ -100.114931879389928, 22.017871604075896 ], [ -100.115341105551423, 22.017936144493898 ] ], [ [ -100.11150475095809, 22.016597238089389 ], [ -100.112423049287457, 22.012687159505397 ], [ -100.112363456890307, 22.012664139034104 ], [ -100.112183508941001, 22.012594625178071 ], [ -100.112006344637891, 22.012526185750239 ], [ -100.111825233628622, 22.012456222693288 ], [ -100.11161697088535, 22.012810079309354 ], [ -100.110221462508349, 22.012256390707421 ], [ -100.109177524356994, 22.015520658929898 ], [ -100.111015043323121, 22.016370702652356 ], [ -100.11150475095809, 22.016597238089389 ] ], [ [ -100.118062482108854, 22.014250576104697 ], [ -100.118082265683356, 22.014202609792335 ], [ -100.118252833244384, 22.013802345653961 ], [ -100.117913716503523, 22.01373027865063 ], [ -100.117823724696748, 22.013712473486695 ], [ -100.117636867753717, 22.01387265263314 ], [ -100.117632399974738, 22.014036718940041 ], [ -100.118062482108854, 22.014250576104697 ] ] ] } },
{ "type": "Feature", "properties": { "AREA": 44767064.932899997, "PERIMETER": 39959.36158, "NOMBRE": null, "CVE_ESTADO": "24", "CVE_MPIO": "011", "CVE_EJIDO": "014", "CVEIN_CON": "24011014", "CLAVEUNICA": "2414109622168047", "CVE_EDO": "24", "CINA_MUN": "011", "CINA_NA": "014", "CVEMUNIN": "011", "CVENAIN": "014", "NOM_NA": "SANTA ANA Y SU ANEXO EL SERMON", "X": "100° 17' 34,30\" W", "Y": "22° 4' 26,86\" N", "Acres": null, "Hectares": null, "distancia_km": 4.1385533652735784 }, "geometry": { "type": "Polygon", "coordinates": [ [ [ -100.269547528329468, 22.072467375792499 ], [ -100.271181891941197, 22.071398701445823 ], [ -100.275777652746939, 22.072192182102722 ], [ -100.28405390881943, 22.059917317415252 ], [ -100.286387828629245, 22.058465427392839 ], [ -100.28660544641653, 22.058330048098998 ], [ -100.304645577764063, 22.047105482567687 ], [ -100.306555086095756, 22.045916276255745 ], [ -100.309884149552985, 22.043560545194488 ], [ -100.311425070780658, 22.042626601310239 ], [ -100.32188459023682, 22.037284216859916 ], [ -100.32222742588354, 22.038307736209006 ], [ -100.335093932409023, 22.039137092816638 ], [ -100.338141229927786, 22.039498946881316 ], [ -100.33898114036576, 22.039990534665112 ], [ -100.340382186924984, 22.041297227999173 ], [ -100.341506489941622, 22.042504747252885 ], [ -100.347470300039575, 22.048646785613109 ], [ -100.344083451965574, 22.061506723742589 ], [ -100.339878492631883, 22.06993719792068 ], [ -100.328134562510343, 22.078208675194652 ], [ -100.323172381388915, 22.0813149494894 ], [ -100.321212255724831, 22.080841776709828 ], [ -100.319874701648757, 22.081635815414661 ], [ -100.31772833387997, 22.082909965695389 ], [ -100.317729303139345, 22.08302695910287 ], [ -100.317420270153804, 22.083072788718553 ], [ -100.312927798866511, 22.085836721970054 ], [ -100.313075395190396, 22.086125695852388 ], [ -100.317828545978045, 22.083198151785986 ], [ -100.318015754331043, 22.083549499365205 ], [ -100.318139415832363, 22.083781582787353 ], [ -100.31817443686316, 22.083847308823113 ], [ -100.318378315388159, 22.084229938237563 ], [ -100.313546815989426, 22.087211331430922 ], [ -100.313515532055533, 22.087230451615614 ], [ -100.312050129859202, 22.088126067209913 ], [ -100.309794981465359, 22.089364201100555 ], [ -100.307029095023651, 22.090882672718124 ], [ -100.294119964608797, 22.097968758231421 ], [ -100.280644096604291, 22.102117144651096 ], [ -100.26318438365125, 22.102328870492801 ], [ -100.238987631772474, 22.112516629426143 ], [ -100.240659600145477, 22.098513258397457 ], [ -100.242245941807553, 22.070666216712091 ], [ -100.239163969639279, 22.065782598130628 ], [ -100.269547528329468, 22.072467375792499 ] ], [ [ -100.30997437798473, 22.085259492138665 ], [ -100.312069660912329, 22.084506600145939 ], [ -100.311904503829382, 22.084211009558516 ], [ -100.309755062540361, 22.084986671260801 ], [ -100.30997437798473, 22.085259492138665 ] ], [ [ -100.312473988445646, 22.084941940434099 ], [ -100.312558850232435, 22.085107543235367 ], [ -100.315901465659152, 22.08306892381335 ], [ -100.315796666739104, 22.082932749403664 ], [ -100.312473988445646, 22.084941940434099 ] ], [ [ -100.294064886702699, 22.078346921395838 ], [ -100.294179566745939, 22.07862034044355 ], [ -100.295794647059566, 22.077437493488983 ], [ -100.297209251571232, 22.075487032816707 ], [ -100.297897325961088, 22.074505885376649 ], [ -100.29833855111886, 22.073920742455236 ], [ -100.297859878812318, 22.073666682077199 ], [ -100.297695838989966, 22.073033528015426 ], [ -100.29737602247441, 22.072007263829523 ], [ -100.297057152392895, 22.071399463536572 ], [ -100.297052145870438, 22.071344665009306 ], [ -100.295866441872079, 22.070231292864086 ], [ -100.294907673233581, 22.068507943835165 ], [ -100.292552342757929, 22.069268691244481 ], [ -100.292053320263292, 22.069203740313945 ], [ -100.291910944268025, 22.069498251239224 ], [ -100.29298421684328, 22.070906732642761 ], [ -100.293836906470133, 22.073008449779071 ], [ -100.290887127517848, 22.076741035332525 ], [ -100.29063245223243, 22.077198182568402 ], [ -100.291936774088839, 22.077353662511147 ], [ -100.292224822987137, 22.078778003344055 ], [ -100.294064886702699, 22.078346921395838 ] ], [ [ -100.311409914463923, 22.07689243644926 ], [ -100.31170087303569, 22.076998920678172 ], [ -100.311752735204607, 22.076810397180139 ], [ -100.311687846031802, 22.076341674144295 ], [ -100.312417669498771, 22.075889400968876 ], [ -100.312072727442867, 22.075347962358119 ], [ -100.311650444286585, 22.075377062800236 ], [ -100.311120516595778, 22.075413579704822 ], [ -100.310828850653209, 22.075433677439825 ], [ -100.310028385279637, 22.075488832167359 ], [ -100.31020649027748, 22.075759589231208 ], [ -100.310336035093371, 22.075956523788996 ], [ -100.310714065546236, 22.076531203306757 ], [ -100.310715794472515, 22.07688139919011 ], [ -100.310842088634729, 22.076979720295878 ], [ -100.311409914463923, 22.07689243644926 ] ], [ [ -100.310185369640635, 22.085522940147381 ], [ -100.310615303952616, 22.08613396589417 ], [ -100.312536152569507, 22.085356135454251 ], [ -100.312224946136297, 22.084784737173614 ], [ -100.310185369640635, 22.085522940147381 ] ] ] } },
{ "type": "Feature", "properties": { "AREA": 29805586.594409999, "PERIMETER": 31015.12393, "NOMBRE": null, "CVE_ESTADO": "24", "CVE_MPIO": "040", "CVE_EJIDO": "015", "CVEIN_CON": "24040015", "CLAVEUNICA": "2414109622191185", "CVE_EDO": "24", "CINA_MUN": "040", "CINA_NA": "028", "CVEMUNIN": "040", "CVENAIN": "015", "NOM_NA": "LAS PALMAS", "X": "98° 51' 50,52\" W", "Y": "22° 2' 14,46\" N", "Acres": null, "Hectares": null, "distancia_km": 7.6686625821098131 }, "geometry": { "type": "Polygon", "coordinates": [ [ [ -98.839503893116117, 22.062288363639318 ], [ -98.831228632150697, 22.056926278334284 ], [ -98.831256555663515, 22.041596072694098 ], [ -98.831825199842527, 22.041447962426641 ], [ -98.832381380872206, 22.041334360643933 ], [ -98.832937671497774, 22.041186212124632 ], [ -98.833704632408896, 22.040819860437185 ], [ -98.834126230421646, 22.040302852421021 ], [ -98.832347829470322, 22.036382794441955 ], [ -98.832955382188501, 22.035647520426753 ], [ -98.833635930676877, 22.035257898414521 ], [ -98.834524641515927, 22.035433088099577 ], [ -98.835191624898854, 22.035423418973998 ], [ -98.836439098866009, 22.035415349113773 ], [ -98.836959440926407, 22.034910120728348 ], [ -98.837220121175875, 22.034496296460059 ], [ -98.837555669734257, 22.033840861451477 ], [ -98.837755394213033, 22.03317353718553 ], [ -98.838312629741935, 22.032714466023336 ], [ -98.839338966435989, 22.032325769400462 ], [ -98.840810677731866, 22.031696466940122 ], [ -98.841292854997491, 22.031536572208601 ], [ -98.841947433239838, 22.031538356734679 ], [ -98.84231913911664, 22.031159371730197 ], [ -98.842221489173127, 22.030790623765373 ], [ -98.841766146385467, 22.030271205415712 ], [ -98.842324619582854, 22.029409096334856 ], [ -98.842857089046475, 22.028961457073315 ], [ -98.843598359352626, 22.02888286513101 ], [ -98.84504284333687, 22.029047990195828 ], [ -98.846659235725852, 22.029535987956177 ], [ -98.847731010387889, 22.03041401861914 ], [ -98.848851454243373, 22.031533989176058 ], [ -98.849259092993137, 22.031512051848246 ], [ -98.849638874142187, 22.03251487991281 ], [ -98.851326458133357, 22.033970287676905 ], [ -98.854365339670778, 22.033782608114819 ], [ -98.855886997608934, 22.03295754629421 ], [ -98.856629259140206, 22.03255647617689 ], [ -98.857172652107238, 22.032569421974838 ], [ -98.858112274151381, 22.032249469788461 ], [ -98.859041936056173, 22.031134946264991 ], [ -98.858491166890516, 22.029475332086051 ], [ -98.858642115376085, 22.028566037177299 ], [ -98.858511265502884, 22.026907523170181 ], [ -98.85992468803714, 22.025080327114683 ], [ -98.860912790607699, 22.025048362151352 ], [ -98.861995027364699, 22.022448772983982 ], [ -98.862947402927787, 22.021967614465947 ], [ -98.86335473754292, 22.0220377618474 ], [ -98.86470417886575, 22.020924292632159 ], [ -98.866027329984675, 22.020340438378447 ], [ -98.866287728590919, 22.019984141512552 ], [ -98.865821075162899, 22.019096277211705 ], [ -98.866248768984278, 22.016460423577559 ], [ -98.865120505090658, 22.013809042022768 ], [ -98.86666770968597, 22.012603945099844 ], [ -98.866696087305016, 22.011360387417579 ], [ -98.866045456829909, 22.010057505797448 ], [ -98.866568430000214, 22.008596434499665 ], [ -98.869273713496057, 22.008280951413113 ], [ -98.870151000269232, 22.00809895064415 ], [ -98.871371381351821, 22.008827511736481 ], [ -98.871677469904654, 22.009726468304855 ], [ -98.872270205758426, 22.009727974210964 ], [ -98.872979885929581, 22.007737661274941 ], [ -98.873305541010808, 22.006160916597594 ], [ -98.874561283615066, 22.003216223498903 ], [ -98.875180190831415, 22.002699604798494 ], [ -98.87500041330064, 22.000822187767842 ], [ -98.87340776966758, 22.000737557574759 ], [ -98.873742948845205, 21.998792206032526 ], [ -98.874448628260737, 21.997155392976971 ], [ -98.873684472558921, 21.997049521469464 ], [ -98.872688622815417, 21.996218439998483 ], [ -98.873494864877088, 21.994898476501604 ], [ -98.874741225506369, 21.994637853023143 ], [ -98.876915415376999, 21.993529105994071 ], [ -98.877380637921092, 21.994473523068429 ], [ -98.878402019985685, 21.99506315985489 ], [ -98.87938946589253, 21.994790203681891 ], [ -98.879960501358056, 21.993710980015578 ], [ -98.878835469326177, 21.991051075694283 ], [ -98.878334722861112, 21.989692561190655 ], [ -98.880189722334805, 21.988157294872803 ], [ -98.880228376542163, 21.98768592276091 ], [ -98.88094612346832, 21.98695213808017 ], [ -98.879892263770543, 21.985097441431769 ], [ -98.887447769521032, 21.985925451993342 ], [ -98.887395449819849, 21.986787777007542 ], [ -98.895699224376017, 21.988790646405008 ], [ -98.892430594394725, 21.9987865360938 ], [ -98.884529739777122, 22.026226025526586 ], [ -98.884455480428045, 22.028194119949912 ], [ -98.877565108407111, 22.049215013440563 ], [ -98.873378326307986, 22.061721311088462 ], [ -98.866286271146308, 22.082982940794391 ], [ -98.839503893116117, 22.062288363639318 ] ] ] } },
{ "type": "Feature", "properties": { "AREA": 38765626.732029997, "PERIMETER": 34184.70476, "NOMBRE": null, "CVE_ESTADO": "24", "CVE_MPIO": "040", "CVE_EJIDO": "032", "CVEIN_CON": "24040032", "CLAVEUNICA": "2414109622190850", "CVE_EDO": "24", "CINA_MUN": "040", "CINA_NA": "010", "CVEMUNIN": "040", "CVENAIN": "032", "NOM_NA": "EL PALMAR", "X": "98° 40' 34,22\" W", "Y": "22° 2' 3,06\" N", "Acres": null, "Hectares": null, "distancia_km": 2.9756180817223479 }, "geometry": { "type": "Polygon", "coordinates": [ [ [ -98.647637261001151, 22.065938385766948 ], [ -98.647989618603972, 22.061817960955867 ], [ -98.648070055888923, 22.060877300748018 ], [ -98.648100752600115, 22.060518319645137 ], [ -98.648326441626963, 22.057878949711114 ], [ -98.648712014422188, 22.053369534351333 ], [ -98.649475446920519, 22.044439982455071 ], [ -98.649831330749834, 22.040276935941801 ], [ -98.650400158963436, 22.033622358786936 ], [ -98.651145675695872, 22.024899710758376 ], [ -98.651182858947081, 22.024464630834437 ], [ -98.651778233428516, 22.017497776524465 ], [ -98.652091274945533, 22.01383434343478 ], [ -98.653332697412566, 22.014065598808749 ], [ -98.655736926635285, 22.014513434179584 ], [ -98.65675741919955, 22.014703508495046 ], [ -98.658563291358931, 22.015039855567363 ], [ -98.658842613023708, 22.015091879216381 ], [ -98.659241219615268, 22.015166113119065 ], [ -98.662462763690613, 22.015766069974095 ], [ -98.664224472379601, 22.016094142009802 ], [ -98.665737330573705, 22.016375847154229 ], [ -98.666762276600082, 22.016566690636445 ], [ -98.667904033606277, 22.01677929351397 ], [ -98.66835366962377, 22.016862932264836 ], [ -98.669164104082583, 22.017013819007197 ], [ -98.670976728926277, 22.017351281184091 ], [ -98.671490812063496, 22.016274123988158 ], [ -98.671780913768771, 22.015666280587162 ], [ -98.672033315936105, 22.015137403529188 ], [ -98.672271219682102, 22.014638897949744 ], [ -98.67285087172823, 22.013424299490342 ], [ -98.673116827459609, 22.012866989076901 ], [ -98.673566342137107, 22.011925040768059 ], [ -98.67547851093083, 22.007917992175337 ], [ -98.675890048193253, 22.007055545958437 ], [ -98.676310643271648, 22.006174126020561 ], [ -98.674949007561679, 22.0059647511886 ], [ -98.674815036874321, 22.005944148998854 ], [ -98.673298322424898, 22.005710972333578 ], [ -98.672295440226947, 22.005556785752169 ], [ -98.670940198912859, 22.005348411407496 ], [ -98.670653355280081, 22.005304307537404 ], [ -98.669135405705518, 22.005070873179847 ], [ -98.667899131323054, 22.004880746548785 ], [ -98.667862929873593, 22.004875180280564 ], [ -98.666253004633674, 22.004627619948739 ], [ -98.665999227483766, 22.004588589379861 ], [ -98.664802872090817, 22.004404628072088 ], [ -98.66478727981675, 22.004402229173049 ], [ -98.664394780894952, 22.004341808018989 ], [ -98.66438167758217, 22.004339793622261 ], [ -98.662721259827364, 22.004084388992641 ], [ -98.662066639565055, 22.0039836984757 ], [ -98.659336399072259, 22.003563693470355 ], [ -98.659491511290156, 22.003244702074586 ], [ -98.65955755930176, 22.003108897852364 ], [ -98.660379411614528, 22.001418449396603 ], [ -98.660834821621819, 22.000481706065919 ], [ -98.661237245731016, 21.99965391579445 ], [ -98.661678800764861, 21.998745662957152 ], [ -98.662071509048289, 21.997937825501801 ], [ -98.66253251368353, 21.99698951521011 ], [ -98.662581597558429, 21.996888556743812 ], [ -98.662882232480285, 21.996270124784175 ], [ -98.663749835910863, 21.994485368196663 ], [ -98.664843459620528, 21.992235585621795 ], [ -98.665135761586711, 21.991634270331939 ], [ -98.667312061881489, 21.987156932768794 ], [ -98.668968407690073, 21.983749118084834 ], [ -98.669352759285374, 21.982958310130968 ], [ -98.669434857714421, 21.982789377202938 ], [ -98.674809714534433, 21.988687668169135 ], [ -98.67507949260299, 21.988265362089816 ], [ -98.678295382990413, 21.988144800650279 ], [ -98.678608844134118, 21.988309200991203 ], [ -98.679650577150539, 21.988725243157162 ], [ -98.680514874014236, 21.988848523419811 ], [ -98.681558227466041, 21.988850904053319 ], [ -98.682601677726467, 21.988957897512826 ], [ -98.683722554344513, 21.988581688919989 ], [ -98.684844779811755, 21.987846444871408 ], [ -98.684949969125626, 21.987711400677952 ], [ -98.686067945582337, 21.986488512649569 ], [ -98.687459496783546, 21.984337356500802 ], [ -98.687661518890835, 21.983219912925787 ], [ -98.688475225831439, 21.983098744119552 ], [ -98.690859454306789, 21.984410019484603 ], [ -98.692451130482368, 21.984284874043375 ], [ -98.69307142594927, 21.984761773607033 ], [ -98.689900863621432, 21.988451306345073 ], [ -98.688125515712954, 21.990599810559495 ], [ -98.68763078357884, 21.991677739897831 ], [ -98.688005589312624, 21.993793496858604 ], [ -98.687304541204767, 21.994636433904191 ], [ -98.686553201345404, 21.994621836744862 ], [ -98.685991687318179, 21.994774863898002 ], [ -98.683675622928163, 21.996380519794418 ], [ -98.682501803850741, 21.997555813886013 ], [ -98.682352205893721, 21.99793893810326 ], [ -98.681804407144497, 21.999131916837207 ], [ -98.681741558178061, 21.999897971936381 ], [ -98.681817463512829, 22.000614064553996 ], [ -98.682354338502023, 22.001392403615348 ], [ -98.683335542013694, 22.002073991105458 ], [ -98.683781660595471, 22.002346744162995 ], [ -98.684604730291568, 22.002261381452222 ], [ -98.684955726055534, 22.002160942360238 ], [ -98.685461334297159, 22.001936520995276 ], [ -98.68622315286801, 22.001058709785781 ], [ -98.687107148542012, 21.998147974459908 ], [ -98.689072964154334, 21.995503527473844 ], [ -98.689531762082638, 21.995861845537814 ], [ -98.690771740441463, 21.998772629348419 ], [ -98.691532120293999, 22.000557529445686 ], [ -98.693535934117932, 22.005261008827389 ], [ -98.693556803862094, 22.005309987545601 ], [ -98.693631703710182, 22.005485766600842 ], [ -98.693636330714185, 22.005496634676504 ], [ -98.693970422730828, 22.006280790838645 ], [ -98.69398547034038, 22.006316116586856 ], [ -98.694335404359833, 22.007137469326228 ], [ -98.694666322786148, 22.007914155602563 ], [ -98.695662058904233, 22.010251190331381 ], [ -98.69589661651014, 22.010801923814327 ], [ -98.695915444112501, 22.01084610112672 ], [ -98.697159179467576, 22.013764953764099 ], [ -98.698352310709481, 22.016564918228955 ], [ -98.699591381692642, 22.019472576156833 ], [ -98.700807294631332, 22.022325749302091 ], [ -98.701096060532791, 22.023003327257832 ], [ -98.70220716250509, 22.025610651402431 ], [ -98.702893982359754, 22.027222289034857 ], [ -98.703295316564606, 22.028164017453069 ], [ -98.703131824478135, 22.029194434424117 ], [ -98.702322653577241, 22.034294041217823 ], [ -98.702168604418134, 22.035264855427688 ], [ -98.702118600982956, 22.035579972890893 ], [ -98.701990080522293, 22.036389891286383 ], [ -98.701083606374127, 22.04210208992048 ], [ -98.700506922715206, 22.051660001874314 ], [ -98.700482079564367, 22.052071718166637 ], [ -98.699779710470722, 22.0637107175382 ], [ -98.699455501116333, 22.069082491422488 ], [ -98.696483005678601, 22.069167646410055 ], [ -98.693920929894063, 22.069241000405668 ], [ -98.693862657780102, 22.069242668308753 ], [ -98.691644105896629, 22.069306153697415 ], [ -98.690321275710531, 22.069343995915627 ], [ -98.688371820152355, 22.069399740501986 ], [ -98.686957849506641, 22.069440155029078 ], [ -98.684408679540866, 22.069512990864229 ], [ -98.684257059026351, 22.069517321767712 ], [ -98.679617556670578, 22.069649776883956 ], [ -98.676960213872988, 22.069725583090275 ], [ -98.676575593707781, 22.069736551592875 ], [ -98.672289203348882, 22.069858912531998 ], [ -98.672047209719267, 22.069865799798691 ], [ -98.667465104838058, 22.069996141213394 ], [ -98.665951898168615, 22.070039157259014 ], [ -98.664957918860679, 22.070067434421173 ], [ -98.663300107655161, 22.070114583099048 ], [ -98.657542469860616, 22.070278201356654 ], [ -98.65629654566321, 22.065955250856955 ], [ -98.647637261001151, 22.065938385766948 ] ] ] } },
{ "type": "Feature", "properties": { "AREA": 40921199.628260002, "PERIMETER": 41539.10692, "NOMBRE": null, "CVE_ESTADO": "24", "CVE_MPIO": "028", "CVE_EJIDO": "038", "CVEIN_CON": "24028038", "CLAVEUNICA": "2414109622183061", "CVE_EDO": "24", "CINA_MUN": "028", "CINA_NA": "038", "CVEMUNIN": "028", "CVENAIN": "038", "NOM_NA": "VILLA DE POZOS", "X": "100° 48' 3,08\" W", "Y": "22° 4' 19,40\" N", "Acres": null, "Hectares": null, "distancia_km": 4.9474356289668204 }, "geometry": { "type": "Polygon", "coordinates": [ [ [ -100.842862200913856, 22.101106999522383 ], [ -100.842922741429206, 22.101615254328131 ], [ -100.837376532527543, 22.099346775484936 ], [ -100.835670381042647, 22.098648884969201 ], [ -100.834992410248475, 22.098371551526213 ], [ -100.833908459192685, 22.097928147807881 ], [ -100.833236749635049, 22.0976533734589 ], [ -100.832413790364797, 22.097316722517551 ], [ -100.83237267700585, 22.09729989804682 ], [ -100.831056355274484, 22.096761408608437 ], [ -100.830495680212479, 22.096532041782112 ], [ -100.829940238431362, 22.096304808872951 ], [ -100.828967622624234, 22.095906904752056 ], [ -100.826702316738817, 22.094980119754343 ], [ -100.826416101553022, 22.094936077340371 ], [ -100.826301910705567, 22.09491850569967 ], [ -100.822562745821571, 22.094343093494729 ], [ -100.822449225803908, 22.094325629024972 ], [ -100.820913817917202, 22.094089323041477 ], [ -100.820743746932237, 22.094063140283488 ], [ -100.81842213606258, 22.093705800023923 ], [ -100.818306402909812, 22.093687986963118 ], [ -100.816911363142182, 22.093473245486123 ], [ -100.814571648768606, 22.093113061289877 ], [ -100.814455896881725, 22.093095236618893 ], [ -100.813106862049182, 22.09288754634472 ], [ -100.810720905089369, 22.092520178489689 ], [ -100.809272275535989, 22.092297122622547 ], [ -100.805487942608238, 22.091714333374963 ], [ -100.801641433938656, 22.091121880564895 ], [ -100.797831740444011, 22.090535008280675 ], [ -100.794050530413017, 22.089952419806625 ], [ -100.790220341069997, 22.089362195477161 ], [ -100.786373127053949, 22.088769247759881 ], [ -100.782576873834103, 22.088184059869636 ], [ -100.753369417664189, 22.083678621932734 ], [ -100.748482444705203, 22.070736164524071 ], [ -100.747283968542433, 22.067571788371762 ], [ -100.742040226560448, 22.053724629989325 ], [ -100.750513904755223, 22.055092496770676 ], [ -100.752438495299188, 22.055403116186685 ], [ -100.753560723953839, 22.055584222185892 ], [ -100.755103584593556, 22.055833196148843 ], [ -100.756099383913934, 22.055993883647439 ], [ -100.760100995677604, 22.056639534608856 ], [ -100.762867317933939, 22.057085817934741 ], [ -100.765523613926916, 22.057514301864988 ], [ -100.778187978940807, 22.059556532744867 ], [ -100.778291416606734, 22.048868741702979 ], [ -100.778297669419075, 22.048222804503165 ], [ -100.778314893051146, 22.046444223346079 ], [ -100.778338233129077, 22.044033406455618 ], [ -100.778359159436093, 22.041872630731081 ], [ -100.778374467173037, 22.040291522196483 ], [ -100.798463964502361, 22.044582773287814 ], [ -100.806093525888656, 22.049450851491802 ], [ -100.807989340949931, 22.050660374572463 ], [ -100.812166481675135, 22.055067751356525 ], [ -100.814526988627151, 22.057558180967636 ], [ -100.814695235410198, 22.05773568423599 ], [ -100.817691035890192, 22.060896183859885 ], [ -100.81816312428063, 22.06139252241605 ], [ -100.81836122986067, 22.061469966822127 ], [ -100.818721510918635, 22.061610813423986 ], [ -100.819307231836234, 22.061839780384286 ], [ -100.819920384845275, 22.062079476086272 ], [ -100.820511640181437, 22.06231059860179 ], [ -100.82109849608284, 22.062540006753778 ], [ -100.821703338798912, 22.062776437339807 ], [ -100.822291960709165, 22.063006525739922 ], [ -100.822882989553875, 22.063237551420368 ], [ -100.823465558314595, 22.063465273425486 ], [ -100.824041487724017, 22.063690394043004 ], [ -100.824669622152143, 22.063935909641497 ], [ -100.826436415946688, 22.064626494251389 ], [ -100.828219857695814, 22.065323546679693 ], [ -100.829765487319875, 22.065927635177857 ], [ -100.831567364239874, 22.066631848401794 ], [ -100.831637370506741, 22.066659205544582 ], [ -100.835837258549446, 22.068300509448711 ], [ -100.836919417206133, 22.068723379685682 ], [ -100.837193198267315, 22.06883036690887 ], [ -100.837725764535833, 22.069038475610441 ], [ -100.838179043029712, 22.069215602792582 ], [ -100.839509406545758, 22.069735440979091 ], [ -100.839604258260167, 22.069772503487179 ], [ -100.840027222098783, 22.06980135005784 ], [ -100.841490416613752, 22.06990112054082 ], [ -100.842644256129418, 22.069979789978053 ], [ -100.844780831016095, 22.070125442551028 ], [ -100.845298096210385, 22.070160698359071 ], [ -100.84702797162285, 22.070278605471163 ], [ -100.847048288223547, 22.070279983547593 ], [ -100.849276307395726, 22.070431813982786 ], [ -100.850026823159794, 22.070482948724791 ], [ -100.850465858177785, 22.070512859588835 ], [ -100.850867838296566, 22.070540244509012 ], [ -100.851454210967489, 22.070580189385257 ], [ -100.851887126999173, 22.070609677989669 ], [ -100.852307280943307, 22.070638298505962 ], [ -100.853037733244548, 22.070688057062146 ], [ -100.853180891094141, 22.070697804995685 ], [ -100.855920763487049, 22.070884400755936 ], [ -100.856827541456525, 22.070946148211657 ], [ -100.857149923692177, 22.070968099544395 ], [ -100.857470987035924, 22.070989956842489 ], [ -100.857820891575599, 22.071013779745986 ], [ -100.859580112864847, 22.071133540268267 ], [ -100.859590091885167, 22.071134221526467 ], [ -100.860948961834367, 22.071226720862512 ], [ -100.861553316946029, 22.071267851411609 ], [ -100.862808276508574, 22.071353263577485 ], [ -100.863997010504988, 22.07143414676522 ], [ -100.864090652298842, 22.071440520943099 ], [ -100.865864047297379, 22.071561180455671 ], [ -100.865952966296504, 22.071567228139077 ], [ -100.870367772807143, 22.071867522025403 ], [ -100.870544040118062, 22.071879503925491 ], [ -100.870915650520445, 22.071904775146237 ], [ -100.871095060129377, 22.071916982394374 ], [ -100.871359189698609, 22.071934939027773 ], [ -100.872384593063344, 22.073811881856262 ], [ -100.872976078566921, 22.074894534821723 ], [ -100.873032971246275, 22.07499866990872 ], [ -100.873136499051128, 22.075188164403219 ], [ -100.873421356686521, 22.075709556903007 ], [ -100.873821553686625, 22.076442054193105 ], [ -100.873843403757647, 22.076482047023305 ], [ -100.874269852103993, 22.077262582469022 ], [ -100.874574808741031, 22.077820743155844 ], [ -100.874800197399182, 22.078233267476058 ], [ -100.874825886438899, 22.078280285420497 ], [ -100.875036919043993, 22.078666531156099 ], [ -100.875236811874515, 22.0790323857583 ], [ -100.875672061510116, 22.079828995005261 ], [ -100.875821566512968, 22.080102621799369 ], [ -100.875863052136182, 22.080178549316482 ], [ -100.877402609940987, 22.082996196952568 ], [ -100.875381849873534, 22.082697765971218 ], [ -100.875243275926351, 22.082677300045269 ], [ -100.87504287597514, 22.082546364790065 ], [ -100.874509010685927, 22.082472706892581 ], [ -100.874377115438364, 22.082454508897268 ], [ -100.874138969588842, 22.08242165089289 ], [ -100.873744913363581, 22.082367280460488 ], [ -100.872854343992074, 22.082378570987242 ], [ -100.872712479605951, 22.082380369078223 ], [ -100.87256276787717, 22.082382266498477 ], [ -100.872443572576501, 22.082383777060791 ], [ -100.872195148012537, 22.082386925066636 ], [ -100.871683716430482, 22.082393404676804 ], [ -100.869656817669636, 22.081739437293955 ], [ -100.86823054764919, 22.081279240160313 ], [ -100.867861136248536, 22.081160044114213 ], [ -100.867230805609324, 22.081061202924708 ], [ -100.86503272825135, 22.081352529426788 ], [ -100.863764716410245, 22.081517529189629 ], [ -100.861713803120693, 22.081374457073832 ], [ -100.858992188715504, 22.080860252495253 ], [ -100.858641621768029, 22.080826882643557 ], [ -100.856489641178143, 22.080622022438465 ], [ -100.855904843179815, 22.080431420554778 ], [ -100.854381736603017, 22.079934985352569 ], [ -100.853956346544123, 22.082667877106864 ], [ -100.853679697534304, 22.084445148543349 ], [ -100.851996303498154, 22.08455133029296 ], [ -100.850363684845718, 22.084654292695653 ], [ -100.850349754444977, 22.084708871634348 ], [ -100.850279290115097, 22.084663665011739 ], [ -100.851549829351143, 22.082465312398963 ], [ -100.850848164668264, 22.082329455172669 ], [ -100.849434104836121, 22.082055652973207 ], [ -100.845983221584902, 22.081387407157322 ], [ -100.84543002973669, 22.081280276919884 ], [ -100.84507073284118, 22.079252254255078 ], [ -100.844654062355872, 22.076900300085601 ], [ -100.843049422783025, 22.076279210531581 ], [ -100.843278033132748, 22.077465008936869 ], [ -100.843505246330579, 22.078643536063581 ], [ -100.843798235905709, 22.080163201509624 ], [ -100.844576111309223, 22.084197656205546 ], [ -100.844481642275227, 22.084188725782877 ], [ -100.844359242397289, 22.084177154895571 ], [ -100.843628551609584, 22.084108078185491 ], [ -100.841339766055555, 22.083891683410091 ], [ -100.840733364623361, 22.083834345251859 ], [ -100.840677597814732, 22.083829072116917 ], [ -100.839036561978119, 22.083673892139824 ], [ -100.838728144388242, 22.082163629199492 ], [ -100.838534568946343, 22.081215706517401 ], [ -100.838057838181754, 22.078881129757917 ], [ -100.837873860972493, 22.07798015805389 ], [ -100.837467261378151, 22.075988912028514 ], [ -100.837011005058869, 22.073754399812014 ], [ -100.835602114610225, 22.073427842069531 ], [ -100.835382097071189, 22.073927981614776 ], [ -100.836866526609498, 22.080561069194818 ], [ -100.837521488055188, 22.083487487257802 ], [ -100.837558884943647, 22.083654575006793 ], [ -100.839221130909777, 22.091080938582575 ], [ -100.841811979432123, 22.097838661409089 ], [ -100.842770749919083, 22.100339233137813 ], [ -100.842862200913856, 22.101106999522383 ] ] ] } },
{ "type": "Feature", "properties": { "AREA": 7208760.5196799999, "PERIMETER": 14725.32455, "NOMBRE": null, "CVE_ESTADO": "24", "CVE_MPIO": "055", "CVE_EJIDO": "006", "CVEIN_CON": "24055006", "CLAVEUNICA": "2414109622199929", "CVE_EDO": "24", "CINA_MUN": "055", "CINA_NA": "001", "CVEMUNIN": "055", "CVENAIN": "006", "NOM_NA": "EMILIANO ZAPATA (PARADA DEL ZARCIDO)", "X": "100° 43' 59,35\" W", "Y": "22° 5' 7,20\" N", "Acres": null, "Hectares": null, "distancia_km": 0.82675520155134685 }, "geometry": { "type": "Polygon", "coordinates": [ [ [ -100.761443884933456, 22.096419805379885 ], [ -100.756620157117069, 22.098923779132207 ], [ -100.756618233145247, 22.098924777811938 ], [ -100.755034857069745, 22.099746651734737 ], [ -100.753970410794963, 22.100299154160407 ], [ -100.751406434286679, 22.099429505112603 ], [ -100.749976082786901, 22.098944336098825 ], [ -100.746011383210686, 22.097599442347445 ], [ -100.745843194392663, 22.097582611345764 ], [ -100.745775513981854, 22.097575838377136 ], [ -100.745719527481683, 22.097570235629195 ], [ -100.741064403401097, 22.097104313267128 ], [ -100.739293966047271, 22.096515940689088 ], [ -100.735847151357135, 22.095370383947397 ], [ -100.734483523166602, 22.092782923570933 ], [ -100.734061186857559, 22.091981524601035 ], [ -100.732930213273178, 22.089835405603065 ], [ -100.732695403862309, 22.089440925293697 ], [ -100.73246741269493, 22.089057897036827 ], [ -100.731483310139154, 22.08740456186441 ], [ -100.729423962686639, 22.085352054931615 ], [ -100.728815357607417, 22.084458585758906 ], [ -100.728132524301671, 22.08345612782043 ], [ -100.727859643867035, 22.083561405083753 ], [ -100.727425781933619, 22.083728787773339 ], [ -100.72732512485797, 22.083767620768317 ], [ -100.727058183809305, 22.083870604892418 ], [ -100.727008336771618, 22.083889835492673 ], [ -100.726925513102671, 22.0839217881772 ], [ -100.726879524681706, 22.083939530104729 ], [ -100.726594652378381, 22.084049430950721 ], [ -100.726233329969716, 22.084188824534635 ], [ -100.724782529226317, 22.084748514430309 ], [ -100.724331839944213, 22.084922377896032 ], [ -100.722236337004801, 22.085730743576399 ], [ -100.717719759966627, 22.087472948046226 ], [ -100.716995660806916, 22.087820314652102 ], [ -100.713132320221149, 22.089673564974383 ], [ -100.713110749095776, 22.089683912293797 ], [ -100.713061742333792, 22.089707420027906 ], [ -100.711876679842547, 22.090275868258743 ], [ -100.711501926113044, 22.090455626657725 ], [ -100.711007366305225, 22.090692850566814 ], [ -100.708827668351631, 22.091738352681332 ], [ -100.710032330244175, 22.087862924941088 ], [ -100.710073862965501, 22.08772930964599 ], [ -100.710292392100158, 22.087026273759545 ], [ -100.711328327722313, 22.08369345034529 ], [ -100.711681835605233, 22.082556107889406 ], [ -100.712459810945475, 22.08005306524398 ], [ -100.712940040975155, 22.078507941917415 ], [ -100.713518833953614, 22.073117600963585 ], [ -100.713699580828049, 22.071434236315028 ], [ -100.719810890149091, 22.069664782128164 ], [ -100.721692236076109, 22.070663872601848 ], [ -100.737565967769299, 22.079092187496627 ], [ -100.737613242834058, 22.079117280278293 ], [ -100.73779229741173, 22.07921233914789 ], [ -100.743271084902332, 22.082119591401273 ], [ -100.750976183631636, 22.088183374624066 ], [ -100.752469109644792, 22.089358175267147 ], [ -100.75800533536831, 22.093714392903376 ], [ -100.761443884933456, 22.096419805379885 ] ] ] } },
{ "type": "Feature", "properties": { "AREA": 3701326.4227100001, "PERIMETER": 9904.08668, "NOMBRE": null, "CVE_ESTADO": "24", "CVE_MPIO": "055", "CVE_EJIDO": "006", "CVEIN_CON": "24055006", "CLAVEUNICA": "2414109622199929", "CVE_EDO": "24", "CINA_MUN": "055", "CINA_NA": "001", "CVEMUNIN": "055", "CVENAIN": "006", "NOM_NA": "EMILIANO ZAPATA (PARADA DEL ZARCIDO)", "X": "100° 40' 21,57\" W", "Y": "22° 4' 19,71\" N", "Acres": null, "Hectares": null, "distancia_km": 2.5766430089806605 }, "geometry": { "type": "Polygon", "coordinates": [ [ [ -100.659541738053875, 22.078959242676127 ], [ -100.660377826508721, 22.07795379436287 ], [ -100.673157552534065, 22.062583150002329 ], [ -100.673363965584613, 22.062334855663757 ], [ -100.677467133934584, 22.061956897269813 ], [ -100.68229049680707, 22.061512465668855 ], [ -100.684883622851913, 22.061273471733539 ], [ -100.687410461318734, 22.06104054708344 ], [ -100.687770646177242, 22.061007341925503 ], [ -100.687883826564033, 22.060996907749047 ], [ -100.688089803716565, 22.060977918372213 ], [ -100.688227228621201, 22.060965248795284 ], [ -100.688616107648571, 22.06092939634248 ], [ -100.688707434190263, 22.060920976414653 ], [ -100.690219191021754, 22.060781591207721 ], [ -100.691107110408026, 22.060699717720265 ], [ -100.689637225772273, 22.062228188143429 ], [ -100.689458755775277, 22.062413768487289 ], [ -100.68875126343886, 22.063149441321904 ], [ -100.68841437437969, 22.063499745592608 ], [ -100.687046124321569, 22.06492245671491 ], [ -100.687016823342901, 22.064952923555278 ], [ -100.681850164786283, 22.070324884950111 ], [ -100.680033118560843, 22.072214003862225 ], [ -100.678403542051782, 22.074263510719426 ], [ -100.676696747711958, 22.076410056978588 ], [ -100.675421525371902, 22.0776115360235 ], [ -100.673599229406165, 22.079328402148501 ], [ -100.671704694047605, 22.08111326523575 ], [ -100.654215336694179, 22.085364171108502 ], [ -100.654923983789502, 22.084512073516564 ], [ -100.655599503889491, 22.083699796960207 ], [ -100.657567286926593, 22.081333578072027 ], [ -100.659356964345776, 22.079181442599612 ], [ -100.659541738053875, 22.078959242676127 ] ] ] } },
{ "type": "Feature", "properties": { "AREA": 72642674.929480001, "PERIMETER": 78536.23741, "NOMBRE": null, "CVE_ESTADO": "24", "CVE_MPIO": "055", "CVE_EJIDO": "005", "CVEIN_CON": "24055005", "CLAVEUNICA": "2414109622200041", "CVE_EDO": "24", "CINA_MUN": "055", "CINA_NA": "004", "CVEMUNIN": "055", "CVENAIN": "005", "NOM_NA": "ZARAGOZA", "X": "100° 42' 37,71\" W", "Y": "22° 2' 29,50\" N", "Acres": null, "Hectares": null, "distancia_km": 5.8787354869240565 }, "geometry": { "type": "Polygon", "coordinates": [ [ [ -100.659541738053875, 22.078959242676127 ], [ -100.659356964345776, 22.079181442599612 ], [ -100.657567286926593, 22.081333578072027 ], [ -100.655599503889491, 22.083699796960207 ], [ -100.654923983789502, 22.084512073516564 ], [ -100.654215336694179, 22.085364171108502 ], [ -100.645975798634993, 22.081185112361638 ], [ -100.640175515536384, 22.077567244290297 ], [ -100.638931608366974, 22.076723779730798 ], [ -100.638288420402318, 22.076287640963365 ], [ -100.638278349556856, 22.076268928591542 ], [ -100.638189381264937, 22.075911177290205 ], [ -100.638110483638386, 22.075593919546474 ], [ -100.638072262983997, 22.075440228659176 ], [ -100.638030722016254, 22.075273185855696 ], [ -100.637960597667089, 22.074991203696605 ], [ -100.637505043206133, 22.073159308072604 ], [ -100.637476397897402, 22.073044116410038 ], [ -100.637243787996113, 22.072108711722599 ], [ -100.636883649427801, 22.0706604417012 ], [ -100.636843493895881, 22.070498957079476 ], [ -100.636365941535374, 22.06857845702379 ], [ -100.635444216162625, 22.065005415422252 ], [ -100.634643651794519, 22.061901884883941 ], [ -100.634626167866031, 22.061834094962265 ], [ -100.634187653540963, 22.060134038820944 ], [ -100.634182425690071, 22.060113770820198 ], [ -100.634077819701346, 22.059708192867006 ], [ -100.633553260703422, 22.057674509140323 ], [ -100.632572577605202, 22.053872203618212 ], [ -100.627775648978229, 22.03527015395635 ], [ -100.627622578481763, 22.034676446622974 ], [ -100.626827467767825, 22.031592512242682 ], [ -100.617615940838277, 22.011909163176668 ], [ -100.620695350285274, 22.012459733434035 ], [ -100.629603834305641, 22.014052134598192 ], [ -100.633564530730681, 22.014759944244812 ], [ -100.651103427147049, 22.017893040722129 ], [ -100.656154680613525, 22.01879500297958 ], [ -100.666199183070347, 22.020588066826896 ], [ -100.666199185266521, 22.020588067517338 ], [ -100.682302454259585, 22.025574043212412 ], [ -100.682462197290718, 22.025699802599245 ], [ -100.683432833024256, 22.026463937327105 ], [ -100.687572427376111, 22.029722676600915 ], [ -100.692069193253488, 22.020124683874688 ], [ -100.691732655244309, 22.01994949407181 ], [ -100.701035970332399, 22.017878821951435 ], [ -100.706119366822449, 22.019074521877783 ], [ -100.709080863329845, 22.019771031992637 ], [ -100.710619583861302, 22.021649250180339 ], [ -100.710804155804098, 22.021874540835277 ], [ -100.71135894774909, 22.022551720419742 ], [ -100.712014767532736, 22.023352203287093 ], [ -100.712816385076025, 22.024330627739701 ], [ -100.712193466876954, 22.026320646227187 ], [ -100.713336329878246, 22.02770347569987 ], [ -100.713152770408797, 22.028024472579901 ], [ -100.71196677849359, 22.030098420966176 ], [ -100.710785590643397, 22.032163904325284 ], [ -100.710403265009504, 22.032832444136005 ], [ -100.710031478749045, 22.033482548112403 ], [ -100.709963674454229, 22.033631392751534 ], [ -100.711171024519672, 22.033539095555678 ], [ -100.711211841968108, 22.033321178697715 ], [ -100.711271457643861, 22.033279001100492 ], [ -100.711551277503261, 22.033081030283768 ], [ -100.711771173278677, 22.033110749036812 ], [ -100.711995125621812, 22.033317471804089 ], [ -100.715954594993775, 22.032186378047928 ], [ -100.716531715032531, 22.031928249130242 ], [ -100.718493566308837, 22.031785552057439 ], [ -100.719428823861406, 22.031717516898606 ], [ -100.71951354829325, 22.031711353367857 ], [ -100.720805902796798, 22.031617331722668 ], [ -100.721066020416885, 22.031598406348628 ], [ -100.721168253311504, 22.031667056031704 ], [ -100.721261178630385, 22.031729455533352 ], [ -100.721371680144614, 22.031803657332851 ], [ -100.723180664890549, 22.033018368621427 ], [ -100.723517777586835, 22.032823451061528 ], [ -100.723797494000578, 22.032924541723638 ], [ -100.72437241209694, 22.033375775671203 ], [ -100.724470022392893, 22.03394393655466 ], [ -100.724479411361528, 22.033998586688156 ], [ -100.724498601325124, 22.034110285064148 ], [ -100.724764602685354, 22.035396866516919 ], [ -100.724678216299182, 22.035432376323257 ], [ -100.724716398253321, 22.035635825694108 ], [ -100.724851306008006, 22.035635325927899 ], [ -100.724889702700011, 22.036146704349402 ], [ -100.724948571757949, 22.036930728515138 ], [ -100.725782399135966, 22.036863056635148 ], [ -100.725790878553269, 22.036924337085818 ], [ -100.725807894642216, 22.037047311557824 ], [ -100.725821947226564, 22.037148868458164 ], [ -100.725834211469973, 22.03723750128486 ], [ -100.725854920166697, 22.037387161260089 ], [ -100.725867008673902, 22.037474523676643 ], [ -100.725882971638271, 22.037589886191228 ], [ -100.72614039501552, 22.039450221030673 ], [ -100.724778285128238, 22.039517898107018 ], [ -100.724876905861393, 22.040063160350829 ], [ -100.724910326607315, 22.040204522500012 ], [ -100.725186037376758, 22.041632740584173 ], [ -100.726322021130869, 22.041575581055636 ], [ -100.726278723544695, 22.040128315115524 ], [ -100.727730685997685, 22.040320472223463 ], [ -100.727689424818394, 22.04070967985486 ], [ -100.727851225372859, 22.040741524559284 ], [ -100.728150550598059, 22.040774175395708 ], [ -100.728197664519968, 22.040418692969247 ], [ -100.728202292266161, 22.040283650022523 ], [ -100.728364140139576, 22.040218124095919 ], [ -100.728897324162958, 22.040002267230754 ], [ -100.729130915181671, 22.039923050290735 ], [ -100.729206735639721, 22.039917977595028 ], [ -100.729203284413856, 22.039544188620589 ], [ -100.729202102025098, 22.039416125438727 ], [ -100.72920109765073, 22.039307341872885 ], [ -100.729198376558983, 22.039012616829286 ], [ -100.729197588786946, 22.038927295546955 ], [ -100.729196890673862, 22.038851681097846 ], [ -100.729196437614306, 22.038802608815129 ], [ -100.729974005184232, 22.038681301906024 ], [ -100.729966209473105, 22.038707665749509 ], [ -100.729802806488209, 22.039260266359669 ], [ -100.729635938034704, 22.039824582549649 ], [ -100.730456580549486, 22.039772524000821 ], [ -100.730813245466933, 22.040816014906618 ], [ -100.730836469757691, 22.041168306568036 ], [ -100.730842815152229, 22.042357341147643 ], [ -100.731017967931251, 22.04280964921395 ], [ -100.731120874692863, 22.042819609795863 ], [ -100.731178914174123, 22.042825227541218 ], [ -100.731235751547274, 22.042830728911902 ], [ -100.73133107868361, 22.042855420962308 ], [ -100.731761162622448, 22.042966822366633 ], [ -100.731892166692177, 22.042855065467791 ], [ -100.731902214846372, 22.042846493581298 ], [ -100.732237116527941, 22.042560794511267 ], [ -100.732262876042199, 22.042538819422319 ], [ -100.733099491444406, 22.041825108607508 ], [ -100.733604882779247, 22.041393957395947 ], [ -100.733633665271412, 22.041369402826639 ], [ -100.733778168190156, 22.041187581326032 ], [ -100.733807535208044, 22.041150630064259 ], [ -100.735161726419818, 22.039446683977271 ], [ -100.735161732287082, 22.039446676638427 ], [ -100.735197576735985, 22.039401573763275 ], [ -100.736327150452396, 22.037980219568066 ], [ -100.738209291554739, 22.037171201958483 ], [ -100.739978109258459, 22.037079690012519 ], [ -100.742332154621081, 22.036957870878293 ], [ -100.742180707276688, 22.035758346105247 ], [ -100.74220003043726, 22.035504129923183 ], [ -100.742206171999513, 22.035423331215814 ], [ -100.742284584279219, 22.034391731102946 ], [ -100.741547873536618, 22.034508930236029 ], [ -100.74519053328676, 22.005232514613891 ], [ -100.753579025542749, 22.003033300610454 ], [ -100.77486852082572, 22.000021397663375 ], [ -100.77848890357626, 22.006166182418845 ], [ -100.779603309959981, 22.008057501389963 ], [ -100.779604213202902, 22.008059034300583 ], [ -100.779691630908516, 22.008207384948118 ], [ -100.779720523792193, 22.008256418819116 ], [ -100.779812822970541, 22.008413068774587 ], [ -100.781546507741083, 22.0113552402583 ], [ -100.782950059289163, 22.013737069917763 ], [ -100.782991703465527, 22.013807738282026 ], [ -100.785343011790985, 22.017797660770011 ], [ -100.785374491770312, 22.017851081523684 ], [ -100.78538212946556, 22.01786404147925 ], [ -100.786213076810895, 22.019274001076116 ], [ -100.786238975768327, 22.019317945338614 ], [ -100.786346609552226, 22.019500587379685 ], [ -100.786356991092219, 22.019518202695288 ], [ -100.78736650267814, 22.021231090655064 ], [ -100.787381963701407, 22.021257323982493 ], [ -100.788761528344821, 22.023598030191202 ], [ -100.788823018919118, 22.02370236632019 ], [ -100.789930325303104, 22.026100946304677 ], [ -100.790442420505144, 22.027210188132408 ], [ -100.791072723009165, 22.02857543814865 ], [ -100.792377153406889, 22.031400792411148 ], [ -100.798463964502361, 22.044582773287814 ], [ -100.778374467173037, 22.040291522196483 ], [ -100.778359159436093, 22.041872630731081 ], [ -100.778338233129077, 22.044033406455618 ], [ -100.778314893051146, 22.046444223346079 ], [ -100.778297669419075, 22.048222804503165 ], [ -100.778291416606734, 22.048868741702979 ], [ -100.778187978940807, 22.059556532744867 ], [ -100.765523613926916, 22.057514301864988 ], [ -100.762867317933939, 22.057085817934741 ], [ -100.760100995677604, 22.056639534608856 ], [ -100.756099383913934, 22.055993883647439 ], [ -100.755103584593556, 22.055833196148843 ], [ -100.753560723953839, 22.055584222185892 ], [ -100.752438495299188, 22.055403116186685 ], [ -100.750513904755223, 22.055092496770676 ], [ -100.742040226560448, 22.053724629989325 ], [ -100.747283968542433, 22.067571788371762 ], [ -100.748482444705203, 22.070736164524071 ], [ -100.74811265320109, 22.071185792704284 ], [ -100.747837079593026, 22.071382480852552 ], [ -100.747565742603101, 22.071486460593608 ], [ -100.747466081804006, 22.071667368865853 ], [ -100.747366679322312, 22.071754274960789 ], [ -100.747181908010845, 22.071811756430922 ], [ -100.747114193607317, 22.07193202922052 ], [ -100.746873446530117, 22.072164578005633 ], [ -100.746455734670363, 22.072591648393797 ], [ -100.746201016117737, 22.072464974813094 ], [ -100.745194998128525, 22.073247452235996 ], [ -100.74143996807814, 22.076081459274445 ], [ -100.741384093613775, 22.076101020429313 ], [ -100.73811445679803, 22.07861303568011 ], [ -100.73779229741173, 22.07921233914789 ], [ -100.737613242834058, 22.079117280278293 ], [ -100.737565967769299, 22.079092187496627 ], [ -100.721692236076109, 22.070663872601848 ], [ -100.719810890149091, 22.069664782128164 ], [ -100.713699580828049, 22.071434236315028 ], [ -100.711421082421836, 22.070367346101165 ], [ -100.710581333271406, 22.069974127271944 ], [ -100.710485225088746, 22.069929123467773 ], [ -100.708443564689915, 22.068973070886948 ], [ -100.706823251817269, 22.0682142954558 ], [ -100.704927469704387, 22.067326489022051 ], [ -100.704761173081849, 22.067248609661796 ], [ -100.698300697182162, 22.064222862564538 ], [ -100.698266146365796, 22.064070083370801 ], [ -100.697855039457522, 22.062252192117096 ], [ -100.697844948449855, 22.062207569697161 ], [ -100.697623886498135, 22.061747120469263 ], [ -100.697623885837601, 22.061747119026073 ], [ -100.696065207324267, 22.058538917234529 ], [ -100.695940064893293, 22.0582813311112 ], [ -100.694951155065809, 22.056245775425467 ], [ -100.694721699266495, 22.055773457457601 ], [ -100.694053833317639, 22.054398682631238 ], [ -100.691584807097001, 22.049316015456025 ], [ -100.689101856149662, 22.045680399007892 ], [ -100.687895564694912, 22.043914022067941 ], [ -100.687869039975055, 22.043875181189932 ], [ -100.686512841455084, 22.041889225978718 ], [ -100.683853076327637, 22.03799418040008 ], [ -100.683507447770722, 22.03696251126528 ], [ -100.678631481015259, 22.035353722225459 ], [ -100.672381826418061, 22.033291423323249 ], [ -100.664943371792631, 22.030836439076115 ], [ -100.652108084121622, 22.026599269661613 ], [ -100.645607641125395, 22.047053228626357 ], [ -100.644710663961888, 22.049875180911723 ], [ -100.652157355184016, 22.048174140766609 ], [ -100.656703644510614, 22.052739445762761 ], [ -100.664231367647673, 22.058365362113914 ], [ -100.665792344031459, 22.059531869442981 ], [ -100.669045067788844, 22.060736073658443 ], [ -100.673363965584613, 22.062334855663757 ], [ -100.673157552534065, 22.062583150002329 ], [ -100.660377826508721, 22.07795379436287 ], [ -100.659541738053875, 22.078959242676127 ] ], [ [ -100.759601043141132, 22.032572878552898 ], [ -100.760814125225664, 22.032070480121252 ], [ -100.762833242396098, 22.031150030928238 ], [ -100.763726647919071, 22.030216830186351 ], [ -100.764592123617945, 22.030142454263295 ], [ -100.765141201294355, 22.030032079945386 ], [ -100.765191690605846, 22.030076801332218 ], [ -100.765419086567462, 22.030081575495021 ], [ -100.765605282350151, 22.030033797057921 ], [ -100.765928676489793, 22.029861558178894 ], [ -100.766243379250611, 22.029771173959588 ], [ -100.766574368265722, 22.029794264985004 ], [ -100.766775544710455, 22.029536984211799 ], [ -100.765832073675085, 22.027005424897229 ], [ -100.762143197671094, 22.028486831969349 ], [ -100.762204459754741, 22.028253929260018 ], [ -100.763504138472541, 22.026219842429647 ], [ -100.763255339560658, 22.026095615829199 ], [ -100.763202861199517, 22.026069413029994 ], [ -100.763063305840674, 22.025999731965932 ], [ -100.764271310630207, 22.02420089353204 ], [ -100.765125332096815, 22.022120504450239 ], [ -100.765301261078605, 22.021401512223868 ], [ -100.766776130608221, 22.015373719284678 ], [ -100.756657205195921, 22.013085299401254 ], [ -100.756491496786509, 22.021781921236972 ], [ -100.756328776956181, 22.030322711391573 ], [ -100.75632436811685, 22.030554135212981 ], [ -100.756311736461782, 22.030565117459304 ], [ -100.756316662289265, 22.030899473087338 ], [ -100.756319561369736, 22.031096254423321 ], [ -100.756320379282087, 22.031151771634555 ], [ -100.75632256388468, 22.031300054541571 ], [ -100.75634944283874, 22.033124410060843 ], [ -100.759601043141132, 22.032572878552898 ] ] ] } },
{ "type": "Feature", "properties": { "AREA": 41769395.033529997, "PERIMETER": 33159.64164, "NOMBRE": null, "CVE_ESTADO": "24", "CVE_MPIO": "055", "CVE_EJIDO": "004", "CVEIN_CON": "24055004", "CLAVEUNICA": "2414109622200022", "CVE_EDO": "24", "CINA_MUN": "055", "CINA_NA": "003", "CVEMUNIN": "055", "CVENAIN": "004", "NOM_NA": "SAN FRANCISCO", "X": "100° 35' 21,43\" W", "Y": "22° 3' 15,03\" N", "Acres": null, "Hectares": null, "distancia_km": 0.23761214404687325 }, "geometry": { "type": "Polygon", "coordinates": [ [ [ -100.636365941535374, 22.06857845702379 ], [ -100.635243065777843, 22.068810443160693 ], [ -100.635157253464698, 22.068828172538435 ], [ -100.631147527586151, 22.069656500285639 ], [ -100.623700600647311, 22.071194620203855 ], [ -100.62045432326245, 22.071865000686937 ], [ -100.589998683023367, 22.078150928652544 ], [ -100.586882711652848, 22.078793712244803 ], [ -100.569688704336187, 22.082339415364796 ], [ -100.556953272486254, 22.076309382285739 ], [ -100.54496281455215, 22.070632585009296 ], [ -100.544895829886116, 22.070600855668857 ], [ -100.542847685286219, 22.069630873487778 ], [ -100.530426752066475, 22.061978703024742 ], [ -100.535870663746607, 22.060713242793561 ], [ -100.543010464648731, 22.05811022705273 ], [ -100.549186725200641, 22.055858175155631 ], [ -100.549790260277007, 22.055638091947049 ], [ -100.550332859814972, 22.055440226866647 ], [ -100.551517857630984, 22.055118969080528 ], [ -100.553633122470387, 22.054545487516503 ], [ -100.554270920977103, 22.054372564133839 ], [ -100.557335905059873, 22.053541529139878 ], [ -100.558132030591565, 22.05332565809432 ], [ -100.558332364965565, 22.053271336322055 ], [ -100.558377636678046, 22.053259060608049 ], [ -100.55849997162899, 22.053225888632408 ], [ -100.55856582625934, 22.053208031646296 ], [ -100.558717193332726, 22.053166987192238 ], [ -100.55940454888129, 22.05298060293071 ], [ -100.559831088189512, 22.05286494028298 ], [ -100.56105913278401, 22.05253193008847 ], [ -100.56400955461271, 22.051731817613405 ], [ -100.564088233885883, 22.05171048007427 ], [ -100.564332299538847, 22.051644290059887 ], [ -100.565187116941729, 22.051412462344931 ], [ -100.566765722510013, 22.050984328722382 ], [ -100.565384177468331, 22.041322620203086 ], [ -100.563664538720559, 22.03667766513998 ], [ -100.563019390394274, 22.034934948896407 ], [ -100.562903071756168, 22.034620736180266 ], [ -100.56282463102086, 22.034408842510256 ], [ -100.562452664563494, 22.033404031352802 ], [ -100.562112164412127, 22.032484207112706 ], [ -100.560811791822672, 22.02897126357103 ], [ -100.572582563148799, 22.027691201820485 ], [ -100.580455582089357, 22.024804112763885 ], [ -100.581839919483571, 22.026991364974752 ], [ -100.583113894612666, 22.026486124966912 ], [ -100.582152667706552, 22.024187100313284 ], [ -100.586190662144546, 22.02275432891464 ], [ -100.584035207373347, 22.016627637665295 ], [ -100.584911792759755, 22.016676184429897 ], [ -100.594922038051948, 22.017230232264485 ], [ -100.596845321037662, 22.017336611455857 ], [ -100.596939189644814, 22.027063789959943 ], [ -100.59695071488045, 22.028257678746066 ], [ -100.602374467325461, 22.028319841576216 ], [ -100.60355973950405, 22.038977944682923 ], [ -100.603911492653168, 22.039575034717313 ], [ -100.603940125742355, 22.039623644251098 ], [ -100.604519487535612, 22.04060708497143 ], [ -100.610818896639955, 22.038061931402183 ], [ -100.615183465991734, 22.036298320844772 ], [ -100.626827467767825, 22.031592512242682 ], [ -100.627622578481763, 22.034676446622974 ], [ -100.627775648978229, 22.03527015395635 ], [ -100.632572577605202, 22.053872203618212 ], [ -100.633553260703422, 22.057674509140323 ], [ -100.634077819701346, 22.059708192867006 ], [ -100.634182425690071, 22.060113770820198 ], [ -100.634187653540963, 22.060134038820944 ], [ -100.634626167866031, 22.061834094962265 ], [ -100.634643651794519, 22.061901884883941 ], [ -100.635444216162625, 22.065005415422252 ], [ -100.636365941535374, 22.06857845702379 ] ] ] } },
{ "type": "Feature", "properties": { "AREA": 13726119.13236, "PERIMETER": 33366.60137, "NOMBRE": null, "CVE_ESTADO": "24", "CVE_MPIO": "013", "CVE_EJIDO": "054", "CVEIN_CON": "24013054", "CLAVEUNICA": "2414109622170553", "CVE_EDO": "24", "CINA_MUN": "013", "CINA_NA": "054", "CVEMUNIN": "013", "CVENAIN": "054", "NOM_NA": "ZOCOHUITE", "X": "99° 6' 47,45\" W", "Y": "22° 1' 27,53\" N", "Acres": null, "Hectares": null, "distancia_km": 2.4408344767376047 }, "geometry": { "type": "Polygon", "coordinates": [ [ [ -99.11650508162306, 22.05333407356747 ], [ -99.11559223051772, 22.054584823793338 ], [ -99.116365964877772, 22.049988183163894 ], [ -99.116503648779286, 22.049170164884252 ], [ -99.116819189422074, 22.047295443687808 ], [ -99.116979811303281, 22.046341131947003 ], [ -99.117003323348627, 22.04620143269349 ], [ -99.117072933411308, 22.04578785564328 ], [ -99.117150200322058, 22.045328802406498 ], [ -99.117150422122506, 22.045327474175725 ], [ -99.117182217893443, 22.045138548973799 ], [ -99.117216819948425, 22.04493297116079 ], [ -99.117262483310682, 22.044661659391814 ], [ -99.117280883624517, 22.044552337738281 ], [ -99.117293690506031, 22.044476212859884 ], [ -99.117298975296279, 22.044444832238014 ], [ -99.117372653296073, 22.044007066692473 ], [ -99.11740451600167, 22.043817752887406 ], [ -99.117492591223396, 22.043294402090208 ], [ -99.117507693108593, 22.043204705708884 ], [ -99.117589026783804, 22.042721427699323 ], [ -99.117690823337028, 22.042116602722558 ], [ -99.117770014967249, 22.041646055724918 ], [ -99.117770323554637, 22.041644221497812 ], [ -99.117802040559255, 22.041455756913344 ], [ -99.117810131328767, 22.041407687508684 ], [ -99.116882383318526, 22.041805942928704 ], [ -99.116350874715991, 22.042034099436773 ], [ -99.115986385502339, 22.042190564639149 ], [ -99.115537672744537, 22.042383181332706 ], [ -99.115464338666371, 22.042414655073873 ], [ -99.11527585929484, 22.042495565392969 ], [ -99.115023384168822, 22.042603940188844 ], [ -99.114528159029092, 22.042816516903301 ], [ -99.113988640958468, 22.043048131561346 ], [ -99.113778740677049, 22.043138197988103 ], [ -99.113599104131552, 22.043215305739739 ], [ -99.113549455318278, 22.043236616438978 ], [ -99.113348157084971, 22.043323026407784 ], [ -99.11285606570793, 22.043534249754096 ], [ -99.112854380063212, 22.043534973676302 ], [ -99.112783069506378, 22.043565577509277 ], [ -99.112516427248238, 22.043680029384888 ], [ -99.11227641591158, 22.043783051986626 ], [ -99.11227340305318, 22.043784345986893 ], [ -99.112199854396408, 22.043815908758013 ], [ -99.112172748340441, 22.043827545704371 ], [ -99.107656127236012, 22.045766121101394 ], [ -99.107498146239664, 22.045833920446814 ], [ -99.107988444219131, 22.04514119327769 ], [ -99.109106158995615, 22.04356191615291 ], [ -99.109998706068879, 22.042300761169042 ], [ -99.110150724683038, 22.042086044220028 ], [ -99.110225852889485, 22.041979892391161 ], [ -99.110349517482248, 22.041805153969705 ], [ -99.110525386895034, 22.041556658627254 ], [ -99.111693052078934, 22.039906752028909 ], [ -99.113052967625393, 22.037985126816185 ], [ -99.113056113524792, 22.037980688698692 ], [ -99.114054223054353, 22.03657027826781 ], [ -99.11422832757863, 22.036324255521883 ], [ -99.114608331566259, 22.035787258571133 ], [ -99.114755980535506, 22.03557862051224 ], [ -99.115212582267162, 22.034933380115397 ], [ -99.115517981316259, 22.034501812047104 ], [ -99.11709366274377, 22.032275094135915 ], [ -99.11721688463598, 22.03210094697743 ], [ -99.118455958934106, 22.030349861501751 ], [ -99.118831578311841, 22.02978577860728 ], [ -99.120685168309095, 22.027002088871313 ], [ -99.121205436080814, 22.026220736245691 ], [ -99.121280862087701, 22.026105618237985 ], [ -99.121365244510002, 22.025976830349869 ], [ -99.120520146401745, 22.025415813831948 ], [ -99.118945184500831, 22.024589898956194 ], [ -99.11751882675992, 22.023841893504965 ], [ -99.116056666688735, 22.023256210962888 ], [ -99.114804260141725, 22.022754532990053 ], [ -99.114070675030092, 22.022460673822952 ], [ -99.112221633210225, 22.022339406083351 ], [ -99.10962639580886, 22.02262931757868 ], [ -99.108124894227331, 22.022797029587295 ], [ -99.10718258168032, 22.022902275084334 ], [ -99.105107385949054, 22.023134030574699 ], [ -99.104120849936407, 22.023244196870504 ], [ -99.101194406539605, 22.023570955214357 ], [ -99.099668720856684, 22.023741287731045 ], [ -99.099624282628582, 22.023852649606969 ], [ -99.099567989429929, 22.023993719684483 ], [ -99.099405980385697, 22.024399710726605 ], [ -99.099343861431734, 22.024555378778352 ], [ -99.098977855965487, 22.025472569013303 ], [ -99.094651669669616, 22.031980817344454 ], [ -99.091895392995752, 22.036126946558142 ], [ -99.091483640304332, 22.036746300743019 ], [ -99.089437769376516, 22.039823583233012 ], [ -99.086687371603091, 22.043960323954174 ], [ -99.086043521145939, 22.044928666819953 ], [ -99.080405755261808, 22.04664527959023 ], [ -99.0776649977131, 22.046097857932281 ], [ -99.07557978655305, 22.045681337385481 ], [ -99.065917691154027, 22.047010522777597 ], [ -99.069039643514088, 22.044301890806651 ], [ -99.072624434377786, 22.041191492943049 ], [ -99.073904304932611, 22.040080942150794 ], [ -99.074965909021657, 22.039159761571732 ], [ -99.07502566607802, 22.039107908309429 ], [ -99.075883198788574, 22.038363790963583 ], [ -99.078797438851211, 22.035834889774886 ], [ -99.080392984094445, 22.034450257172701 ], [ -99.08391269880093, 22.03139565737246 ], [ -99.085631131263, 22.029904232908489 ], [ -99.086705968087628, 22.028971358822968 ], [ -99.087886851651831, 22.027946422191516 ], [ -99.089038722185961, 22.026946644658096 ], [ -99.090666455640886, 22.025533799291949 ], [ -99.091692224964518, 22.024643425931746 ], [ -99.092613738735011, 22.023843531946017 ], [ -99.09277701121907, 22.023701806398638 ], [ -99.092922330789449, 22.023575664158386 ], [ -99.093314914807337, 22.023234886353016 ], [ -99.095458700626807, 22.021373953529718 ], [ -99.096644117427061, 22.02034490865568 ], [ -99.097016015434292, 22.020022063998077 ], [ -99.09720909587557, 22.019854449955751 ], [ -99.097390015487747, 22.019697392220589 ], [ -99.098903198310907, 22.018383766435864 ], [ -99.09942059104506, 22.017934596081808 ], [ -99.100010796797633, 22.017422209980733 ], [ -99.100116844836677, 22.017330144516084 ], [ -99.100760343327011, 22.016771484061376 ], [ -99.101264294261156, 22.016333969001089 ], [ -99.101456740724672, 22.016166891642428 ], [ -99.102127381262179, 22.013385535031855 ], [ -99.102731811927271, 22.010878676254027 ], [ -99.103250207813701, 22.00872857229789 ], [ -99.103273617652832, 22.008631480734806 ], [ -99.103389917872661, 22.008149098098585 ], [ -99.105425228709748, 22.008054014785561 ], [ -99.107618618145125, 22.007951518147902 ], [ -99.109928843304218, 22.00784352985491 ], [ -99.111735117723256, 22.007759075285417 ], [ -99.111969647812415, 22.007748111736255 ], [ -99.112573225673415, 22.007717658581324 ], [ -99.113455568234158, 22.007673142522307 ], [ -99.114159620510151, 22.007637617871506 ], [ -99.114304011637572, 22.007630334812358 ], [ -99.114908111621716, 22.007599854632378 ], [ -99.115978507727633, 22.007545833314797 ], [ -99.116478150275015, 22.007520616069392 ], [ -99.116491887945415, 22.007519919684341 ], [ -99.117508620665333, 22.007468600724231 ], [ -99.118473831575471, 22.007419869473509 ], [ -99.11864363399043, 22.007411299394988 ], [ -99.119582231046891, 22.007363908955369 ], [ -99.119782531269749, 22.007353797649131 ], [ -99.121488400097661, 22.007267654005172 ], [ -99.121633207022739, 22.007260337082645 ], [ -99.122763925095171, 22.007203227258028 ], [ -99.12320935101036, 22.00718073142124 ], [ -99.123824559165669, 22.007149658948439 ], [ -99.124613579532408, 22.00710979707209 ], [ -99.125237496551193, 22.007078269988561 ], [ -99.126458329301897, 22.007016584710172 ], [ -99.127897925248703, 22.006943824194206 ], [ -99.128092333942149, 22.006933996441596 ], [ -99.128856008074251, 22.006895398793475 ], [ -99.129320836980554, 22.006871904416197 ], [ -99.131029125421378, 22.006785542196518 ], [ -99.131770825609507, 22.006748041716254 ], [ -99.132895770839596, 22.006691146761721 ], [ -99.132987263786063, 22.006686519173066 ], [ -99.133010698923172, 22.00668533470845 ], [ -99.136000676030704, 22.006534092150819 ], [ -99.136149017489657, 22.006526587826166 ], [ -99.136624016187227, 22.006502558375651 ], [ -99.139436812975703, 22.006360209400778 ], [ -99.139793589130321, 22.006342152748896 ], [ -99.142359648459504, 22.006212250802591 ], [ -99.14339939938337, 22.006159603995599 ], [ -99.144642662384427, 22.006096643486249 ], [ -99.146678574256157, 22.005993521630476 ], [ -99.147342714620265, 22.005959877854156 ], [ -99.147491026738535, 22.007205983827788 ], [ -99.147492963875834, 22.007222259566944 ], [ -99.148641948576625, 22.016875294373534 ], [ -99.146623805087643, 22.017060621423926 ], [ -99.141372731335707, 22.017542712463992 ], [ -99.141340149817751, 22.017545703173703 ], [ -99.140067445596813, 22.017662521570173 ], [ -99.139964111466185, 22.017672005914385 ], [ -99.137766939034947, 22.017873653868484 ], [ -99.134010057895267, 22.018218376298439 ], [ -99.131814123009491, 22.018419829397949 ], [ -99.130284780378901, 22.0185601122108 ], [ -99.12998712439763, 22.018587413766443 ], [ -99.129917544347308, 22.018593795697576 ], [ -99.128260524131932, 22.018745769862822 ], [ -99.127391918317613, 22.018825427517051 ], [ -99.124856625465355, 22.01905790596237 ], [ -99.123648705336294, 22.019168654498635 ], [ -99.123800509650422, 22.020994155879272 ], [ -99.123869747105971, 22.021826744924578 ], [ -99.123930205920885, 22.022553761412802 ], [ -99.130620575638176, 22.022279973388606 ], [ -99.131835169435547, 22.022230239446518 ], [ -99.132345927920866, 22.022209323201523 ], [ -99.134544053957072, 22.022119286759597 ], [ -99.136814615371676, 22.022026248561026 ], [ -99.136332924669262, 22.024740449206387 ], [ -99.135799469298249, 22.027746225422725 ], [ -99.135472326181414, 22.027761665196525 ], [ -99.133969218715038, 22.027832584355576 ], [ -99.132197053872588, 22.02791618370944 ], [ -99.129933680982177, 22.028022930206017 ], [ -99.128457814441887, 22.02809252142066 ], [ -99.128032525224668, 22.028112567628725 ], [ -99.124949097140117, 22.028257892284014 ], [ -99.124901269915256, 22.028260142208342 ], [ -99.124157738583406, 22.028295183063417 ], [ -99.124268227176699, 22.029722065671315 ], [ -99.124270187257949, 22.029747378908667 ], [ -99.124280026947432, 22.029874532308163 ], [ -99.124290434965872, 22.030008894820284 ], [ -99.124291767839509, 22.030026122637565 ], [ -99.12457868364794, 22.033731321618912 ], [ -99.124672940483748, 22.034948533290258 ], [ -99.124964503179129, 22.038713434830946 ], [ -99.124997956537229, 22.039145520851317 ], [ -99.125052072261127, 22.039844298791092 ], [ -99.125176537517603, 22.04145138837189 ], [ -99.124238653108137, 22.042736709953424 ], [ -99.123685373042434, 22.043494943062111 ], [ -99.123605895588625, 22.04360385078483 ], [ -99.122681534263549, 22.044870596142257 ], [ -99.121441160498847, 22.046570359620205 ], [ -99.121152595265556, 22.046965787667325 ], [ -99.119908584047067, 22.04867046573354 ], [ -99.119493926394398, 22.049238668511453 ], [ -99.118546104310681, 22.050537434347252 ], [ -99.118433696139377, 22.05069147258649 ], [ -99.117249939590678, 22.052313465845504 ], [ -99.11650508162306, 22.05333407356747 ] ] ] } },
{ "type": "Feature", "properties": { "AREA": 5773457.8653999995, "PERIMETER": 14659.64914, "NOMBRE": null, "CVE_ESTADO": "24", "CVE_MPIO": "024", "CVE_EJIDO": "027", "CVEIN_CON": "24024027", "CLAVEUNICA": "2414109622180693", "CVE_EDO": "24", "CINA_MUN": "024", "CINA_NA": "035", "CVEMUNIN": "024", "CVENAIN": "027", "NOM_NA": "PASO DE SAN ANTONIO", "X": "100° 21' 39,64\" W", "Y": "22° 2' 28,05\" N", "Acres": null, "Hectares": null, "distancia_km": 2.6832775207321116 }, "geometry": { "type": "Polygon", "coordinates": [ [ [ -100.344083451965574, 22.061506723742589 ], [ -100.347470300039575, 22.048646785613109 ], [ -100.35072698984925, 22.048006805547043 ], [ -100.353394520575463, 22.046932708105096 ], [ -100.355020188662408, 22.045563814572819 ], [ -100.355654808038622, 22.045753215100817 ], [ -100.355887003325705, 22.045514843485225 ], [ -100.359779798987233, 22.043469777403669 ], [ -100.358583687463721, 22.038051026780668 ], [ -100.357731931499828, 22.032761436864355 ], [ -100.361921430400002, 22.029714064387221 ], [ -100.36373445510975, 22.02839522834261 ], [ -100.365065302127192, 22.025449770434808 ], [ -100.367184486247993, 22.020759292005742 ], [ -100.367216555646593, 22.020688309049085 ], [ -100.368409276509368, 22.018048269488276 ], [ -100.368570141318003, 22.017692194602425 ], [ -100.369977910628734, 22.014576007877881 ], [ -100.374503156534644, 22.015185544470459 ], [ -100.375704470529044, 22.015347335691885 ], [ -100.376336137765577, 22.015432404005526 ], [ -100.376960879642112, 22.01551653714667 ], [ -100.377698652922831, 22.015615888851787 ], [ -100.378001309330216, 22.015656644848697 ], [ -100.378192838845521, 22.015682436090252 ], [ -100.377959250052498, 22.016725576782374 ], [ -100.378245773420346, 22.016939797562294 ], [ -100.378150311654991, 22.017283064100944 ], [ -100.377990681222101, 22.017857068347507 ], [ -100.377078489874805, 22.017455087141791 ], [ -100.376973800593518, 22.017704098716031 ], [ -100.37697379948365, 22.017704101355996 ], [ -100.376417636190951, 22.019026964224619 ], [ -100.376417635566483, 22.019026965709966 ], [ -100.376279302104152, 22.019355995102448 ], [ -100.376279301730719, 22.019355995990725 ], [ -100.37611406960508, 22.019749002486222 ], [ -100.37606907967097, 22.019856011180522 ], [ -100.375278273680351, 22.021080921473558 ], [ -100.375063948722953, 22.02269002071629 ], [ -100.374839773199241, 22.024372896237875 ], [ -100.374443866431022, 22.025519978536764 ], [ -100.371328305102381, 22.028633668931178 ], [ -100.370865764177438, 22.029310646086572 ], [ -100.370501961489808, 22.029843104271354 ], [ -100.370156463096833, 22.030348768219927 ], [ -100.369968553023512, 22.030623787589072 ], [ -100.369237015802838, 22.031694431184516 ], [ -100.368753828004301, 22.030535206567091 ], [ -100.367520668914082, 22.039113127574605 ], [ -100.365986764947067, 22.049781951685183 ], [ -100.354824771537878, 22.060900218072852 ], [ -100.349342115420612, 22.062839697034946 ], [ -100.344083451965574, 22.061506723742589 ] ] ] } },
{ "type": "Feature", "properties": { "AREA": 1104395.97061, "PERIMETER": 5339.09845, "NOMBRE": null, "CVE_ESTADO": "24", "CVE_MPIO": "011", "CVE_EJIDO": "008", "CVEIN_CON": "24011008", "CLAVEUNICA": "2414109622168327", "CVE_EDO": "24", "CINA_MUN": "011", "CINA_NA": "010", "CVEMUNIN": "011", "CVENAIN": "008", "NOM_NA": "OJO DE AGUA DE SAN JUAN Y SU ANEXO SAN JOSE DEL TERREMOTO", "X": "100° 24' 30,15\" W", "Y": "22° 3' 5,56\" N", "Acres": null, "Hectares": null, "distancia_km": 1.6226460528022613 }, "geometry": { "type": "Polygon", "coordinates": [ [ [ -100.417317556123535, 22.047174058365915 ], [ -100.418094014827687, 22.04817903871038 ], [ -100.416729762242824, 22.048792137271818 ], [ -100.416308563727796, 22.048981421652339 ], [ -100.41457606220969, 22.049759982293576 ], [ -100.41443162282502, 22.049834764675751 ], [ -100.414169955530056, 22.049970236845148 ], [ -100.413737019668346, 22.050194387310565 ], [ -100.413345652829236, 22.050397010846659 ], [ -100.411918942179, 22.05113565353215 ], [ -100.411791078402871, 22.051170438776243 ], [ -100.412414259307454, 22.052519182483223 ], [ -100.412434572808777, 22.052687454743598 ], [ -100.411377549168762, 22.053377310056266 ], [ -100.410970860977258, 22.053642727298399 ], [ -100.410461718274433, 22.05397500676138 ], [ -100.409963902700184, 22.054299890896605 ], [ -100.409953563376916, 22.054306638509175 ], [ -100.407160105283026, 22.057238254714971 ], [ -100.405350686950911, 22.059431052526335 ], [ -100.404973084946533, 22.059240222081225 ], [ -100.404267200891709, 22.058720471971803 ], [ -100.402797599623881, 22.057638365793267 ], [ -100.40133819957282, 22.056563740588992 ], [ -100.405545729635023, 22.051346453797169 ], [ -100.403917418393334, 22.050070634632796 ], [ -100.404099795045667, 22.049516558127543 ], [ -100.403963584957665, 22.048667392916236 ], [ -100.403846402804589, 22.047936842416735 ], [ -100.404172799809288, 22.047893604168575 ], [ -100.404138017830292, 22.047604246655091 ], [ -100.404094475512537, 22.047242008206734 ], [ -100.404169514781614, 22.047112162902408 ], [ -100.405369612430519, 22.04682677832222 ], [ -100.405512133719327, 22.046792885945944 ], [ -100.406131909213983, 22.046645498183409 ], [ -100.406826866432837, 22.046480228467018 ], [ -100.40729459805587, 22.046884208313941 ], [ -100.407840986719577, 22.04659678256883 ], [ -100.408615678811373, 22.046680633486737 ], [ -100.408746877236396, 22.046695417215883 ], [ -100.40910328769904, 22.046735577785881 ], [ -100.409366806022433, 22.046765270690003 ], [ -100.409560284083113, 22.046458964390251 ], [ -100.409810688732321, 22.046488547982868 ], [ -100.410350630957552, 22.046552337099413 ], [ -100.411739640772268, 22.046595652572421 ], [ -100.412692460856249, 22.046556112826657 ], [ -100.412885690182534, 22.046548093595963 ], [ -100.413324070072591, 22.046529899498559 ], [ -100.414015992649524, 22.047073110990965 ], [ -100.417317556123535, 22.047174058365915 ] ] ] } },
{ "type": "Feature", "properties": { "AREA": 12047669.68957, "PERIMETER": 29144.17739, "NOMBRE": null, "CVE_ESTADO": "24", "CVE_MPIO": "024", "CVE_EJIDO": "043", "CVEIN_CON": "24024043", "CLAVEUNICA": "2414109622180953", "CVE_EDO": "24", "CINA_MUN": "024", "CINA_NA": "045", "CVEMUNIN": "024", "CVENAIN": "043", "NOM_NA": "SAN JOSE DE GALLINAS", "X": "100° 11' 51,48\" W", "Y": "22° 1' 36,04\" N", "Acres": null, "Hectares": null, "distancia_km": 0.5526460723541341 }, "geometry": { "type": "Polygon", "coordinates": [ [ [ -100.203636095258915, 22.053207051258781 ], [ -100.168644034824268, 22.04009994990583 ], [ -100.160722092322771, 22.028110618631576 ], [ -100.152309670054194, 22.01529015057174 ], [ -100.152778471763412, 22.015650621973322 ], [ -100.153703718029988, 22.016146268494545 ], [ -100.154758593389758, 22.016732981511407 ], [ -100.155628062583787, 22.017700552629321 ], [ -100.156706449658671, 22.018601062973755 ], [ -100.157471457424535, 22.01880510558609 ], [ -100.158809980407824, 22.019362172824909 ], [ -100.15936949406283, 22.019804076404462 ], [ -100.159816651509331, 22.020122295611994 ], [ -100.160582464505524, 22.020451047977083 ], [ -100.161405623933632, 22.020814276407481 ], [ -100.16222528410357, 22.021288398837882 ], [ -100.163909738517219, 22.021978249827011 ], [ -100.16485430675263, 22.023085619288597 ], [ -100.165686782718495, 22.023492660197025 ], [ -100.168299059382917, 22.026195652870395 ], [ -100.170406089144976, 22.027852284071116 ], [ -100.170453379794864, 22.027934850762243 ], [ -100.171025987406509, 22.028934580768361 ], [ -100.170006737784234, 22.029895735967326 ], [ -100.169388671547381, 22.030478564963055 ], [ -100.169332444471209, 22.03119182819114 ], [ -100.175071238031592, 22.036198695968491 ], [ -100.176233233258557, 22.036335806362782 ], [ -100.179449889151201, 22.036939247350343 ], [ -100.179836022665015, 22.036485450263651 ], [ -100.180532162309206, 22.034731445907582 ], [ -100.182067872707734, 22.035612509224933 ], [ -100.182359247899711, 22.035810950623926 ], [ -100.183144762793219, 22.036051837225855 ], [ -100.184487258796622, 22.036911075256356 ], [ -100.184908981364032, 22.037256793664639 ], [ -100.185346373972223, 22.037536293045758 ], [ -100.186021338391171, 22.037505869565482 ], [ -100.18790991465336, 22.037826759050311 ], [ -100.190418028344254, 22.038175742617263 ], [ -100.191018581193092, 22.038173019993668 ], [ -100.191412755829163, 22.038082152145982 ], [ -100.192263388570552, 22.037780596686328 ], [ -100.193161017278229, 22.037276569673196 ], [ -100.193563411747874, 22.037141546288314 ], [ -100.194336010054229, 22.037150773107832 ], [ -100.195521970439444, 22.03705753375786 ], [ -100.196311899074985, 22.036598393870669 ], [ -100.196802620942947, 22.034457910588284 ], [ -100.197315864973064, 22.033527091996806 ], [ -100.198076830499829, 22.032819510891933 ], [ -100.198321805825188, 22.031821141764603 ], [ -100.198215723440896, 22.030877976515931 ], [ -100.198298547958288, 22.029663032286127 ], [ -100.199116692280043, 22.027427819706162 ], [ -100.200402428579139, 22.025816626642786 ], [ -100.200219997950668, 22.024449366390311 ], [ -100.200339852636858, 22.024031294337885 ], [ -100.200429528030185, 22.023999427960629 ], [ -100.200840211907177, 22.024096803416377 ], [ -100.201118870890099, 22.023392662755345 ], [ -100.201146089733712, 22.022134043161088 ], [ -100.201126400678987, 22.022106618449079 ], [ -100.200961856738388, 22.021877426103657 ], [ -100.200679534760425, 22.021484179173083 ], [ -100.200540383141146, 22.021383630472126 ], [ -100.200247125713631, 22.021212812846645 ], [ -100.200197305724757, 22.021192681597686 ], [ -100.199822979950511, 22.02107923005391 ], [ -100.199751782804697, 22.021067619837513 ], [ -100.199993293646131, 22.020523869053225 ], [ -100.208505978728482, 22.00135522168716 ], [ -100.209867723884244, 21.998625030929574 ], [ -100.231871825790137, 21.996768324975172 ], [ -100.227862879578907, 21.997950582975886 ], [ -100.227535404121184, 21.998641137462954 ], [ -100.22872388859021, 21.9997856057328 ], [ -100.22783738631712, 22.000711649179408 ], [ -100.228236362322392, 22.001546450800664 ], [ -100.226931942745935, 22.002464852204753 ], [ -100.226594701126757, 22.002991238911729 ], [ -100.227027057353908, 22.00398139711891 ], [ -100.227021839151959, 22.004664968030799 ], [ -100.226679374222329, 22.005912160165529 ], [ -100.227313624604705, 22.006739222795204 ], [ -100.226307783647513, 22.007829199359335 ], [ -100.226245285144884, 22.009182927680712 ], [ -100.225421930439381, 22.008640940250441 ], [ -100.224532496048639, 22.009174548286541 ], [ -100.223821381334275, 22.010464983724248 ], [ -100.222188829680078, 22.009995240673238 ], [ -100.222101946050657, 22.011704583559464 ], [ -100.221097939693109, 22.011775893666652 ], [ -100.220282888879154, 22.009628180812602 ], [ -100.219852012270252, 22.009618280694095 ], [ -100.219281830361155, 22.011317687583844 ], [ -100.217385365424448, 22.010326157512864 ], [ -100.216573212235403, 22.010661244050929 ], [ -100.216304114187622, 22.011564868995379 ], [ -100.215024268400342, 22.011373302348108 ], [ -100.214619907879353, 22.011452990012231 ], [ -100.214690399249108, 22.013424787409789 ], [ -100.212945287698957, 22.014279350733741 ], [ -100.21232849721909, 22.01471824302817 ], [ -100.211967932295735, 22.015389141383359 ], [ -100.212064344477625, 22.016276687987908 ], [ -100.213094824510165, 22.018030316210542 ], [ -100.212532084085112, 22.018481546214844 ], [ -100.210515698959384, 22.019748701002744 ], [ -100.210075404057378, 22.020492756394756 ], [ -100.209510586979448, 22.021160379572397 ], [ -100.210279020243121, 22.022761772820036 ], [ -100.210363395559298, 22.023091633964555 ], [ -100.210389574573696, 22.023306229232265 ], [ -100.210326431037686, 22.023530029627455 ], [ -100.210194192546169, 22.023775513909488 ], [ -100.210175777224237, 22.02380078899802 ], [ -100.209680964802757, 22.02429283473532 ], [ -100.209599720190553, 22.024717916400437 ], [ -100.209584013341882, 22.024800096279098 ], [ -100.209306659973279, 22.026251224369997 ], [ -100.209083111368059, 22.027239106297717 ], [ -100.209163339419916, 22.027985324192613 ], [ -100.209009915911921, 22.028557121452696 ], [ -100.209067390307652, 22.02909837497857 ], [ -100.208817521143018, 22.029619277881284 ], [ -100.208756844337032, 22.030413859826098 ], [ -100.20825496312726, 22.03315574204089 ], [ -100.208241599664262, 22.033228748173833 ], [ -100.208168289726927, 22.033629247612971 ], [ -100.207727033661413, 22.036039831407109 ], [ -100.207671318755317, 22.036344197089864 ], [ -100.208239830847603, 22.036878517101634 ], [ -100.208531831234509, 22.037152953263732 ], [ -100.208954680524059, 22.037550364680619 ], [ -100.209247184055656, 22.03782526970031 ], [ -100.209567128270734, 22.038125962547134 ], [ -100.208913242913184, 22.039992895136038 ], [ -100.208246542383066, 22.041896386419875 ], [ -100.207710286332571, 22.043212059668647 ], [ -100.203636095258915, 22.053207051258781 ] ] ] } },
{ "type": "Feature", "properties": { "AREA": 5312497.2775800005, "PERIMETER": 12320.10798, "NOMBRE": null, "CVE_ESTADO": "24", "CVE_MPIO": "040", "CVE_EJIDO": "052", "CVEIN_CON": "24040052", "CLAVEUNICA": "2414109622192417", "CVE_EDO": "24", "CINA_MUN": "040", "CINA_NA": "063", "CVEMUNIN": "040", "CVENAIN": "052", "NOM_NA": "VILLA GUERRERO", "X": "98° 45' 21,29\" W", "Y": "22° 0' 50,92\" N", "Acres": null, "Hectares": null, "distancia_km": 1.3315969681117148 }, "geometry": { "type": "Polygon", "coordinates": [ [ [ -98.75438696768127, 22.026390779155012 ], [ -98.753825798177758, 22.026942195416709 ], [ -98.752875414104153, 22.026101985788042 ], [ -98.751813933227155, 22.025076621464137 ], [ -98.751309429618075, 22.024185680303404 ], [ -98.751185922217218, 22.022714822144287 ], [ -98.751062013862423, 22.021239160082086 ], [ -98.7510588023233, 22.021200912506657 ], [ -98.747246590816346, 22.021162155754507 ], [ -98.746265662407396, 22.019556432348836 ], [ -98.745507015082268, 22.018314541531282 ], [ -98.74549165545983, 22.016867319841168 ], [ -98.742996736452497, 22.016373233895163 ], [ -98.742846377083424, 22.015291498003371 ], [ -98.742848904505266, 22.015261878261249 ], [ -98.742873230929092, 22.014976787696334 ], [ -98.743028520691837, 22.014651274759061 ], [ -98.743555000379942, 22.014147839380904 ], [ -98.743486578945721, 22.013522627136929 ], [ -98.743125815281871, 22.013474613098676 ], [ -98.742968779079249, 22.01343160672393 ], [ -98.742466539079089, 22.013523476174921 ], [ -98.742289611709239, 22.013587749534302 ], [ -98.741980166300095, 22.013804018166457 ], [ -98.741889681896339, 22.013729332174382 ], [ -98.742116674600823, 22.013326118904917 ], [ -98.742216723041452, 22.012950062149486 ], [ -98.742466307125625, 22.013303296328722 ], [ -98.74261579275371, 22.013390722935831 ], [ -98.743005616972852, 22.013307431244339 ], [ -98.743249143351449, 22.012549891580708 ], [ -98.74333710150249, 22.012397174804509 ], [ -98.743346998266077, 22.012152491173339 ], [ -98.743062514994776, 22.011917672845442 ], [ -98.742677906602822, 22.011915389193184 ], [ -98.742626664752635, 22.011801754265765 ], [ -98.743146492925661, 22.011640156521029 ], [ -98.743374147313034, 22.011220743548606 ], [ -98.743482408458476, 22.011231465261762 ], [ -98.743346539531046, 22.011809965874143 ], [ -98.743430033491734, 22.012037847001114 ], [ -98.743589283271433, 22.012185277015448 ], [ -98.743947980615289, 22.012114365809069 ], [ -98.744089013705306, 22.011944782798874 ], [ -98.744226449892878, 22.01163595449361 ], [ -98.744206357681236, 22.01115962482892 ], [ -98.744512214393339, 22.010686360166112 ], [ -98.744524095083577, 22.010349807744994 ], [ -98.745131951761394, 22.010532021861817 ], [ -98.744648601506299, 22.008208736615785 ], [ -98.744464906096553, 22.00641170597746 ], [ -98.744454296085991, 22.006307910473403 ], [ -98.744436159167336, 22.006270118065689 ], [ -98.744313691633693, 22.006014928446646 ], [ -98.744577582616174, 22.003668267145933 ], [ -98.74465473000383, 22.002982215340275 ], [ -98.744682239377795, 22.002737579880744 ], [ -98.744690713706149, 22.002662219163188 ], [ -98.744707847607287, 22.002509850122429 ], [ -98.744939023277823, 22.00040309307871 ], [ -98.749401860329826, 22.00036270687589 ], [ -98.749782509392759, 22.000359256590354 ], [ -98.749962722529389, 22.000357622791277 ], [ -98.750317814392858, 22.000354402974789 ], [ -98.750447935943015, 22.000353222897338 ], [ -98.752174130177508, 22.00033755820273 ], [ -98.75382849315038, 22.000322528300121 ], [ -98.753822572231712, 22.000373970930436 ], [ -98.754219599725062, 22.000477904212861 ], [ -98.755096949941617, 22.000707571742407 ], [ -98.75615016654119, 22.0012166918833 ], [ -98.756207850234148, 22.001244575619605 ], [ -98.755907408669145, 22.001860254988102 ], [ -98.756215671136559, 22.002025150561945 ], [ -98.756253929946638, 22.002291138120174 ], [ -98.755946214091296, 22.002995335770276 ], [ -98.756456552455163, 22.003166683993388 ], [ -98.756513660403272, 22.003185759324531 ], [ -98.756132400554691, 22.003902108625542 ], [ -98.756104823260515, 22.003953923296539 ], [ -98.755812008025757, 22.004504087924783 ], [ -98.755961679983301, 22.004561381692049 ], [ -98.755920032300594, 22.004645150863691 ], [ -98.755740603586077, 22.005030967810463 ], [ -98.755697469461367, 22.005123716699721 ], [ -98.754736200681677, 22.007190644099513 ], [ -98.755931267079873, 22.007590694070405 ], [ -98.756844739851203, 22.007896472845598 ], [ -98.757291452046417, 22.008046004376673 ], [ -98.757874559128183, 22.008241190154468 ], [ -98.75868901430907, 22.008513811651852 ], [ -98.758677380692546, 22.00858689267184 ], [ -98.759563921771687, 22.00870402789117 ], [ -98.75961174360539, 22.008710346262145 ], [ -98.76059632210368, 22.008840428647481 ], [ -98.761299774519998, 22.008933364927994 ], [ -98.762198590709914, 22.009163758879126 ], [ -98.762386094783935, 22.007549547651426 ], [ -98.762396076296994, 22.007463616323989 ], [ -98.764676084871937, 22.007208002652249 ], [ -98.765403426263575, 22.007105220378669 ], [ -98.76549495929045, 22.007042173018739 ], [ -98.765674439153813, 22.007011161187059 ], [ -98.76581901473682, 22.006984200976923 ], [ -98.765920802661, 22.006971309528023 ], [ -98.766083958163847, 22.006939849319497 ], [ -98.766179171063257, 22.006924861358886 ], [ -98.766423175790891, 22.00688167184612 ], [ -98.766574612915463, 22.00685913861496 ], [ -98.766709859995288, 22.006825207766525 ], [ -98.766962588597934, 22.006820727747535 ], [ -98.766998136144991, 22.006820097579109 ], [ -98.767027141481037, 22.007147224049813 ], [ -98.767033023495273, 22.007229527720618 ], [ -98.767058588590899, 22.00756319929901 ], [ -98.767240913118272, 22.009551293041262 ], [ -98.767407501727106, 22.011367753590324 ], [ -98.76746019493153, 22.011942304221307 ], [ -98.767552348544029, 22.012947108451193 ], [ -98.767768015423485, 22.014531026693628 ], [ -98.767776859535218, 22.014595979602454 ], [ -98.768391749510371, 22.019111711270092 ], [ -98.768395806393116, 22.01914150395206 ], [ -98.768938777401402, 22.021569485887525 ], [ -98.7704714459434, 22.02842260937226 ], [ -98.763664768094117, 22.024773390979757 ], [ -98.761371356230725, 22.024375537274839 ], [ -98.760279109340445, 22.02418604575071 ], [ -98.759561111356462, 22.024061477615124 ], [ -98.758772342930939, 22.023924627380048 ], [ -98.758147686666533, 22.023971092509175 ], [ -98.756690458442648, 22.024538287207669 ], [ -98.756185508969224, 22.02473482381345 ], [ -98.755468546848249, 22.025327980367912 ], [ -98.755276044390357, 22.025517141945688 ], [ -98.755249434810707, 22.025543289657968 ], [ -98.754600491233461, 22.026180965039458 ], [ -98.75438696768127, 22.026390779155012 ] ] ] } },
{ "type": "Feature", "properties": { "AREA": 11786519.906989999, "PERIMETER": 18789.60606, "NOMBRE": null, "CVE_ESTADO": "24", "CVE_MPIO": "003", "CVE_EJIDO": "010", "CVEIN_CON": "24003010", "CLAVEUNICA": "2414109622163814", "CVE_EDO": "24", "CINA_MUN": "003", "CINA_NA": "010", "CVEMUNIN": "003", "CVENAIN": "010", "NOM_NA": "LOS OTATES", "X": "99° 10' 29,16\" W", "Y": "22° 1' 1,11\" N", "Acres": null, "Hectares": null, "distancia_km": 4.8772406691141184 }, "geometry": { "type": "Polygon", "coordinates": [ [ [ -99.188544251321844, 22.035041854203797 ], [ -99.160043484733805, 22.029893880301458 ], [ -99.157971679493741, 22.027907090460658 ], [ -99.156764211120588, 22.021823542351378 ], [ -99.152117639319187, 22.005730854972544 ], [ -99.155046146133401, 22.004373726616247 ], [ -99.156015940909029, 22.003924287185111 ], [ -99.157588864096667, 22.003941106466424 ], [ -99.158926711716234, 22.003605534309788 ], [ -99.160187769822954, 22.003569048591515 ], [ -99.161664184328089, 22.002934827929369 ], [ -99.163864979960778, 22.005683294621967 ], [ -99.163741552286197, 22.007077032626359 ], [ -99.164333954308049, 22.010009201715981 ], [ -99.172020320088848, 22.007393337025185 ], [ -99.171742855126908, 22.00660745713353 ], [ -99.176869805458225, 22.005481952848314 ], [ -99.179656267362631, 22.004857420399379 ], [ -99.178831331960595, 21.998796736156613 ], [ -99.177232227077525, 21.994769786532075 ], [ -99.183591523612151, 21.992601518930528 ], [ -99.184569210181408, 21.99122664983425 ], [ -99.185365633143078, 21.992245963175016 ], [ -99.188569968832041, 21.998795725355407 ], [ -99.189178780752158, 22.004260091953448 ], [ -99.188071087368229, 22.005150884474581 ], [ -99.186051938922844, 22.005666027868969 ], [ -99.187001546165789, 22.007355943704429 ], [ -99.188035027322627, 22.009357686474182 ], [ -99.189565675697565, 22.009599612665294 ], [ -99.191425311776257, 22.011862689127451 ], [ -99.191387341039501, 22.013393761012821 ], [ -99.190081530702599, 22.01431767290244 ], [ -99.188620235771552, 22.013188750781843 ], [ -99.187471919814556, 22.01160110067131 ], [ -99.186322633314774, 22.011569474076847 ], [ -99.186202784778445, 22.012571360347284 ], [ -99.187203661117749, 22.01405418375375 ], [ -99.187749200372593, 22.015303082455901 ], [ -99.188649845707531, 22.016946515705385 ], [ -99.188896187116384, 22.018492862115679 ], [ -99.19084138218534, 22.019417907372137 ], [ -99.191922232327627, 22.020232774463395 ], [ -99.192159700460607, 22.021375631950129 ], [ -99.191053948824745, 22.024917483648064 ], [ -99.191086443173717, 22.026900230133403 ], [ -99.195714792477531, 22.027775980022867 ], [ -99.195873128491399, 22.029506079706316 ], [ -99.188544251321844, 22.035041854203797 ] ] ] } },
{ "type": "Feature", "properties": { "AREA": 3418377.3185100001, "PERIMETER": 8799.18269, "NOMBRE": null, "CVE_ESTADO": "24", "CVE_MPIO": "024", "CVE_EJIDO": "027", "CVEIN_CON": "24024027", "CLAVEUNICA": "2414109622180693", "CVE_EDO": "24", "CINA_MUN": "024", "CINA_NA": "035", "CVEMUNIN": "024", "CVENAIN": "027", "NOM_NA": "PASO DE SAN ANTONIO", "X": "100° 25' 8,39\" W", "Y": "22° 2' 14,95\" N", "Acres": null, "Hectares": null, "distancia_km": 0.33315784486275463 }, "geometry": { "type": "Polygon", "coordinates": [ [ [ -100.417317556123535, 22.047174058365915 ], [ -100.417166137822207, 22.046678183381349 ], [ -100.416133246319703, 22.046102347422654 ], [ -100.414472415891112, 22.045293770615132 ], [ -100.414085518960974, 22.044513428711724 ], [ -100.414085515238114, 22.044513421203042 ], [ -100.413468242197212, 22.043268406981461 ], [ -100.412998718253277, 22.042321379221416 ], [ -100.412073036291403, 22.040454238771424 ], [ -100.408089581301411, 22.0340219037159 ], [ -100.407070113121904, 22.03445101376699 ], [ -100.405227396589083, 22.031155767478708 ], [ -100.406864364902319, 22.028746757986276 ], [ -100.407011449259727, 22.028005926283875 ], [ -100.406706624173793, 22.028040266574294 ], [ -100.406667925899185, 22.028045627027705 ], [ -100.406519180128143, 22.028066231082445 ], [ -100.406296956402869, 22.028097012939153 ], [ -100.40629808448071, 22.028012070053361 ], [ -100.406301929174333, 22.027722570305279 ], [ -100.406457890356336, 22.027732205910578 ], [ -100.406533336083555, 22.027736869286915 ], [ -100.406645753408384, 22.027743816541388 ], [ -100.407053798145824, 22.027769026732479 ], [ -100.407112880956333, 22.027772674217832 ], [ -100.407123311396958, 22.027773325293175 ], [ -100.407617600723995, 22.027803863107557 ], [ -100.407744558574279, 22.027811705337431 ], [ -100.407774280403373, 22.027814629379662 ], [ -100.408348992722551, 22.027871128905549 ], [ -100.408487099779236, 22.02788470070384 ], [ -100.40872224651271, 22.027907816323349 ], [ -100.408934081372337, 22.027928648152379 ], [ -100.409119064684774, 22.027946829298063 ], [ -100.409277060817814, 22.027962361019313 ], [ -100.409280393263714, 22.027963325931736 ], [ -100.409521554318431, 22.028033222467474 ], [ -100.40966092496457, 22.028073618121574 ], [ -100.40975349542461, 22.028100443053422 ], [ -100.409837846631163, 22.02812489987981 ], [ -100.410135426830763, 22.028211137557669 ], [ -100.411422867890366, 22.028566527560969 ], [ -100.41238096388021, 22.028943923272504 ], [ -100.412422561162018, 22.028960310951479 ], [ -100.414488896913355, 22.02977420651683 ], [ -100.41532460717832, 22.030103377566206 ], [ -100.415772106240993, 22.030238493969165 ], [ -100.415942737747841, 22.030290012949933 ], [ -100.416213183089454, 22.030371668445188 ], [ -100.418281838956545, 22.03099623543477 ], [ -100.418317714711876, 22.031007070927814 ], [ -100.419905560205351, 22.03148645361113 ], [ -100.420062153072465, 22.031533727147373 ], [ -100.420527384616094, 22.03167417719024 ], [ -100.421004413783677, 22.031818190717669 ], [ -100.423123075727474, 22.032402616960727 ], [ -100.424774751299836, 22.032977339596798 ], [ -100.42488747668942, 22.033016562638029 ], [ -100.425989116488239, 22.033399879770446 ], [ -100.426188212320255, 22.033469150698 ], [ -100.427460843757913, 22.034052456505741 ], [ -100.427647266547197, 22.034137895825051 ], [ -100.428597350911218, 22.034573350604614 ], [ -100.428627025151755, 22.034572333021423 ], [ -100.429097028284545, 22.034556183038358 ], [ -100.430105979310369, 22.034521521922073 ], [ -100.430483492946493, 22.034508544882033 ], [ -100.431908607939917, 22.034459572552361 ], [ -100.433578232166681, 22.034402170161265 ], [ -100.436248965617864, 22.034310331183143 ], [ -100.436401887563164, 22.034305069932319 ], [ -100.433169702405735, 22.03715024786819 ], [ -100.432378626508736, 22.037846582713097 ], [ -100.432064838707845, 22.038122785655251 ], [ -100.431718273488727, 22.038427844380138 ], [ -100.431292718600815, 22.03880241139489 ], [ -100.431079628237356, 22.038989972744574 ], [ -100.430729975934369, 22.039297730131715 ], [ -100.430384970348186, 22.03960140871478 ], [ -100.430342426695802, 22.039638849683328 ], [ -100.429827541845015, 22.040092053528021 ], [ -100.429435407335902, 22.040437203494978 ], [ -100.429330209050903, 22.040529792586952 ], [ -100.429254205803289, 22.040596691283834 ], [ -100.429160733385146, 22.04067896217364 ], [ -100.428100904430295, 22.041611781779146 ], [ -100.427940021611874, 22.041753387312184 ], [ -100.427893375872145, 22.041794440334904 ], [ -100.427191362733709, 22.042412313894992 ], [ -100.427021133437478, 22.042562138342728 ], [ -100.426796286223563, 22.042760039858436 ], [ -100.426736395906772, 22.042812742493513 ], [ -100.425648875346951, 22.043769896460702 ], [ -100.42564505294294, 22.043773262737385 ], [ -100.425514139595677, 22.043888483110035 ], [ -100.42545367211612, 22.043941696156402 ], [ -100.425320568695042, 22.044058841311472 ], [ -100.42409964506767, 22.045133377301461 ], [ -100.42331891035407, 22.045820485985871 ], [ -100.422810357869366, 22.046268050345162 ], [ -100.422695450469305, 22.04636917430199 ], [ -100.422421521901583, 22.046610247640817 ], [ -100.422398471201276, 22.046630536216636 ], [ -100.421539913391484, 22.04738611120807 ], [ -100.420787881441981, 22.048047930398248 ], [ -100.420483028905636, 22.048316213106677 ], [ -100.420193907742004, 22.048570647457055 ], [ -100.419750513590287, 22.048960841281744 ], [ -100.419124019758016, 22.049512162755704 ], [ -100.418094014827687, 22.04817903871038 ], [ -100.417317556123535, 22.047174058365915 ] ] ] } },
{ "type": "Feature", "properties": { "AREA": 22522384.730269998, "PERIMETER": 26442.21578, "NOMBRE": null, "CVE_ESTADO": "24", "CVE_MPIO": "024", "CVE_EJIDO": "012", "CVEIN_CON": "24024012", "CLAVEUNICA": "2414109622180322", "CVE_EDO": "24", "CINA_MUN": "024", "CINA_NA": "017", "CVEMUNIN": "024", "CVENAIN": "012", "NOM_NA": "EL CHARCO", "X": "100° 20' 14,40\" W", "Y": "22° 1' 23,54\" N", "Acres": null, "Hectares": null, "distancia_km": 0.27307990527501369 }, "geometry": { "type": "Polygon", "coordinates": [ [ [ -100.347470300039575, 22.048646785613109 ], [ -100.341506489941622, 22.042504747252885 ], [ -100.340382186924984, 22.041297227999173 ], [ -100.33898114036576, 22.039990534665112 ], [ -100.338141229927786, 22.039498946881316 ], [ -100.335093932409023, 22.039137092816638 ], [ -100.32222742588354, 22.038307736209006 ], [ -100.32188459023682, 22.037284216859916 ], [ -100.311425070780658, 22.042626601310239 ], [ -100.309884149552985, 22.043560545194488 ], [ -100.306555086095756, 22.045916276255745 ], [ -100.304645577764063, 22.047105482567687 ], [ -100.300548236874718, 22.043086650938985 ], [ -100.299648393635565, 22.04182546805805 ], [ -100.298656600880946, 22.038549058175718 ], [ -100.297353420719105, 22.037557364702934 ], [ -100.297193144325121, 22.037388780632085 ], [ -100.297109422709497, 22.037128132410245 ], [ -100.296896362914936, 22.036869131706379 ], [ -100.296662490383696, 22.036855573589694 ], [ -100.296426389785182, 22.036789922238484 ], [ -100.296393396553711, 22.03675658120325 ], [ -100.296426355975484, 22.03664259665042 ], [ -100.297011636095647, 22.036134073648 ], [ -100.297026573943569, 22.036121092559782 ], [ -100.297599517017801, 22.03562328793846 ], [ -100.297886188844686, 22.035374202681695 ], [ -100.3103803184312, 22.024517122419393 ], [ -100.310681957711154, 22.0242549796052 ], [ -100.310803785589442, 22.024149097666413 ], [ -100.311062741360104, 22.023924041238327 ], [ -100.317999133058422, 22.017895322687814 ], [ -100.325963013912528, 22.016329411762179 ], [ -100.331113744125545, 22.005969058057588 ], [ -100.3318276484232, 22.005398900194464 ], [ -100.331678454263255, 22.004839545861461 ], [ -100.331575033706528, 22.004451776901934 ], [ -100.331531690424995, 22.004289285661681 ], [ -100.332177987032679, 22.003965141828914 ], [ -100.332706489587522, 22.003893272485442 ], [ -100.333756285753978, 22.00375051776955 ], [ -100.334092489836621, 22.001849947915918 ], [ -100.334254301250994, 22.000935217293382 ], [ -100.334030125266835, 22.000303589495992 ], [ -100.334978523160871, 22.000251294354264 ], [ -100.336508054577109, 21.999551936737973 ], [ -100.338358065214749, 21.999064722688509 ], [ -100.338546706065912, 21.997993132344927 ], [ -100.340076542529431, 21.997181309478641 ], [ -100.340962496715747, 21.997161611448657 ], [ -100.341907841290066, 21.997140591672576 ], [ -100.344995582391476, 21.997071885676849 ], [ -100.35080155189678, 21.996942537330792 ], [ -100.351139840855382, 21.996752619081963 ], [ -100.3512654368147, 21.996682104361671 ], [ -100.355347416431954, 21.996354232979183 ], [ -100.355354423561465, 21.996353669236935 ], [ -100.356248539501834, 21.99628183800958 ], [ -100.356262282734335, 21.996280730754975 ], [ -100.356284552598595, 21.996278938758632 ], [ -100.356297821609616, 21.996277871553858 ], [ -100.356575803289829, 21.996255546824202 ], [ -100.35909633100367, 21.996053021126041 ], [ -100.359119713769942, 21.996051138230108 ], [ -100.360125880071905, 21.995970282132099 ], [ -100.360560006740116, 21.996630631809211 ], [ -100.36333909123212, 22.000857707812351 ], [ -100.363790714640473, 22.00154460250387 ], [ -100.364203714021983, 22.002172752171219 ], [ -100.364635884167697, 22.002830052182642 ], [ -100.365160523064375, 22.003627978933935 ], [ -100.365969899159253, 22.004858944086525 ], [ -100.365971947478812, 22.004859414786715 ], [ -100.367429571909554, 22.005193794416012 ], [ -100.367592172125796, 22.005832910646141 ], [ -100.367831745874653, 22.006774566851757 ], [ -100.365731316208809, 22.005299848826784 ], [ -100.365603561460688, 22.005288547237718 ], [ -100.365527675489218, 22.00643148015628 ], [ -100.365260785379206, 22.010451080159712 ], [ -100.366303117704447, 22.012394875679146 ], [ -100.369049760305629, 22.011202531 ], [ -100.369282436216267, 22.01204824070053 ], [ -100.369506085612286, 22.012861130691412 ], [ -100.369793963890757, 22.013907445432274 ], [ -100.369977910628734, 22.014576007877881 ], [ -100.367045743054689, 22.015557107618591 ], [ -100.3657330526637, 22.015824849193812 ], [ -100.362169556038339, 22.01655161671933 ], [ -100.361944482136764, 22.016593817874394 ], [ -100.361604977527662, 22.016657474058746 ], [ -100.360989128391495, 22.016772942163556 ], [ -100.359918076646593, 22.016973752190083 ], [ -100.357908398749714, 22.017343550654342 ], [ -100.355324340087037, 22.017757630566244 ], [ -100.355459762140882, 22.018601664953525 ], [ -100.35565905193674, 22.019843740856039 ], [ -100.355743323036052, 22.02036895552828 ], [ -100.355917485297851, 22.02145439079003 ], [ -100.355958356892188, 22.021709113286438 ], [ -100.355961804508723, 22.021730599686851 ], [ -100.356019324374088, 22.0220890765831 ], [ -100.35627301960109, 22.023670137025029 ], [ -100.357095656560958, 22.028796622375058 ], [ -100.357731931499828, 22.032761436864355 ], [ -100.358583687463721, 22.038051026780668 ], [ -100.359779798987233, 22.043469777403669 ], [ -100.355887003325705, 22.045514843485225 ], [ -100.355654808038622, 22.045753215100817 ], [ -100.355020188662408, 22.045563814572819 ], [ -100.353394520575463, 22.046932708105096 ], [ -100.35072698984925, 22.048006805547043 ], [ -100.347470300039575, 22.048646785613109 ] ], [ [ -100.350050859471708, 22.019038463623207 ], [ -100.352858252765856, 22.018224513417827 ], [ -100.352898780523077, 22.018214960895854 ], [ -100.3547556357817, 22.017777282192174 ], [ -100.354769277857557, 22.017347609360741 ], [ -100.354773749341902, 22.017206752489805 ], [ -100.354776050344626, 22.017134276903846 ], [ -100.354781037388733, 22.016977197992713 ], [ -100.354792506312762, 22.016615956620704 ], [ -100.354758786362467, 22.016207495690345 ], [ -100.354264065751678, 22.015529686222514 ], [ -100.352830457665945, 22.015757209827687 ], [ -100.352378217372859, 22.015763453395273 ], [ -100.350857720504081, 22.016454349033118 ], [ -100.350450865949625, 22.01663921542815 ], [ -100.348405806378452, 22.017568426573032 ], [ -100.348222167196184, 22.017901816882816 ], [ -100.348192292856652, 22.017956052509852 ], [ -100.348141537027033, 22.0180481975163 ], [ -100.348036651273333, 22.018238612646016 ], [ -100.348133799007712, 22.018766264728519 ], [ -100.349151359198018, 22.019506550297635 ], [ -100.350050859471708, 22.019038463623207 ] ] ] } },
{ "type": "Feature", "properties": { "AREA": 16268748.06398, "PERIMETER": 25440.05108, "NOMBRE": null, "CVE_ESTADO": "24", "CVE_MPIO": "011", "CVE_EJIDO": "004", "CVEIN_CON": "24011004", "CLAVEUNICA": "2414109622168234", "CVE_EDO": "24", "CINA_MUN": "011", "CINA_NA": "007", "CVEMUNIN": "011", "CVENAIN": "004", "NOM_NA": "LABOR VIEJA", "X": "100° 8' 51,85\" W", "Y": "22° 0' 48,95\" N", "Acres": null, "Hectares": null, "distancia_km": 0.77496273253003922 }, "geometry": { "type": "Polygon", "coordinates": [ [ [ -100.168644034824268, 22.04009994990583 ], [ -100.160691133219231, 22.042774069077296 ], [ -100.158775038098256, 22.043418273652584 ], [ -100.155701087642072, 22.040915173676531 ], [ -100.15502847893606, 22.040367452228661 ], [ -100.146711519283514, 22.033594155928498 ], [ -100.146248945505249, 22.033440215720034 ], [ -100.146188958279012, 22.033450248136223 ], [ -100.14414960860563, 22.033791300347644 ], [ -100.144068372727972, 22.033992037666792 ], [ -100.143179289276176, 22.03618896342314 ], [ -100.142727445849999, 22.037305442249636 ], [ -100.142414191553797, 22.03807946547461 ], [ -100.142219387365671, 22.038560804837896 ], [ -100.142086340098288, 22.038889547596803 ], [ -100.141684289886058, 22.039882952858019 ], [ -100.140459415127594, 22.039349250396707 ], [ -100.140081335367199, 22.038411856750294 ], [ -100.140029007592844, 22.03828211654471 ], [ -100.136482901080655, 22.035987163434765 ], [ -100.136317632593745, 22.035432115283804 ], [ -100.13638177238991, 22.034985031225482 ], [ -100.136653931311756, 22.033087931245966 ], [ -100.136340530993778, 22.032669018469562 ], [ -100.136271816108106, 22.032577168920589 ], [ -100.135869926438261, 22.031655584105351 ], [ -100.133633296844664, 22.030258160134668 ], [ -100.129910080289108, 22.031776793205939 ], [ -100.128240671946216, 22.030778363134502 ], [ -100.128318805669991, 22.030253100566277 ], [ -100.128734072808726, 22.02972857048464 ], [ -100.130750914007379, 22.027181000655514 ], [ -100.130847056145598, 22.026356611684317 ], [ -100.130232538366045, 22.025856040554224 ], [ -100.125301536589987, 22.021839149489733 ], [ -100.125351168377335, 22.021414053540248 ], [ -100.12543908202241, 22.02066106870938 ], [ -100.125385011707863, 22.020189920698385 ], [ -100.12789368340799, 22.019686682681925 ], [ -100.13210062096266, 22.019698995415823 ], [ -100.132511189528941, 22.019700191268544 ], [ -100.13300924440945, 22.019701640559166 ], [ -100.134059123497224, 22.019704690643621 ], [ -100.134385234511839, 22.019561805100206 ], [ -100.136540597903277, 22.018617409450258 ], [ -100.137135607046176, 22.018356692708043 ], [ -100.137667952416336, 22.018123430918799 ], [ -100.139429638978072, 22.017351481917842 ], [ -100.138780187993589, 22.014936431938537 ], [ -100.138721501450703, 22.014718195433979 ], [ -100.137585686954708, 22.009764637679659 ], [ -100.140047590361959, 22.005324082265602 ], [ -100.135899068271016, 22.001512264136181 ], [ -100.135301089113568, 22.000790680437603 ], [ -100.123461355173575, 21.991462833336332 ], [ -100.127292850844412, 21.988126110792564 ], [ -100.129829382348959, 21.989188589257115 ], [ -100.132408535774218, 21.990917675152421 ], [ -100.134701222059661, 21.990831925832985 ], [ -100.141766483626313, 21.987928276115795 ], [ -100.143448392050104, 21.987205263978726 ], [ -100.147992290903076, 21.986387452889844 ], [ -100.149668340496603, 21.98629455633079 ], [ -100.149744756460137, 21.985132565765053 ], [ -100.149440831554827, 21.983966906019084 ], [ -100.152183840910439, 21.983158053980791 ], [ -100.152944719782397, 21.984187339559366 ], [ -100.154418918870519, 21.987890643333323 ], [ -100.156027798568488, 21.988622682014359 ], [ -100.156562238771485, 21.993092307423304 ], [ -100.158158280138139, 21.996067366150822 ], [ -100.160827791993981, 21.998797304515396 ], [ -100.163777834622564, 22.001533713789733 ], [ -100.16353859662344, 22.017526809703835 ], [ -100.163852663017224, 22.021293715550989 ], [ -100.163909738517219, 22.021978249827011 ], [ -100.16222528410357, 22.021288398837882 ], [ -100.161405623933632, 22.020814276407481 ], [ -100.160582464505524, 22.020451047977083 ], [ -100.159816651509331, 22.020122295611994 ], [ -100.15936949406283, 22.019804076404462 ], [ -100.158809980407824, 22.019362172824909 ], [ -100.157471457424535, 22.01880510558609 ], [ -100.156706449658671, 22.018601062973755 ], [ -100.155628062583787, 22.017700552629321 ], [ -100.154758593389758, 22.016732981511407 ], [ -100.153703718029988, 22.016146268494545 ], [ -100.152778471763412, 22.015650621973322 ], [ -100.152309670054194, 22.01529015057174 ], [ -100.160722092322771, 22.028110618631576 ], [ -100.168644034824268, 22.04009994990583 ] ] ] } },
{ "type": "Feature", "properties": { "AREA": 3384293.6011600001, "PERIMETER": 9001.86349, "NOMBRE": null, "CVE_ESTADO": "24", "CVE_MPIO": "013", "CVE_EJIDO": "018", "CVEIN_CON": "24013018", "CLAVEUNICA": "2414109622169633", "CVE_EDO": "24", "CINA_MUN": "013", "CINA_NA": "019", "CVEMUNIN": "013", "CVENAIN": "018", "NOM_NA": "ESTACION VALLES", "X": "99° 4' 17,89\" W", "Y": "22° 0' 40,83\" N", "Acres": null, "Hectares": null, "distancia_km": 1.3715806292758876 }, "geometry": { "type": "Polygon", "coordinates": [ [ [ -99.071395545704036, 22.020295860694446 ], [ -99.069387685048284, 22.022169772523846 ], [ -99.060152099466478, 22.017037011206664 ], [ -99.061000931479484, 22.016081475519321 ], [ -99.061619252701163, 22.015554990523295 ], [ -99.062461168958009, 22.015186510839275 ], [ -99.062921608030379, 22.015014676375877 ], [ -99.063518813544135, 22.014736639073625 ], [ -99.064146678796462, 22.014359205785379 ], [ -99.06283064632791, 22.013524020942103 ], [ -99.064519709987366, 22.013078411272044 ], [ -99.064653928308573, 22.012716974127198 ], [ -99.063846484171364, 22.012116494057203 ], [ -99.064055247215862, 22.011197154281579 ], [ -99.063741453025997, 22.01082234326887 ], [ -99.063441751541447, 22.009652490809117 ], [ -99.062843898778908, 22.009736285611552 ], [ -99.062335571882642, 22.009820054229234 ], [ -99.06190202488196, 22.009847316252987 ], [ -99.061304039849048, 22.009847547717662 ], [ -99.06063399168184, 22.009879411037495 ], [ -99.060060707414721, 22.009784063680236 ], [ -99.060594024466354, 22.008266028801632 ], [ -99.06070059332275, 22.007821464685204 ], [ -99.060979653434643, 22.002782658794615 ], [ -99.074739929295376, 22.005062269876962 ], [ -99.076270470232686, 22.005235262043495 ], [ -99.084057491067156, 22.006624794443962 ], [ -99.088806855541364, 22.007642876928067 ], [ -99.083590938058805, 22.0116003936742 ], [ -99.07685976028506, 22.0162946427447 ], [ -99.076149823702764, 22.016865184684349 ], [ -99.075426549770455, 22.017539351901746 ], [ -99.074119404878218, 22.018519970404267 ], [ -99.073335606442868, 22.019055319442117 ], [ -99.072315867034447, 22.019704003169409 ], [ -99.071395545704036, 22.020295860694446 ] ] ] } },
{ "type": "Feature", "properties": { "AREA": 28374725.385760002, "PERIMETER": 22518.39154, "NOMBRE": null, "CVE_ESTADO": "24", "CVE_MPIO": "024", "CVE_EJIDO": "052", "CVEIN_CON": "24024052", "CLAVEUNICA": "2414109622180487", "CVE_EDO": "24", "CINA_MUN": "024", "CINA_NA": "028", "CVEMUNIN": "024", "CVENAIN": "052", "NOM_NA": "LA TAPONA", "X": "100° 11' 19,70\" W", "Y": "22° 0' 4,83\" N", "Acres": null, "Hectares": null, "distancia_km": 2.1860530914347645 }, "geometry": { "type": "Polygon", "coordinates": [ [ [ -100.191018581193092, 22.038173019993668 ], [ -100.190418028344254, 22.038175742617263 ], [ -100.18790991465336, 22.037826759050311 ], [ -100.186021338391171, 22.037505869565482 ], [ -100.185346373972223, 22.037536293045758 ], [ -100.184908981364032, 22.037256793664639 ], [ -100.184487258796622, 22.036911075256356 ], [ -100.183144762793219, 22.036051837225855 ], [ -100.182359247899711, 22.035810950623926 ], [ -100.182067872707734, 22.035612509224933 ], [ -100.180532162309206, 22.034731445907582 ], [ -100.179836022665015, 22.036485450263651 ], [ -100.179449889151201, 22.036939247350343 ], [ -100.176233233258557, 22.036335806362782 ], [ -100.175071238031592, 22.036198695968491 ], [ -100.169332444471209, 22.03119182819114 ], [ -100.169388671547381, 22.030478564963055 ], [ -100.170006737784234, 22.029895735967326 ], [ -100.171025987406509, 22.028934580768361 ], [ -100.170453379794864, 22.027934850762243 ], [ -100.170406089144976, 22.027852284071116 ], [ -100.168299059382917, 22.026195652870395 ], [ -100.165686782718495, 22.023492660197025 ], [ -100.16485430675263, 22.023085619288597 ], [ -100.163909738517219, 22.021978249827011 ], [ -100.163852663017224, 22.021293715550989 ], [ -100.16353859662344, 22.017526809703835 ], [ -100.163777834622564, 22.001533713789733 ], [ -100.166293427628133, 21.998797410339737 ], [ -100.174547502497447, 21.985784914721961 ], [ -100.194540913323507, 21.964244230019222 ], [ -100.193926249937661, 21.962176837863382 ], [ -100.20344173065962, 21.961072286867513 ], [ -100.211650874223182, 21.97106786406599 ], [ -100.213426599977609, 21.973229765628989 ], [ -100.209867723884244, 21.998625030929574 ], [ -100.208505978728482, 22.00135522168716 ], [ -100.199993293646131, 22.020523869053225 ], [ -100.199751782804697, 22.021067619837513 ], [ -100.199822979950511, 22.02107923005391 ], [ -100.200197305724757, 22.021192681597686 ], [ -100.200247125713631, 22.021212812846645 ], [ -100.200540383141146, 22.021383630472126 ], [ -100.200679534760425, 22.021484179173083 ], [ -100.200961856738388, 22.021877426103657 ], [ -100.201126400678987, 22.022106618449079 ], [ -100.201146089733712, 22.022134043161088 ], [ -100.201118870890099, 22.023392662755345 ], [ -100.200840211907177, 22.024096803416377 ], [ -100.200429528030185, 22.023999427960629 ], [ -100.200339852636858, 22.024031294337885 ], [ -100.200219997950668, 22.024449366390311 ], [ -100.200402428579139, 22.025816626642786 ], [ -100.199116692280043, 22.027427819706162 ], [ -100.198298547958288, 22.029663032286127 ], [ -100.198215723440896, 22.030877976515931 ], [ -100.198321805825188, 22.031821141764603 ], [ -100.198076830499829, 22.032819510891933 ], [ -100.197315864973064, 22.033527091996806 ], [ -100.196802620942947, 22.034457910588284 ], [ -100.196311899074985, 22.036598393870669 ], [ -100.195521970439444, 22.03705753375786 ], [ -100.194336010054229, 22.037150773107832 ], [ -100.193563411747874, 22.037141546288314 ], [ -100.193161017278229, 22.037276569673196 ], [ -100.192263388570552, 22.037780596686328 ], [ -100.191412755829163, 22.038082152145982 ], [ -100.191018581193092, 22.038173019993668 ] ] ] } },
{ "type": "Feature", "properties": { "AREA": 12643574.12575, "PERIMETER": 19092.87009, "NOMBRE": null, "CVE_ESTADO": "24", "CVE_MPIO": "055", "CVE_EJIDO": "008", "CVEIN_CON": "24055008", "CLAVEUNICA": "2417039846823490", "CVE_EDO": "24", "CINA_MUN": "055", "CINA_NA": "005", "CVEMUNIN": "055", "CVENAIN": "008", "NOM_NA": "SIERRA DE ALVAREZ  KILOMETRO 58", "X": "100° 36' 6,70\" W", "Y": "22° 0' 51,89\" N", "Acres": null, "Hectares": null, "distancia_km": 4.0837303254274611 }, "geometry": { "type": "Polygon", "coordinates": [ [ [ -100.603940125742355, 22.039623644251098 ], [ -100.603911492653168, 22.039575034717313 ], [ -100.60355973950405, 22.038977944682923 ], [ -100.602374467325461, 22.028319841576216 ], [ -100.59695071488045, 22.028257678746066 ], [ -100.596939189644814, 22.027063789959943 ], [ -100.596845321037662, 22.017336611455857 ], [ -100.594922038051948, 22.017230232264485 ], [ -100.584911792759755, 22.016676184429897 ], [ -100.584035207373347, 22.016627637665295 ], [ -100.584590799585982, 22.015521936479377 ], [ -100.578117514899006, 21.998778987577627 ], [ -100.57738504374349, 21.99595579374953 ], [ -100.601521738494341, 21.991355090600209 ], [ -100.607245644382644, 21.998762532672941 ], [ -100.610756336105027, 22.003666398334047 ], [ -100.604624236235097, 22.006959964850278 ], [ -100.605776344995505, 22.016907091090648 ], [ -100.617615940838277, 22.011909163176668 ], [ -100.626827467767825, 22.031592512242682 ], [ -100.615183465991734, 22.036298320844772 ], [ -100.610818896639955, 22.038061931402183 ], [ -100.604519487535612, 22.04060708497143 ], [ -100.603940125742355, 22.039623644251098 ] ] ] } },
{ "type": "Feature", "properties": { "AREA": 33391129.13242, "PERIMETER": 36274.73147, "NOMBRE": null, "CVE_ESTADO": "24", "CVE_MPIO": "024", "CVE_EJIDO": "041", "CVEIN_CON": "24024041", "CLAVEUNICA": "2414109622180004", "CVE_EDO": "24", "CINA_MUN": "024", "CINA_NA": "006", "CVEMUNIN": "024", "CVENAIN": "041", "NOM_NA": "CANOAS", "X": "100° 17' 57,77\" W", "Y": "21° 59' 44,60\" N", "Acres": null, "Hectares": null, "distancia_km": 3.2700043589072627 }, "geometry": { "type": "Polygon", "coordinates": [ [ [ -100.294823775030423, 22.036992146791047 ], [ -100.293697193469043, 22.036865313584876 ], [ -100.294696678397642, 22.035353750887953 ], [ -100.294811109000989, 22.034931797514243 ], [ -100.294092176018566, 22.035052892684419 ], [ -100.293651256460777, 22.034721951257584 ], [ -100.293500327903331, 22.034608668013295 ], [ -100.293435425349145, 22.034559953658928 ], [ -100.293284497127701, 22.034446670194178 ], [ -100.292761889303478, 22.034054409489226 ], [ -100.292028882707157, 22.033081419033177 ], [ -100.291896139871028, 22.032638139233836 ], [ -100.290375386546543, 22.031923694336157 ], [ -100.289821595710194, 22.029145631705202 ], [ -100.28697671925984, 22.028181670085576 ], [ -100.289615529781258, 22.025907358214418 ], [ -100.289139308692384, 22.025096023814889 ], [ -100.291529436980284, 22.021872405667207 ], [ -100.294349109897126, 22.021006639069725 ], [ -100.298599064511265, 22.014740441850588 ], [ -100.300164515998915, 22.013545519889608 ], [ -100.301482543460452, 22.012619876362507 ], [ -100.301829232070261, 22.011954950862613 ], [ -100.302496959357796, 22.011577049592564 ], [ -100.302518644582221, 22.010808135271049 ], [ -100.301135972914011, 22.009613905682915 ], [ -100.300800970460315, 22.009198486947298 ], [ -100.300352029545977, 22.008888725498743 ], [ -100.30043619005157, 22.008679759827125 ], [ -100.300283322654252, 22.008218787363528 ], [ -100.299782076921062, 22.007397916260565 ], [ -100.299469908064154, 22.007191054054374 ], [ -100.299130361219326, 22.007059173302334 ], [ -100.297903903850937, 22.006848250485149 ], [ -100.296385444922691, 22.005620907698002 ], [ -100.2961393067567, 22.005538549846079 ], [ -100.295786498770909, 22.005515667196491 ], [ -100.294023811082923, 22.006121063050752 ], [ -100.294063126913983, 22.00638335697402 ], [ -100.293607161638462, 22.006551272767556 ], [ -100.292841548188306, 22.00558114512107 ], [ -100.292813050990773, 22.005646282111879 ], [ -100.292668896346783, 22.005975780240728 ], [ -100.292561159640769, 22.006222035902066 ], [ -100.290733175270958, 22.006831254189848 ], [ -100.288811477977134, 22.007681871167794 ], [ -100.28836391138023, 22.007861747597598 ], [ -100.28767222548116, 22.008376032336095 ], [ -100.286394850286101, 22.009325773041702 ], [ -100.286128746114784, 22.009523622246732 ], [ -100.28573829301051, 22.010224278755647 ], [ -100.285448038977989, 22.011190348543728 ], [ -100.285005652279978, 22.011141715351016 ], [ -100.284532595120325, 22.011175497260748 ], [ -100.284411168358432, 22.011184168354326 ], [ -100.284188299549399, 22.011169023000715 ], [ -100.284040259374876, 22.011243846142676 ], [ -100.284309519505143, 22.011833085281282 ], [ -100.284003297075316, 22.011961403141484 ], [ -100.283558766299791, 22.012952751210069 ], [ -100.282942190490729, 22.014144765245018 ], [ -100.282764756841033, 22.014300427154026 ], [ -100.282354925820883, 22.015690683215183 ], [ -100.282530794617855, 22.015885086374865 ], [ -100.281317089065496, 22.018017603669051 ], [ -100.281247058821791, 22.018082266821899 ], [ -100.281742377009493, 22.019179496308141 ], [ -100.281577481825053, 22.019374554055776 ], [ -100.279891320904056, 22.021369108053786 ], [ -100.280430222745863, 22.024219342521206 ], [ -100.272043430275033, 22.019719021297679 ], [ -100.264343509137433, 22.01858768947341 ], [ -100.2609390694127, 22.015188538702645 ], [ -100.265679920654648, 22.013201952166327 ], [ -100.268337860483456, 21.998923107229121 ], [ -100.270554213304095, 21.991558176236811 ], [ -100.270616348418898, 21.991351716181089 ], [ -100.271673180803361, 21.987839593451678 ], [ -100.289922288770924, 21.974845855100824 ], [ -100.290129828278268, 21.974698061974419 ], [ -100.29219586531012, 21.973226721570192 ], [ -100.292629187802248, 21.972918123083659 ], [ -100.285012758032224, 21.956322395925145 ], [ -100.285832573648747, 21.957278577651099 ], [ -100.300527677328688, 21.957324622359764 ], [ -100.321058184743165, 21.961272716974694 ], [ -100.316220208909371, 21.976214805841511 ], [ -100.314761120569599, 21.983714141562707 ], [ -100.314481186891811, 21.98515288049132 ], [ -100.314365113496393, 21.985749428240343 ], [ -100.314362958676369, 21.985760483659163 ], [ -100.31398299550537, 21.987713234081681 ], [ -100.316281744460753, 21.988029843866727 ], [ -100.31721368651435, 21.988158190720029 ], [ -100.319033304957586, 21.988408774787064 ], [ -100.31977156910807, 21.988510436397647 ], [ -100.31994772000435, 21.98857996312702 ], [ -100.320153986216113, 21.988661378421806 ], [ -100.32106994360332, 21.989022924098688 ], [ -100.322439474611443, 21.989563488670349 ], [ -100.322511806050827, 21.989557323259053 ], [ -100.325228565156507, 21.989325764415934 ], [ -100.325892900328384, 21.989269134958548 ], [ -100.327516205583649, 21.989182831639365 ], [ -100.327566350896035, 21.989180167630597 ], [ -100.327777632492896, 21.989245282474517 ], [ -100.327981423264205, 21.989441063241618 ], [ -100.327995701301404, 21.989454785938129 ], [ -100.328005825877938, 21.989464513619165 ], [ -100.328007426010387, 21.989604175178059 ], [ -100.328031112498337, 21.989622482639525 ], [ -100.328096679690745, 21.989673167910482 ], [ -100.328161790799925, 21.989857976163254 ], [ -100.329137456203497, 21.992627375736038 ], [ -100.329854217090727, 21.993264205509885 ], [ -100.330059685127083, 21.993446754640434 ], [ -100.330373298925721, 21.993725393561594 ], [ -100.330493339947552, 21.993832045780106 ], [ -100.330384199441269, 21.994032212940457 ], [ -100.330306188760275, 21.994175293107578 ], [ -100.330227035190404, 21.994320469090166 ], [ -100.330075745908204, 21.994597946484003 ], [ -100.330560705600178, 21.995310910841106 ], [ -100.330803094122885, 21.995667266665127 ], [ -100.331798459060977, 21.997130558417233 ], [ -100.331813533900387, 21.99715272895433 ], [ -100.331857402920292, 21.997217219183476 ], [ -100.331926579977946, 21.997318917725849 ], [ -100.332242474058191, 21.997783311542271 ], [ -100.33364946860074, 21.999851667816124 ], [ -100.333347894263326, 21.999972982783419 ], [ -100.33355888120407, 22.00020761921224 ], [ -100.333817541704605, 22.000248376068843 ], [ -100.33389646399857, 22.000260813577079 ], [ -100.334030125266835, 22.000303589495992 ], [ -100.334254301250994, 22.000935217293382 ], [ -100.334092489836621, 22.001849947915918 ], [ -100.333756285753978, 22.00375051776955 ], [ -100.332706489587522, 22.003893272485442 ], [ -100.332177987032679, 22.003965141828914 ], [ -100.331531690424995, 22.004289285661681 ], [ -100.331575033706528, 22.004451776901934 ], [ -100.331678454263255, 22.004839545861461 ], [ -100.3318276484232, 22.005398900194464 ], [ -100.331113744125545, 22.005969058057588 ], [ -100.325963013912528, 22.016329411762179 ], [ -100.317999133058422, 22.017895322687814 ], [ -100.311062741360104, 22.023924041238327 ], [ -100.310803785589442, 22.024149097666413 ], [ -100.310681957711154, 22.0242549796052 ], [ -100.3103803184312, 22.024517122419393 ], [ -100.297886188844686, 22.035374202681695 ], [ -100.297599517017801, 22.03562328793846 ], [ -100.297026573943569, 22.036121092559782 ], [ -100.297011636095647, 22.036134073648 ], [ -100.296426355975484, 22.03664259665042 ], [ -100.295945800837529, 22.036643643301712 ], [ -100.295681603149959, 22.036644218124689 ], [ -100.294823775030423, 22.036992146791047 ] ], [ [ -100.291809580777681, 22.003910162862152 ], [ -100.293982777518352, 22.0021558557848 ], [ -100.294260662676209, 22.001510637790979 ], [ -100.293304419236321, 22.000867226824074 ], [ -100.292749785573804, 22.000091527966994 ], [ -100.292420888705252, 21.999980107188144 ], [ -100.292360544214006, 22.000289047388414 ], [ -100.291817051219653, 22.000275119511858 ], [ -100.291748697241559, 22.000163008626227 ], [ -100.291508161455539, 22.000057285211735 ], [ -100.29146552870661, 21.999846151623569 ], [ -100.291330841228287, 21.999865269089792 ], [ -100.291383597981536, 22.000074498345722 ], [ -100.291307734154614, 22.000086088813401 ], [ -100.291274696884557, 21.999879883833561 ], [ -100.291209572795751, 21.999534969256089 ], [ -100.291103133200551, 21.999531808719052 ], [ -100.290934499296739, 21.99952680128926 ], [ -100.29093485892345, 21.999567600101017 ], [ -100.290512656135348, 21.999603703674811 ], [ -100.290530573667652, 21.999647912844363 ], [ -100.290614446134427, 21.999854856773215 ], [ -100.290865816383985, 22.000475074580265 ], [ -100.290928788841413, 22.000593036377264 ], [ -100.290200362519116, 22.000818630293171 ], [ -100.290477294507681, 22.001355137561365 ], [ -100.290608742457536, 22.002284654915012 ], [ -100.291119337006407, 22.003648406469395 ], [ -100.291809580777681, 22.003910162862152 ] ] ] } },
{ "type": "Feature", "properties": { "AREA": 13263479.111199999, "PERIMETER": 27262.76298, "NOMBRE": null, "CVE_ESTADO": "24", "CVE_MPIO": "013", "CVE_EJIDO": "050", "CVEIN_CON": "24013050", "CLAVEUNICA": "2414109622170451", "CVE_EDO": "24", "CINA_MUN": "013", "CINA_NA": "050", "CVEMUNIN": "013", "CVENAIN": "050", "NOM_NA": "TANCULPAYA", "X": "98° 55' 28,85\" W", "Y": "21° 59' 58,58\" N", "Acres": null, "Hectares": null, "distancia_km": 2.3203617947649797 }, "geometry": { "type": "Polygon", "coordinates": [ [ [ -98.950585518565518, 22.015158983611659 ], [ -98.938063149631603, 22.015259361534206 ], [ -98.901209096463077, 22.007611019147415 ], [ -98.902201375532627, 21.998782723924069 ], [ -98.902836925707433, 21.99659706461577 ], [ -98.901726338259621, 21.993178375386705 ], [ -98.89966647717003, 21.989722380188866 ], [ -98.895699224376017, 21.988790646405008 ], [ -98.887395449819849, 21.986787777007542 ], [ -98.887447769521032, 21.985925451993342 ], [ -98.888060820141945, 21.979820920942664 ], [ -98.917132020774531, 21.980504153356808 ], [ -98.929196789072236, 21.998769165735883 ], [ -98.936026971713204, 22.010560065298897 ], [ -98.940555862509541, 22.010596812117988 ], [ -98.944259767558165, 22.01062677210243 ], [ -98.947849937808996, 22.010655732239648 ], [ -98.949824204587671, 22.010671624170421 ], [ -98.95214686775634, 22.010690290088785 ], [ -98.956167536648081, 22.01072252411743 ], [ -98.971288839986755, 22.006909470826585 ], [ -98.971824422098891, 22.010399584650454 ], [ -98.978406490738863, 22.010331560468369 ], [ -98.9777195037246, 22.008246024924318 ], [ -98.979537141015825, 22.007144009744341 ], [ -98.979156611690968, 22.006095416931586 ], [ -98.985441287428586, 22.004166022575404 ], [ -98.985372020457859, 22.004774168543548 ], [ -98.985525976494984, 22.005621177688276 ], [ -98.987392540057144, 22.005508395278731 ], [ -98.988145841173093, 22.005142552437622 ], [ -98.988899452874946, 22.004440174567058 ], [ -98.989804871034423, 22.005419990910578 ], [ -98.987406948314529, 22.007695013706119 ], [ -98.980460199594077, 22.014285112853631 ], [ -98.964739165045799, 22.014531183864236 ], [ -98.950585518565518, 22.015158983611659 ] ] ] } },
{ "type": "Feature", "properties": { "AREA": 46873316.82474, "PERIMETER": 83341.98795, "NOMBRE": null, "CVE_ESTADO": "24", "CVE_MPIO": "011", "CVE_EJIDO": "001", "CVEIN_CON": "24011001", "CLAVEUNICA": "2414109622168066", "CVE_EDO": "24", "CINA_MUN": "011", "CINA_NA": "001", "CVEMUNIN": "011", "CVENAIN": "001", "NOM_NA": "ATOTONILCO", "X": "100° 27' 57,71\" W", "Y": "21° 59' 58,49\" N", "Acres": null, "Hectares": null, "distancia_km": 5.344115726458738 }, "geometry": { "type": "Polygon", "coordinates": [ [ [ -100.456142594258253, 21.981268048233176 ], [ -100.457150368342667, 21.969051248081364 ], [ -100.457978881293386, 21.959006496038459 ], [ -100.457276859210367, 21.955910842019442 ], [ -100.453575793582559, 21.954713593114672 ], [ -100.452674010999985, 21.954815518677595 ], [ -100.452197495023583, 21.955367843525046 ], [ -100.446726272190418, 21.956026013906101 ], [ -100.452351109972327, 21.94910759371831 ], [ -100.452818469234671, 21.948532723538282 ], [ -100.453049598935308, 21.948248413223169 ], [ -100.453127610952691, 21.948152448213413 ], [ -100.453505630506456, 21.947687461227193 ], [ -100.453817063621784, 21.947866168773913 ], [ -100.454363685066369, 21.948179817012548 ], [ -100.459272670035531, 21.950996470748208 ], [ -100.467426817293116, 21.955674538733046 ], [ -100.475342024669359, 21.958055538008672 ], [ -100.478209450750512, 21.960061851149316 ], [ -100.48077596432087, 21.961857523287389 ], [ -100.485195244962171, 21.961129656699409 ], [ -100.498598315049676, 21.964547259773987 ], [ -100.50131937360139, 21.975745368993891 ], [ -100.505749286569952, 21.982098816319461 ], [ -100.520197230554345, 22.000476287913024 ], [ -100.518102485635239, 22.001944905072968 ], [ -100.518021536860331, 22.002001663656628 ], [ -100.50828835402811, 22.008824839494277 ], [ -100.481305883317333, 22.024596813955537 ], [ -100.477146756072514, 22.026294751132735 ], [ -100.476845010921664, 22.026417936360403 ], [ -100.474977593300679, 22.027180247623711 ], [ -100.474514444784603, 22.027369309835965 ], [ -100.474375502882694, 22.02742602823049 ], [ -100.474243448586805, 22.027479929652195 ], [ -100.458995648152609, 22.033703172001115 ], [ -100.45680200552367, 22.033761746498808 ], [ -100.455850991030474, 22.033787129872245 ], [ -100.455664867544414, 22.033792099174164 ], [ -100.454858900230249, 22.03381360425659 ], [ -100.453917918451836, 22.033838715686706 ], [ -100.453666069709655, 22.033845431368128 ], [ -100.453275032464418, 22.033855865742286 ], [ -100.453200232271968, 22.033857857238761 ], [ -100.451839591298224, 22.033894149725818 ], [ -100.451704596381873, 22.033897749005515 ], [ -100.447589123850804, 22.034007430032947 ], [ -100.447579409364394, 22.03400768751456 ], [ -100.44715662155248, 22.034018956986959 ], [ -100.446152097779702, 22.034045705367117 ], [ -100.445617171503045, 22.034059948171976 ], [ -100.44520001990594, 22.034071054463123 ], [ -100.444476411224954, 22.034090318509371 ], [ -100.443967857823793, 22.034103862673295 ], [ -100.443701963322397, 22.034110939808105 ], [ -100.443615394846589, 22.034113247453391 ], [ -100.443001995971144, 22.034129564421924 ], [ -100.441859402928301, 22.034159968842967 ], [ -100.441853281712639, 22.034160131123279 ], [ -100.441524741184764, 22.034168867241252 ], [ -100.437998909095185, 22.034262630014894 ], [ -100.43739438926815, 22.034278694505996 ], [ -100.436845463961191, 22.034293284487998 ], [ -100.436401887563164, 22.034305069932319 ], [ -100.436248965617864, 22.034310331183143 ], [ -100.433578232166681, 22.034402170161265 ], [ -100.431908607939917, 22.034459572552361 ], [ -100.430483492946493, 22.034508544882033 ], [ -100.430105979310369, 22.034521521922073 ], [ -100.429097028284545, 22.034556183038358 ], [ -100.428627025151755, 22.034572333021423 ], [ -100.428597350911218, 22.034573350604614 ], [ -100.427647266547197, 22.034137895825051 ], [ -100.427460843757913, 22.034052456505741 ], [ -100.426188212320255, 22.033469150698 ], [ -100.425989116488239, 22.033399879770446 ], [ -100.42488747668942, 22.033016562638029 ], [ -100.424774751299836, 22.032977339596798 ], [ -100.423123075727474, 22.032402616960727 ], [ -100.421004413783677, 22.031818190717669 ], [ -100.420527384616094, 22.03167417719024 ], [ -100.420062153072465, 22.031533727147373 ], [ -100.419905560205351, 22.03148645361113 ], [ -100.418317714711876, 22.031007070927814 ], [ -100.418281838956545, 22.03099623543477 ], [ -100.416213183089454, 22.030371668445188 ], [ -100.415942737747841, 22.030290012949933 ], [ -100.415772106240993, 22.030238493969165 ], [ -100.41532460717832, 22.030103377566206 ], [ -100.414488896913355, 22.02977420651683 ], [ -100.412422561162018, 22.028960310951479 ], [ -100.41238096388021, 22.028943923272504 ], [ -100.411422867890366, 22.028566527560969 ], [ -100.410135426830763, 22.028211137557669 ], [ -100.409837846631163, 22.02812489987981 ], [ -100.40975349542461, 22.028100443053422 ], [ -100.40966092496457, 22.028073618121574 ], [ -100.409521554318431, 22.028033222467474 ], [ -100.409280393263714, 22.027963325931736 ], [ -100.409277060817814, 22.027962361019313 ], [ -100.409119064684774, 22.027946829298063 ], [ -100.408934081372337, 22.027928648152379 ], [ -100.40872224651271, 22.027907816323349 ], [ -100.408487099779236, 22.02788470070384 ], [ -100.408348992722551, 22.027871128905549 ], [ -100.407774280403373, 22.027814629379662 ], [ -100.407744558574279, 22.027811705337431 ], [ -100.407617600723995, 22.027803863107557 ], [ -100.407123311396958, 22.027773325293175 ], [ -100.407112880956333, 22.027772674217832 ], [ -100.407053798145824, 22.027769026732479 ], [ -100.406645753408384, 22.027743816541388 ], [ -100.406533336083555, 22.027736869286915 ], [ -100.406457890356336, 22.027732205910578 ], [ -100.406301929174333, 22.027722570305279 ], [ -100.406298803332191, 22.027650309496369 ], [ -100.406289787207612, 22.027441671338959 ], [ -100.406280532939917, 22.027227552450046 ], [ -100.406256978165132, 22.026682657173602 ], [ -100.406256460516474, 22.026670458615975 ], [ -100.406244294487053, 22.026389053987053 ], [ -100.406240087307111, 22.026291646738599 ], [ -100.4062267287879, 22.025982666860234 ], [ -100.406190026797972, 22.025133414424047 ], [ -100.406183309198326, 22.024977967335815 ], [ -100.406180460783432, 22.024912198534281 ], [ -100.406143935113164, 22.024066972973191 ], [ -100.409046126389441, 22.022733671676292 ], [ -100.409793153510734, 22.022390466415636 ], [ -100.40974336029393, 22.020915298931598 ], [ -100.409727065348633, 22.020432594285651 ], [ -100.408461332629813, 22.020237735159547 ], [ -100.406857401945885, 22.019990788852731 ], [ -100.406105988413586, 22.017804381598548 ], [ -100.404961870723099, 22.014475137478826 ], [ -100.404849595382856, 22.014148424792658 ], [ -100.404759938954854, 22.013887519240303 ], [ -100.404886551417377, 22.01338601964876 ], [ -100.405324547414764, 22.011651133331096 ], [ -100.4054612897488, 22.011608483227612 ], [ -100.405852260350244, 22.011486541499419 ], [ -100.409177518625611, 22.010449328124938 ], [ -100.409222335705962, 22.010435348797607 ], [ -100.410938182352965, 22.009900113318889 ], [ -100.40959934101177, 22.007844074793976 ], [ -100.409280998583029, 22.007355195562781 ], [ -100.407199859235575, 22.008051013950681 ], [ -100.40676123501666, 22.007642215154121 ], [ -100.406776388193165, 22.005750191583047 ], [ -100.406792918834071, 22.003686337410819 ], [ -100.406799825166658, 22.002823439790625 ], [ -100.406800122295678, 22.002785816493112 ], [ -100.406807687752604, 22.001841457204083 ], [ -100.406811553543108, 22.00135854157211 ], [ -100.406814900467836, 22.000941821218628 ], [ -100.406822620268684, 21.999977706127687 ], [ -100.406830444946237, 21.999000628259058 ], [ -100.408988970325524, 21.998987985073498 ], [ -100.408068947791193, 21.997452714099651 ], [ -100.407095295619115, 21.995827914200948 ], [ -100.407636798776963, 21.994647485026405 ], [ -100.408070613421316, 21.993701796683414 ], [ -100.408389044713843, 21.993007626294304 ], [ -100.408435607440737, 21.992906124593283 ], [ -100.408681030033264, 21.992371111756327 ], [ -100.408819247057806, 21.99206978948089 ], [ -100.409343553068709, 21.990926789688007 ], [ -100.409711719148802, 21.990124159877379 ], [ -100.409984617711714, 21.989529221815069 ], [ -100.409991425023691, 21.989514385973969 ], [ -100.410074041194534, 21.989334270383843 ], [ -100.410379730967563, 21.988667845913952 ], [ -100.410428244096693, 21.988562090665404 ], [ -100.410687285555994, 21.987997331212764 ], [ -100.410936911069172, 21.987453120252557 ], [ -100.413127701948767, 21.988529781247507 ], [ -100.414625791645648, 21.989265986886277 ], [ -100.414695797606825, 21.989300384429605 ], [ -100.415314524477481, 21.989604440361333 ], [ -100.415548505150369, 21.989719420451141 ], [ -100.420397751620811, 21.992102295154037 ], [ -100.424519355346945, 21.994127427650618 ], [ -100.427467595522771, 21.995575932238832 ], [ -100.427487797665947, 21.995550591738333 ], [ -100.427701842214972, 21.995282087928334 ], [ -100.427866366193413, 21.995075698232885 ], [ -100.428045132566311, 21.994851453499919 ], [ -100.428222157406864, 21.994629382534349 ], [ -100.428305585716927, 21.994524727590278 ], [ -100.428478697619113, 21.994307568023782 ], [ -100.428655061131039, 21.994086324358424 ], [ -100.428829004137043, 21.99386811847733 ], [ -100.42905560276445, 21.993583859349609 ], [ -100.429242094063596, 21.993349917447439 ], [ -100.429293621248121, 21.993285274175069 ], [ -100.43125850971397, 21.993260931707216 ], [ -100.433578095599145, 21.993232156153965 ], [ -100.433414676375406, 21.990512047455589 ], [ -100.433410606412039, 21.990444348079055 ], [ -100.433325951224177, 21.989035109735156 ], [ -100.43331590326747, 21.988867860845282 ], [ -100.433256534999174, 21.987879660481447 ], [ -100.435064789689392, 21.988046074331447 ], [ -100.435769523905947, 21.987649422741558 ], [ -100.436476373851349, 21.987879905008981 ], [ -100.436626634820101, 21.988793646993127 ], [ -100.437389395964416, 21.988605194772653 ], [ -100.438032591489488, 21.988446284856636 ], [ -100.438788315456122, 21.988259568022805 ], [ -100.438635256211725, 21.983633135046688 ], [ -100.438483256435546, 21.983352625948221 ], [ -100.438299777883046, 21.983014015420121 ], [ -100.438360645675573, 21.983048618355802 ], [ -100.438400493721275, 21.983071274863207 ], [ -100.438605412627538, 21.983187768195812 ], [ -100.446911156547515, 21.981665893543003 ], [ -100.447897682036526, 21.981485104137857 ], [ -100.449003285009226, 21.981456023985842 ], [ -100.454918259241666, 21.981300306688649 ], [ -100.456142594258253, 21.981268048233176 ] ], [ [ -100.45588184283686, 21.983350332945712 ], [ -100.456399518485199, 21.983752407548604 ], [ -100.458180420650123, 21.985135564709818 ], [ -100.461378430191715, 21.98761923386482 ], [ -100.461725370111765, 21.987888660955676 ], [ -100.467200951607538, 21.992140771313359 ], [ -100.467818672715424, 21.991695871030323 ], [ -100.468293442595595, 21.990919195541657 ], [ -100.470457181310479, 21.989536323197822 ], [ -100.475715858363543, 21.98654622239232 ], [ -100.478472611200786, 21.986807692385067 ], [ -100.479412232887839, 21.981229218650505 ], [ -100.480181653072719, 21.976907625817599 ], [ -100.480969089258579, 21.972484631617444 ], [ -100.480162729710514, 21.967999534296652 ], [ -100.469724732532868, 21.974871704540721 ], [ -100.469328828356993, 21.97427460100392 ], [ -100.47788342388462, 21.967299047307808 ], [ -100.475895273155686, 21.966675766061364 ], [ -100.463795214962317, 21.977732715551998 ], [ -100.461914742187659, 21.979450850424925 ], [ -100.461853987050347, 21.978809129603796 ], [ -100.462175313459994, 21.978408558605786 ], [ -100.46459351464992, 21.975393946178247 ], [ -100.467001155422579, 21.972392348689237 ], [ -100.468486470136938, 21.970540530061498 ], [ -100.470876903227236, 21.96756012627247 ], [ -100.473384232361624, 21.965989003599528 ], [ -100.468352519502105, 21.964328566137958 ], [ -100.466359316356261, 21.963678122073773 ], [ -100.461004626919674, 21.972897773375813 ], [ -100.4584973832591, 21.977214272266075 ], [ -100.458162163314299, 21.977791373118542 ], [ -100.458006857616098, 21.978058732212631 ], [ -100.456919968955546, 21.979929824548254 ], [ -100.456142594258253, 21.981268048233176 ], [ -100.45588184283686, 21.983350332945712 ] ], [ [ -100.454011868234431, 22.024321529169757 ], [ -100.454638299900324, 22.019580198693859 ], [ -100.455241717514454, 22.015012880797698 ], [ -100.448245520080974, 22.013539164484904 ], [ -100.448045547082017, 22.013497033629296 ], [ -100.44730050305877, 22.01334007268968 ], [ -100.444937155304757, 22.012842154277951 ], [ -100.443758355404512, 22.012593788946884 ], [ -100.443148134605224, 22.01246521140369 ], [ -100.442206468700277, 22.012393074798549 ], [ -100.441387879668724, 22.012330364235428 ], [ -100.441060742781417, 22.012305303326166 ], [ -100.44034913830771, 22.012250778711088 ], [ -100.43904372328906, 22.012150757193179 ], [ -100.438421421693761, 22.012103072503294 ], [ -100.437043118769637, 22.011997451167559 ], [ -100.434023691846889, 22.011766018246831 ], [ -100.432685037176739, 22.01351296908976 ], [ -100.432607897757805, 22.013509651010459 ], [ -100.429817895021316, 22.013389738132993 ], [ -100.428645241562222, 22.013339319681599 ], [ -100.426941112255435, 22.013266034864102 ], [ -100.427277859716426, 22.012736913002964 ], [ -100.427691955376204, 22.012086252601488 ], [ -100.428096444264852, 22.011450687029992 ], [ -100.428169131482093, 22.011318178866716 ], [ -100.428725948161315, 22.010303038661007 ], [ -100.428968120284125, 22.009861531565566 ], [ -100.429020496460566, 22.009766034761359 ], [ -100.429068030710823, 22.00967936879962 ], [ -100.429113129767259, 22.009597149992771 ], [ -100.42941869764779, 22.009501486807117 ], [ -100.429753465114686, 22.009396680385425 ], [ -100.430151203003234, 22.009147986860153 ], [ -100.430206885396643, 22.009112761973928 ], [ -100.431522589349981, 22.008280456390125 ], [ -100.432587707825775, 22.007606665650417 ], [ -100.434208360078898, 22.006581404622501 ], [ -100.434761444173034, 22.005683583984016 ], [ -100.435609712230629, 22.005671416003558 ], [ -100.435951941980449, 22.005935744886148 ], [ -100.435878650907128, 22.006076562298329 ], [ -100.435976897374417, 22.006095753935814 ], [ -100.435927393029274, 22.00623920825474 ], [ -100.436128343810026, 22.006261438357569 ], [ -100.436547554586156, 22.006307805551263 ], [ -100.43608068385258, 22.007141802555786 ], [ -100.438932425814372, 22.00767491409405 ], [ -100.441756838502585, 22.008202868115351 ], [ -100.442240797627903, 22.006519074115278 ], [ -100.442413542876437, 22.005918059035427 ], [ -100.44252323208174, 22.005536437762505 ], [ -100.442655629129931, 22.005075781048486 ], [ -100.442980171498078, 22.004792547435237 ], [ -100.44373168101572, 22.004730056352976 ], [ -100.444055438969031, 22.004895633744503 ], [ -100.444549276803258, 22.004927503493008 ], [ -100.44466533704842, 22.00483017650032 ], [ -100.445211360603736, 22.004183362449066 ], [ -100.445343565369257, 22.004163328168335 ], [ -100.445489928110931, 22.004009253390073 ], [ -100.445537280258364, 22.004329019289649 ], [ -100.445876835497174, 22.004733209283824 ], [ -100.446123220947783, 22.005026497598539 ], [ -100.446524541382118, 22.005246763883644 ], [ -100.449015857901102, 22.006614065573849 ], [ -100.449609767243274, 22.006940008446641 ], [ -100.45037737365567, 22.007361276494034 ], [ -100.45061122640206, 22.007489618029211 ], [ -100.451017948281816, 22.0073437572016 ], [ -100.451182747011813, 22.007161775649497 ], [ -100.452361623651143, 22.007329880243176 ], [ -100.453872884217063, 22.007545375600074 ], [ -100.454315786320421, 22.007749473379292 ], [ -100.454889144221966, 22.00820698270395 ], [ -100.455419099787633, 22.007794391044882 ], [ -100.456405153527058, 22.007493415848206 ], [ -100.456729653862823, 22.004973216808736 ], [ -100.456569706196291, 22.004168094457693 ], [ -100.455097354410626, 21.996756280922945 ], [ -100.458449635554572, 21.997221516793534 ], [ -100.461069567155633, 21.997526335237261 ], [ -100.462853830730936, 21.997733909135086 ], [ -100.463016309993037, 21.99770414296945 ], [ -100.463192985460509, 21.997548554591486 ], [ -100.463402398322472, 21.995911020027769 ], [ -100.46353511834397, 21.995753484186913 ], [ -100.463631342484064, 21.995639259332187 ], [ -100.463490628294608, 21.994645718456326 ], [ -100.463649341819092, 21.994052036081065 ], [ -100.46406734063045, 21.993724772365663 ], [ -100.461173428805822, 21.991311963261648 ], [ -100.457331841896391, 21.988108815164797 ], [ -100.456660152459577, 21.98754872529442 ], [ -100.455984346253643, 21.986985200462627 ], [ -100.455869749053022, 21.986889642330897 ], [ -100.455034563888091, 21.986971705357295 ], [ -100.45460242169608, 21.987415789341203 ], [ -100.451313554538487, 21.988910049894798 ], [ -100.450394149618774, 21.989168074208038 ], [ -100.450234221191735, 21.989795963108538 ], [ -100.449896483444789, 21.990129374988722 ], [ -100.450213503592337, 21.990258907429094 ], [ -100.450671984365371, 21.990552274879075 ], [ -100.451279746443859, 21.990941157423265 ], [ -100.451772614755797, 21.991256518497213 ], [ -100.451571403481566, 21.991434233843211 ], [ -100.451470998872509, 21.992191131623461 ], [ -100.450586654980867, 21.992437891205132 ], [ -100.450358766423946, 21.992612643616482 ], [ -100.450062502730347, 21.992482801780021 ], [ -100.449611831826175, 21.99226179536274 ], [ -100.449195243123242, 21.992410583463776 ], [ -100.449114537464013, 21.992366838635434 ], [ -100.449047612587393, 21.992319151278139 ], [ -100.448668356249868, 21.992048916474754 ], [ -100.448492498835435, 21.99192360832431 ], [ -100.448294204669637, 21.991728044692319 ], [ -100.447628651829319, 21.991739682738025 ], [ -100.447462762477031, 21.991837821465825 ], [ -100.447037393470936, 21.992320386929244 ], [ -100.446924948953352, 21.992541040011719 ], [ -100.447037220432549, 21.992691939881482 ], [ -100.447142023750217, 21.992931523293844 ], [ -100.44719662674764, 21.99305634921982 ], [ -100.447009998382669, 21.993197349054167 ], [ -100.446575024153844, 21.993525976237198 ], [ -100.446539681767732, 21.993485786266191 ], [ -100.446078822556714, 21.992961801774367 ], [ -100.445680502784015, 21.993015877022263 ], [ -100.445473315511222, 21.992748218660797 ], [ -100.445409458760238, 21.992788172112654 ], [ -100.445117882443114, 21.992970578323007 ], [ -100.444859412976712, 21.993132278963895 ], [ -100.444875646151345, 21.993154337832028 ], [ -100.444724324128316, 21.99324142531702 ], [ -100.44471129594065, 21.993248928655508 ], [ -100.444457567500862, 21.993394951690885 ], [ -100.444274516817046, 21.99350030190875 ], [ -100.444343593285424, 21.993595094837634 ], [ -100.444209264574098, 21.99369521967359 ], [ -100.444243688323724, 21.993771006295468 ], [ -100.444149466157626, 21.993855811073448 ], [ -100.444078913463215, 21.99397970778864 ], [ -100.444116831588076, 21.994079210098327 ], [ -100.443984349241731, 21.994098676391744 ], [ -100.443942943604583, 21.994160787073689 ], [ -100.443801535424342, 21.994114638459997 ], [ -100.44372255280328, 21.994328166450124 ], [ -100.44369909856313, 21.994371593404729 ], [ -100.443643634054254, 21.994457113548268 ], [ -100.443460284890179, 21.994268999729314 ], [ -100.443231900049923, 21.993941187935654 ], [ -100.443020440038921, 21.993637659767053 ], [ -100.442964176249731, 21.993600136987411 ], [ -100.442980735762362, 21.993166169377631 ], [ -100.44298661544515, 21.993012086429374 ], [ -100.442989822111997, 21.99292791144822 ], [ -100.442586950651105, 21.992628758145408 ], [ -100.442559477467157, 21.992543895546177 ], [ -100.442528725376931, 21.992448927310431 ], [ -100.442505796726195, 21.992223469964724 ], [ -100.442491151914069, 21.992087379593315 ], [ -100.441864813441967, 21.991874056236057 ], [ -100.441851135918938, 21.991993640370701 ], [ -100.441828176125043, 21.992194300563785 ], [ -100.441801959979742, 21.992423504991446 ], [ -100.441836381229066, 21.992624735635289 ], [ -100.441728445576757, 21.992910948959128 ], [ -100.44163582956655, 21.99290752679115 ], [ -100.441449473914147, 21.992824945589845 ], [ -100.441363966229517, 21.993067804294128 ], [ -100.441103795067761, 21.993217799006171 ], [ -100.441089380433255, 21.99327886796998 ], [ -100.441057225704853, 21.993415053560042 ], [ -100.441130688793663, 21.993439030693985 ], [ -100.441155804635883, 21.993475644563397 ], [ -100.441191802315473, 21.993528114212861 ], [ -100.441210391083459, 21.993555220003127 ], [ -100.441225804605139, 21.993577683887892 ], [ -100.441252562074013, 21.993616685960376 ], [ -100.441277884365434, 21.993653596065883 ], [ -100.441557128828123, 21.99406066660827 ], [ -100.441551806768985, 21.994288287295184 ], [ -100.441123263545563, 21.99438462752433 ], [ -100.440823039924666, 21.994376326909215 ], [ -100.439677553159513, 21.995304423008601 ], [ -100.439472690123651, 21.9954218283012 ], [ -100.439061824547935, 21.995522677991286 ], [ -100.438568089271527, 21.995822282347692 ], [ -100.438344657608482, 21.995834051383671 ], [ -100.438000637972721, 21.995852170561093 ], [ -100.437738726738331, 21.995865956217493 ], [ -100.437542816049884, 21.99587627253943 ], [ -100.437349367634738, 21.996392351639468 ], [ -100.437266451245009, 21.99661354390803 ], [ -100.437228016259283, 21.996818954916005 ], [ -100.4370797434959, 21.997611339805434 ], [ -100.436948343627321, 21.998313549668353 ], [ -100.437139394217127, 21.999740954099522 ], [ -100.435007083009737, 21.999846403728643 ], [ -100.435166126141752, 21.997434757040065 ], [ -100.435269697302573, 21.995864296997315 ], [ -100.435273688583038, 21.995803744188866 ], [ -100.435302596266496, 21.995365459173161 ], [ -100.434806167022103, 21.995301761023494 ], [ -100.434536474272235, 21.995277537528434 ], [ -100.434372381980268, 21.995381410590305 ], [ -100.434043418362862, 21.995472246084304 ], [ -100.433997539637403, 21.995497423453255 ], [ -100.433655523591739, 21.995436418164299 ], [ -100.433465740852554, 21.995470530928067 ], [ -100.433386066839432, 21.995484848346386 ], [ -100.433366450432871, 21.995488370859604 ], [ -100.432311698847343, 21.995677938367418 ], [ -100.431663407787241, 21.995694998000477 ], [ -100.430844088507399, 21.995606656330352 ], [ -100.430247340740209, 21.995542311086648 ], [ -100.429159483766639, 21.995425004831162 ], [ -100.429144243902641, 21.995707774746275 ], [ -100.429136853096367, 21.995844962091009 ], [ -100.428971431729479, 21.998913960979479 ], [ -100.423961552441327, 21.998006946890317 ], [ -100.422951703457258, 21.998515402408444 ], [ -100.422201200839254, 21.998559479425325 ], [ -100.421938649155635, 21.998574898625588 ], [ -100.420341616040375, 21.999156959150099 ], [ -100.419791495176995, 21.999357458714886 ], [ -100.4195585392944, 22.002236128720778 ], [ -100.419305058984961, 22.00536841097524 ], [ -100.419303567027839, 22.005386868368234 ], [ -100.420066354342623, 22.005398617138844 ], [ -100.420815123548564, 22.005410149634979 ], [ -100.421414005191963, 22.005419374323058 ], [ -100.421678245854551, 22.005423442034147 ], [ -100.421675509045272, 22.005505472269324 ], [ -100.42160896805315, 22.007501853772094 ], [ -100.418067198826719, 22.007366050440485 ], [ -100.41810616174206, 22.005303165111197 ], [ -100.4169562720638, 22.005224732889413 ], [ -100.416050126516879, 22.005162920973635 ], [ -100.415440714921715, 22.005121349643421 ], [ -100.414624625340252, 22.005065671204648 ], [ -100.414634737569102, 22.006297562940066 ], [ -100.414640829010963, 22.007040258323478 ], [ -100.414723377453015, 22.008638147406714 ], [ -100.414728378004966, 22.008735005599373 ], [ -100.41484785920882, 22.011047638213245 ], [ -100.414896086409755, 22.011981179675256 ], [ -100.414897764862729, 22.012013646273104 ], [ -100.414952719174266, 22.013077297722344 ], [ -100.41497798460135, 22.013566319112904 ], [ -100.415014784531778, 22.014278462478352 ], [ -100.415126678283784, 22.016444018200986 ], [ -100.415163434566495, 22.017155429972465 ], [ -100.415164263485892, 22.017171591086292 ], [ -100.415165269364422, 22.017190939163505 ], [ -100.415203069736094, 22.017922556685804 ], [ -100.415299452937305, 22.019787705024257 ], [ -100.41768289648509, 22.020122893218726 ], [ -100.418431301070143, 22.020228139896759 ], [ -100.418793702660281, 22.020279098251741 ], [ -100.419880190917695, 22.020431875283261 ], [ -100.420804454397654, 22.020561835520471 ], [ -100.421746714247632, 22.02069431697301 ], [ -100.422128024649581, 22.020747921917081 ], [ -100.422244822648423, 22.020764340941774 ], [ -100.422419767481188, 22.020788935379247 ], [ -100.4224703961725, 22.020796056089594 ], [ -100.424966513816429, 22.02114697704646 ], [ -100.427710325252761, 22.021532671354318 ], [ -100.430563798751137, 22.021933728456727 ], [ -100.434299699295778, 22.022458733514156 ], [ -100.435069019836689, 22.022550487300823 ], [ -100.436431413538372, 22.02271296602537 ], [ -100.436895877941211, 22.02276835418056 ], [ -100.437736867493911, 22.022844707638278 ], [ -100.438896542958616, 22.022949998384629 ], [ -100.439889027688167, 22.023040094373442 ], [ -100.44035557090001, 22.023082447565731 ], [ -100.440827631475386, 22.023125301876021 ], [ -100.441334375628486, 22.023171300099772 ], [ -100.441990063770845, 22.023230808194278 ], [ -100.442087510998121, 22.023239660410351 ], [ -100.444660264354553, 22.023473155790224 ], [ -100.445184521697712, 22.023520730819438 ], [ -100.445629618937772, 22.023561117313303 ], [ -100.447319727809415, 22.023714479399597 ], [ -100.450450534948288, 22.023998510729211 ], [ -100.45052483774883, 22.024005250468278 ], [ -100.454011868234431, 22.024321529169757 ] ], [ [ -100.410301347004435, 21.998996105516468 ], [ -100.41120441540609, 21.998993764968013 ], [ -100.414801402057705, 21.998984403611523 ], [ -100.414803113231585, 21.998963577797433 ], [ -100.414864136895204, 21.998222913122653 ], [ -100.414877717754123, 21.998058068883473 ], [ -100.414893451081468, 21.99786709289603 ], [ -100.414926740821684, 21.997462914077634 ], [ -100.414985040021463, 21.996755241695702 ], [ -100.415058640533488, 21.995861926181757 ], [ -100.415100419273358, 21.995354774916102 ], [ -100.415105640336051, 21.995291375371636 ], [ -100.415117362291411, 21.99514909243403 ], [ -100.41514855942583, 21.994770322132172 ], [ -100.415156348379369, 21.994675810295064 ], [ -100.412669125358519, 21.994672403945067 ], [ -100.410557517789584, 21.994669478311483 ], [ -100.410538627014233, 21.9948688726268 ], [ -100.410503755760672, 21.995236798952501 ], [ -100.41050158098929, 21.995259778500078 ], [ -100.410467166143548, 21.995622940709904 ], [ -100.410444266358184, 21.99586455167562 ], [ -100.410297650169468, 21.997411631775662 ], [ -100.410258936824974, 21.997820120261366 ], [ -100.410226530086049, 21.998162137877138 ], [ -100.410147453746816, 21.99899650764614 ], [ -100.410301347004435, 21.998996105516468 ] ], [ [ -100.443802655394052, 21.993739183845911 ], [ -100.443897537186444, 21.993658293556877 ], [ -100.443675769452099, 21.993427333773027 ], [ -100.443542646501854, 21.993288691447997 ], [ -100.443483643644896, 21.993210194442831 ], [ -100.443434905044484, 21.993194653921211 ], [ -100.443452888915203, 21.993288289114393 ], [ -100.443582819691031, 21.99368286833576 ], [ -100.443631274962613, 21.993695277021498 ], [ -100.443802655394052, 21.993739183845911 ] ] ] } },
{ "type": "Feature", "properties": { "AREA": 5293588.0795, "PERIMETER": 10198.75137, "NOMBRE": null, "CVE_ESTADO": "24", "CVE_MPIO": "013", "CVE_EJIDO": "007", "CVEIN_CON": "24013007", "CLAVEUNICA": "2414109622169243", "CVE_EDO": "24", "CINA_MUN": "013", "CINA_NA": "003", "CVEMUNIN": "013", "CVENAIN": "007", "NOM_NA": "CAÑON DE TANINUL O EL ABRA", "X": "98° 56' 34,71\" W", "Y": "21° 59' 56,25\" N", "Acres": null, "Hectares": null, "distancia_km": 2.2278584693676415 }, "geometry": { "type": "Polygon", "coordinates": [ [ [ -98.936026971713204, 22.010560065298897 ], [ -98.935858194122048, 22.00970789659106 ], [ -98.935316507217351, 22.006972815138003 ], [ -98.935048584415313, 22.005619981834251 ], [ -98.934787470196852, 22.004301502228653 ], [ -98.934425950093441, 22.002475988518931 ], [ -98.934205617626262, 22.00136338544538 ], [ -98.933937313387077, 22.000008517576635 ], [ -98.933387129420737, 21.997230147112155 ], [ -98.93284182284934, 21.994476298232218 ], [ -98.932345871141493, 21.991971602009176 ], [ -98.93215158665366, 21.99099038605776 ], [ -98.930968536300384, 21.98642401062552 ], [ -98.930293916553993, 21.983819956860426 ], [ -98.931342697505428, 21.983744451748105 ], [ -98.937217696502515, 21.98332136623128 ], [ -98.937543534324789, 21.983297894929983 ], [ -98.940894731281261, 21.983056457839833 ], [ -98.941229289916691, 21.983561421440097 ], [ -98.942140402333806, 21.984358134579935 ], [ -98.941836143002675, 21.986277975445905 ], [ -98.941826545994175, 21.986338530585641 ], [ -98.941718592572755, 21.987019690724136 ], [ -98.941498408872832, 21.988408976227152 ], [ -98.942268316304734, 21.989100263461893 ], [ -98.946025410901569, 21.99247354844794 ], [ -98.948248847929776, 21.994469731996094 ], [ -98.949828815708443, 21.995888161636252 ], [ -98.950451707209183, 21.996447355844001 ], [ -98.951650822469219, 21.997523829706878 ], [ -98.95184303193227, 21.997548264308023 ], [ -98.953369072110704, 21.997742253661688 ], [ -98.957030956405177, 21.998207690229616 ], [ -98.956813904685404, 22.001353957159161 ], [ -98.956762417324612, 22.002100269844473 ], [ -98.95662621861868, 22.004074431164522 ], [ -98.956423035455941, 22.007019408973445 ], [ -98.956167536648081, 22.01072252411743 ], [ -98.95214686775634, 22.010690290088785 ], [ -98.949824204587671, 22.010671624170421 ], [ -98.947849937808996, 22.010655732239648 ], [ -98.944259767558165, 22.01062677210243 ], [ -98.940555862509541, 22.010596812117988 ], [ -98.936026971713204, 22.010560065298897 ] ] ] } },
{ "type": "Feature", "properties": { "AREA": 10523431.636609999, "PERIMETER": 18641.54396, "NOMBRE": null, "CVE_ESTADO": "24", "CVE_MPIO": "040", "CVE_EJIDO": "018", "CVEIN_CON": "24040018", "CLAVEUNICA": "2414109622191073", "CVE_EDO": "24", "CINA_MUN": "040", "CINA_NA": "023", "CVEMUNIN": "040", "CVENAIN": "018", "NOM_NA": "LA FORTALEZA", "X": "98° 48' 28,53\" W", "Y": "21° 58' 37,90\" N", "Acres": null, "Hectares": null, "distancia_km": 0.87404908601451103 }, "geometry": { "type": "Polygon", "coordinates": [ [ [ -98.818401258212646, 22.008058425634875 ], [ -98.818098249773996, 22.00774853039761 ], [ -98.818007093261244, 22.007655301699209 ], [ -98.818009709814149, 22.007315902680478 ], [ -98.818020426371163, 22.005925808136592 ], [ -98.81802773677741, 22.004977517658126 ], [ -98.817327088178146, 22.003935951789757 ], [ -98.816381930914346, 22.00412104366147 ], [ -98.817661479152406, 22.002683487455815 ], [ -98.817636061002801, 22.000068286918204 ], [ -98.817635537041582, 22.000014377438465 ], [ -98.816579138285036, 21.999522904261791 ], [ -98.81352765606934, 22.002411426064782 ], [ -98.812931870464269, 22.001655758915302 ], [ -98.812079541337113, 21.999426289772583 ], [ -98.812063540319414, 21.99938443342273 ], [ -98.811749912052676, 21.998564045271344 ], [ -98.81171840943108, 21.998481641264235 ], [ -98.812043329890002, 21.995797519079428 ], [ -98.811270394705346, 21.994484355975921 ], [ -98.810460009619618, 21.993107542682214 ], [ -98.80917089345688, 21.991829928496315 ], [ -98.808992952074988, 21.991680741849489 ], [ -98.80881054738434, 21.991527813527235 ], [ -98.808273873042609, 21.991077862004552 ], [ -98.80755920677052, 21.990478673667443 ], [ -98.806841563879459, 21.989876979482712 ], [ -98.806435878083505, 21.98953683873756 ], [ -98.806073070747075, 21.989331398488513 ], [ -98.80496214812834, 21.988895302670024 ], [ -98.804489249385725, 21.988709661840659 ], [ -98.804050967816082, 21.988537608659502 ], [ -98.803140165235448, 21.988180056087042 ], [ -98.802684767437128, 21.988001277725161 ], [ -98.802228762347383, 21.987822260379197 ], [ -98.801771490094751, 21.98764274333848 ], [ -98.801314635318491, 21.987463388153955 ], [ -98.799082611346876, 21.986587102354747 ], [ -98.798183217011854, 21.98623399347105 ], [ -98.79733282417024, 21.985900114167471 ], [ -98.796889409229834, 21.98572602038406 ], [ -98.795036351687813, 21.984998451352975 ], [ -98.795581797659409, 21.983146128065009 ], [ -98.795710842448358, 21.982707887147157 ], [ -98.795771857878592, 21.982500675474302 ], [ -98.795646418554426, 21.981723962440775 ], [ -98.795636112722804, 21.981660148955765 ], [ -98.795306128508159, 21.979616863951115 ], [ -98.79509575559797, 21.978314190105507 ], [ -98.796304995843499, 21.977734692305525 ], [ -98.797199515633338, 21.976283179904421 ], [ -98.798163281398047, 21.974719264906344 ], [ -98.798718173812276, 21.973818815522634 ], [ -98.798940140513636, 21.973458616208546 ], [ -98.795169088608603, 21.971596648402727 ], [ -98.794897569640568, 21.971462579912608 ], [ -98.792660296742582, 21.973974456790934 ], [ -98.792740485003918, 21.974016848794584 ], [ -98.790864627266146, 21.977322651301499 ], [ -98.79016022754719, 21.976806132530658 ], [ -98.790026660591678, 21.976708190583349 ], [ -98.789960495628577, 21.976659673007013 ], [ -98.789830687246507, 21.976564486683699 ], [ -98.789451623940352, 21.976286524564745 ], [ -98.789954977302472, 21.969027471839414 ], [ -98.790041490953342, 21.967779747204577 ], [ -98.790140939363056, 21.966345466262649 ], [ -98.790234053020598, 21.965002471113699 ], [ -98.790344970607819, 21.963402682021947 ], [ -98.790497085914254, 21.961208633119842 ], [ -98.790574709233709, 21.960088987942147 ], [ -98.790600200707559, 21.959721294926375 ], [ -98.79067508464729, 21.958641145458365 ], [ -98.791247612355193, 21.958719373160953 ], [ -98.79199903816793, 21.958822042308281 ], [ -98.792843965598337, 21.95893748253209 ], [ -98.793558810055217, 21.959035144048531 ], [ -98.794290301294211, 21.959135079424385 ], [ -98.794344440316635, 21.959142474256005 ], [ -98.795327258588628, 21.959366702697736 ], [ -98.795820702717606, 21.95947927871876 ], [ -98.796137236237698, 21.959551492879044 ], [ -98.796449239975203, 21.959622672944068 ], [ -98.797572290590509, 21.959878878540628 ], [ -98.798519895559039, 21.960095052406285 ], [ -98.800090570163192, 21.960453351538582 ], [ -98.801118921732211, 21.960687927929687 ], [ -98.802307518179333, 21.960959048669107 ], [ -98.805442791873361, 21.957526230023273 ], [ -98.808802902863334, 21.95384698498443 ], [ -98.809555512187785, 21.953022857480619 ], [ -98.809619427425062, 21.952952868083042 ], [ -98.809769142006218, 21.953056084049305 ], [ -98.810625178343955, 21.953646245648692 ], [ -98.810727990856591, 21.953717125185793 ], [ -98.813834274127927, 21.955858551221013 ], [ -98.814015309204962, 21.955983350351143 ], [ -98.81460433227025, 21.956949591635798 ], [ -98.815837640987141, 21.958972678537499 ], [ -98.816126407731531, 21.961978976087082 ], [ -98.816276592909816, 21.963542477856485 ], [ -98.816380805749901, 21.964627371237125 ], [ -98.816472919216338, 21.965586292440832 ], [ -98.816685989970949, 21.96780433443875 ], [ -98.816875465284909, 21.969776704233748 ], [ -98.81688899753587, 21.969917568069722 ], [ -98.816897048353255, 21.970001372848209 ], [ -98.816910794198279, 21.970144459650474 ], [ -98.817590086597704, 21.973701166518435 ], [ -98.818271532541075, 21.977268966399393 ], [ -98.819307097600756, 21.982690464201273 ], [ -98.819908748709452, 21.984659573807914 ], [ -98.820190211626269, 21.985580738424897 ], [ -98.821083988544345, 21.989958324045329 ], [ -98.821399028465535, 21.991501277972386 ], [ -98.821369644574034, 21.9929964721358 ], [ -98.822681070086219, 21.997067802985015 ], [ -98.824835132210026, 22.003754580912403 ], [ -98.824648228465023, 22.00447880612818 ], [ -98.822361507254982, 22.00517636750801 ], [ -98.819757882796736, 22.007433603990624 ], [ -98.818401258212646, 22.008058425634875 ] ] ] } },
{ "type": "Feature", "properties": { "AREA": 2846510.7628100002, "PERIMETER": 9291.37502, "NOMBRE": null, "CVE_ESTADO": "24", "CVE_MPIO": "003", "CVE_EJIDO": "010", "CVEIN_CON": "24003010", "CLAVEUNICA": "2414109622163814", "CVE_EDO": "24", "CINA_MUN": "003", "CINA_NA": "010", "CVEMUNIN": "003", "CVENAIN": "010", "NOM_NA": "LOS OTATES", "X": "99° 11' 38,76\" W", "Y": "22° 0' 6,77\" N", "Acres": null, "Hectares": null, "distancia_km": 2.9145393809587241 }, "geometry": { "type": "Polygon", "coordinates": [ [ [ -99.199750632748504, 22.015449742828018 ], [ -99.198279339192467, 22.014032679479548 ], [ -99.194823693295831, 22.011943912539568 ], [ -99.191425311776257, 22.011862689127451 ], [ -99.189565675697565, 22.009599612665294 ], [ -99.188035027322627, 22.009357686474182 ], [ -99.187001546165789, 22.007355943704429 ], [ -99.186051938922844, 22.005666027868969 ], [ -99.188071087368229, 22.005150884474581 ], [ -99.189178780752158, 22.004260091953448 ], [ -99.188569968832041, 21.998795725355407 ], [ -99.185365633143078, 21.992245963175016 ], [ -99.18883887349385, 21.991397170433395 ], [ -99.191676133788619, 21.991368943221183 ], [ -99.193935075878287, 21.991562692112431 ], [ -99.19457793491361, 21.989948130208774 ], [ -99.196056877870774, 21.990432317849702 ], [ -99.195771869527661, 21.991928930138371 ], [ -99.19566854223531, 21.992471506122644 ], [ -99.195540480826224, 21.993143956264564 ], [ -99.197317108419128, 21.992909948572287 ], [ -99.197859053641196, 21.994655833649649 ], [ -99.198421192182963, 21.996466723721397 ], [ -99.199502517830439, 21.995023003787544 ], [ -99.199516734155907, 21.995032897064515 ], [ -99.200063065022505, 21.995413091954095 ], [ -99.200860518833139, 21.995968037825406 ], [ -99.201006798717358, 21.99606983268934 ], [ -99.201085782788454, 21.996626976756509 ], [ -99.199734362629528, 21.9973282529774 ], [ -99.199727854252586, 21.997509122934176 ], [ -99.199706311296538, 21.998107805927877 ], [ -99.199689764416448, 21.998567643953056 ], [ -99.199684846970854, 21.998704299325453 ], [ -99.199883978750208, 21.99891145429719 ], [ -99.200179195341036, 21.999218563852498 ], [ -99.20020932504454, 21.999249907242387 ], [ -99.200781131821174, 21.9998447438645 ], [ -99.201383507308918, 22.000471372757282 ], [ -99.201565444113442, 22.001042058445684 ], [ -99.201836443685806, 22.001892100486288 ], [ -99.20200762571514, 22.00242250564299 ], [ -99.199804577793543, 22.010551506331886 ], [ -99.197719077706296, 22.010144207344393 ], [ -99.196204793745949, 22.009429904190881 ], [ -99.195877842179627, 22.01008447703984 ], [ -99.199925470845699, 22.01232743369934 ], [ -99.199750632748504, 22.015449742828018 ] ] ] } },
{ "type": "Feature", "properties": { "AREA": 5041596.1727200001, "PERIMETER": 11027.96968, "NOMBRE": null, "CVE_ESTADO": "24", "CVE_MPIO": "013", "CVE_EJIDO": "035", "CVEIN_CON": "24013035", "CLAVEUNICA": "2414109622169894", "CVE_EDO": "24", "CINA_MUN": "013", "CINA_NA": "030", "CVEMUNIN": "013", "CVENAIN": "035", "NOM_NA": "LA PITAHAYA", "X": "99° 8' 8,27\" W", "Y": "21° 59' 59,51\" N", "Acres": null, "Hectares": null, "distancia_km": 0.38872810841116984 }, "geometry": { "type": "Polygon", "coordinates": [ [ [ -99.111969647812415, 22.007748111736255 ], [ -99.112073817430854, 22.006196080899507 ], [ -99.112111649879083, 22.005632410879514 ], [ -99.11267266638427, 22.005014335119526 ], [ -99.113754616253843, 22.004358664883362 ], [ -99.113833444357184, 22.004310893909519 ], [ -99.115668812644685, 22.003612310355585 ], [ -99.116157450046984, 22.003426313992115 ], [ -99.116467441691938, 22.003361999410714 ], [ -99.117095823451137, 22.003233584417487 ], [ -99.117407030237032, 22.003169985767993 ], [ -99.118167031050845, 22.003412595625115 ], [ -99.118223891969635, 22.003430746771635 ], [ -99.11851412085592, 22.003433178359938 ], [ -99.118835661445274, 22.003435871683209 ], [ -99.119803794048664, 22.002926302562667 ], [ -99.120023260138481, 22.002909480332782 ], [ -99.121605799839955, 22.002788168743848 ], [ -99.122656328219648, 22.002432041273885 ], [ -99.123100603410492, 22.002034422249377 ], [ -99.123285775659909, 22.001868695104392 ], [ -99.12336021481299, 22.001802072705825 ], [ -99.123518888514354, 22.001660060793387 ], [ -99.123916555721465, 22.001304149353651 ], [ -99.124744216463384, 22.00078359974831 ], [ -99.125789199898833, 22.000324063212958 ], [ -99.125280158774515, 21.998931664208552 ], [ -99.124945722405613, 21.998016852137848 ], [ -99.124906013697924, 21.997360418981309 ], [ -99.125000647093586, 21.996254110712055 ], [ -99.124968192432348, 21.994954713165122 ], [ -99.124743227347579, 21.99484449926031 ], [ -99.123886991331204, 21.993307656823507 ], [ -99.123924775287037, 21.993299641734652 ], [ -99.123986986598823, 21.993286449443318 ], [ -99.124739923709654, 21.993126825230846 ], [ -99.127171748704455, 21.992611225956363 ], [ -99.12929156499402, 21.992161743972769 ], [ -99.129358356570364, 21.992147579339047 ], [ -99.129469198015272, 21.992124074324625 ], [ -99.129511436691047, 21.992115114840569 ], [ -99.129583225972183, 21.99209989816109 ], [ -99.129714775034088, 21.992072003896475 ], [ -99.129987810363275, 21.992014111160003 ], [ -99.130697342798868, 21.991863655062971 ], [ -99.131452986344883, 21.991703410670635 ], [ -99.131799804257952, 21.991629871171401 ], [ -99.132725308847895, 21.991433599106333 ], [ -99.133622936202954, 21.991243235066474 ], [ -99.133670898446141, 21.991233068254537 ], [ -99.134577569418781, 21.991040785336978 ], [ -99.135547028190047, 21.990835173784522 ], [ -99.135839332605798, 21.990773180813576 ], [ -99.137047134046213, 21.990517013295964 ], [ -99.137306487678018, 21.990462001845973 ], [ -99.139964109863129, 21.98989831253553 ], [ -99.140162008389481, 21.989856331653272 ], [ -99.141667245954039, 21.989537040442801 ], [ -99.142155195361539, 21.989433525045023 ], [ -99.143085029460167, 21.989236278369241 ], [ -99.144720766679853, 21.991063646016837 ], [ -99.144871430323676, 21.991231953320572 ], [ -99.153592586373449, 22.000973698789082 ], [ -99.152721499845455, 22.00378325961341 ], [ -99.152576530770745, 22.00425082477032 ], [ -99.152117639319187, 22.005730854972544 ], [ -99.148392994275213, 22.005911318721473 ], [ -99.147342714620265, 22.005959877854156 ], [ -99.146678574256157, 22.005993521630476 ], [ -99.144642662384427, 22.006096643486249 ], [ -99.14339939938337, 22.006159603995599 ], [ -99.142359648459504, 22.006212250802591 ], [ -99.139793589130321, 22.006342152748896 ], [ -99.139436812975703, 22.006360209400778 ], [ -99.136624016187227, 22.006502558375651 ], [ -99.136149017489657, 22.006526587826166 ], [ -99.136000676030704, 22.006534092150819 ], [ -99.133010698923172, 22.00668533470845 ], [ -99.132987263786063, 22.006686519173066 ], [ -99.132895770839596, 22.006691146761721 ], [ -99.131770825609507, 22.006748041716254 ], [ -99.131029125421378, 22.006785542196518 ], [ -99.129320836980554, 22.006871904416197 ], [ -99.128856008074251, 22.006895398793475 ], [ -99.128092333942149, 22.006933996441596 ], [ -99.127897925248703, 22.006943824194206 ], [ -99.126458329301897, 22.007016584710172 ], [ -99.125237496551193, 22.007078269988561 ], [ -99.124613579532408, 22.00710979707209 ], [ -99.123824559165669, 22.007149658948439 ], [ -99.12320935101036, 22.00718073142124 ], [ -99.122763925095171, 22.007203227258028 ], [ -99.121633207022739, 22.007260337082645 ], [ -99.121488400097661, 22.007267654005172 ], [ -99.119782531269749, 22.007353797649131 ], [ -99.119582231046891, 22.007363908955369 ], [ -99.11864363399043, 22.007411299394988 ], [ -99.118473831575471, 22.007419869473509 ], [ -99.117508620665333, 22.007468600724231 ], [ -99.116491887945415, 22.007519919684341 ], [ -99.116478150275015, 22.007520616069392 ], [ -99.115978507727633, 22.007545833314797 ], [ -99.114908111621716, 22.007599854632378 ], [ -99.114304011637572, 22.007630334812358 ], [ -99.114159620510151, 22.007637617871506 ], [ -99.113455568234158, 22.007673142522307 ], [ -99.112573225673415, 22.007717658581324 ], [ -99.111969647812415, 22.007748111736255 ] ] ] } },
{ "type": "Feature", "properties": { "AREA": 9327877.9893900007, "PERIMETER": 14628.26828, "NOMBRE": null, "CVE_ESTADO": "24", "CVE_MPIO": "003", "CVE_EJIDO": "010", "CVEIN_CON": "24003010", "CLAVEUNICA": "2414109622163814", "CVE_EDO": "24", "CINA_MUN": "003", "CINA_NA": "010", "CVEMUNIN": "003", "CVENAIN": "010", "NOM_NA": "LOS OTATES", "X": "99° 10' 18,37\" W", "Y": "21° 58' 59,27\" N", "Acres": null, "Hectares": null, "distancia_km": 1.3169730125258297 }, "geometry": { "type": "Polygon", "coordinates": [ [ [ -99.155046146133401, 22.004373726616247 ], [ -99.152117639319187, 22.005730854972544 ], [ -99.152576530770745, 22.00425082477032 ], [ -99.152721499845455, 22.00378325961341 ], [ -99.153592586373449, 22.000973698789082 ], [ -99.156070452554147, 21.993211180773319 ], [ -99.157417230047614, 21.9889917064047 ], [ -99.157634671829683, 21.988310409605468 ], [ -99.158511552355236, 21.985562969110564 ], [ -99.158849968048571, 21.984502626075493 ], [ -99.159060513606619, 21.983842899253528 ], [ -99.159093160509912, 21.983740614452383 ], [ -99.160658940677322, 21.97883429724369 ], [ -99.1610400073222, 21.977640186616156 ], [ -99.162143336241698, 21.974182655374122 ], [ -99.162175322430841, 21.974082412327547 ], [ -99.162499193397338, 21.973067473673076 ], [ -99.162499245314251, 21.973067310975065 ], [ -99.162985281594871, 21.971364168495164 ], [ -99.167045985006595, 21.969939793850944 ], [ -99.175554464723987, 21.96585222098804 ], [ -99.176918627064978, 21.965107949243862 ], [ -99.180378071020314, 21.962291981594458 ], [ -99.18255978139365, 21.967583251992004 ], [ -99.185105830197017, 21.9665098457223 ], [ -99.193175888808241, 21.979693590694712 ], [ -99.180661101643096, 21.982424845798377 ], [ -99.183591523612151, 21.992601518930528 ], [ -99.177232227077525, 21.994769786532075 ], [ -99.174185274604227, 21.995809494576026 ], [ -99.171142657990359, 21.996779169757286 ], [ -99.166313734295599, 21.998797186106557 ], [ -99.164495624015828, 21.999994117530598 ], [ -99.156015940909029, 22.003924287185111 ], [ -99.155046146133401, 22.004373726616247 ] ] ] } },
{ "type": "Feature", "properties": { "AREA": 924482.14752999996, "PERIMETER": 6219.46777, "NOMBRE": null, "CVE_ESTADO": "24", "CVE_MPIO": "013", "CVE_EJIDO": "042", "CVEIN_CON": "24013042", "CLAVEUNICA": "2414109622170266", "CVE_EDO": "24", "CINA_MUN": "013", "CINA_NA": "043", "CVEMUNIN": "013", "CVENAIN": "042", "NOM_NA": "SAN DIEGUITO", "X": "99° 11' 58,82\" W", "Y": "21° 59' 33,01\" N", "Acres": null, "Hectares": null, "distancia_km": 2.0622748584143413 }, "geometry": { "type": "Polygon", "coordinates": [ [ [ -99.203210177768739, 22.003617398416246 ], [ -99.202429762625982, 22.003730473022728 ], [ -99.20200762571514, 22.00242250564299 ], [ -99.201836443685806, 22.001892100486288 ], [ -99.201565444113442, 22.001042058445684 ], [ -99.201383507308918, 22.000471372757282 ], [ -99.200781131821174, 21.9998447438645 ], [ -99.20020932504454, 21.999249907242387 ], [ -99.200179195341036, 21.999218563852498 ], [ -99.199883978750208, 21.99891145429719 ], [ -99.199684846970854, 21.998704299325453 ], [ -99.199689764416448, 21.998567643953056 ], [ -99.199706311296538, 21.998107805927877 ], [ -99.199727854252586, 21.997509122934176 ], [ -99.199734362629528, 21.9973282529774 ], [ -99.201085782788454, 21.996626976756509 ], [ -99.201006798717358, 21.99606983268934 ], [ -99.200860518833139, 21.995968037825406 ], [ -99.200063065022505, 21.995413091954095 ], [ -99.199516734155907, 21.995032897064515 ], [ -99.199502517830439, 21.995023003787544 ], [ -99.198421192182963, 21.996466723721397 ], [ -99.197859053641196, 21.994655833649649 ], [ -99.197317108419128, 21.992909948572287 ], [ -99.195540480826224, 21.993143956264564 ], [ -99.19566854223531, 21.992471506122644 ], [ -99.195771869527661, 21.991928930138371 ], [ -99.196056877870774, 21.990432317849702 ], [ -99.196120606889636, 21.990097664984262 ], [ -99.196198093446654, 21.989690766624211 ], [ -99.196185483160392, 21.989630973928257 ], [ -99.196091316022532, 21.989184471135651 ], [ -99.196011453901036, 21.988805794695786 ], [ -99.195739124455642, 21.987514494031476 ], [ -99.195348748661686, 21.98566341192484 ], [ -99.195182805964095, 21.98487653036787 ], [ -99.195093155925903, 21.984451416211812 ], [ -99.195800339884755, 21.983565096564792 ], [ -99.195834371855412, 21.983522443653019 ], [ -99.196439835509892, 21.982763599175069 ], [ -99.197367856435719, 21.981600464674813 ], [ -99.197587844809078, 21.98176432158942 ], [ -99.197879413001914, 21.981959243036741 ], [ -99.197897918109774, 21.982681523818414 ], [ -99.197914181851374, 21.982855979391164 ], [ -99.199063928063566, 21.985581104787411 ], [ -99.199077785138883, 21.98561394809369 ], [ -99.199376648256845, 21.98604494857226 ], [ -99.199715874709483, 21.987176616182989 ], [ -99.199755511717797, 21.98730884495177 ], [ -99.199862378088071, 21.987558322482005 ], [ -99.200122418674695, 21.988165378329668 ], [ -99.200138307434599, 21.988211992270944 ], [ -99.200359283170982, 21.988860280512721 ], [ -99.200813723494392, 21.990193476333499 ], [ -99.20082557434516, 21.990228242927572 ], [ -99.20102662596382, 21.99060002880276 ], [ -99.201340322719147, 21.991180114315203 ], [ -99.201627227387917, 21.991950153740333 ], [ -99.201796020405297, 21.992403182522004 ], [ -99.202049118437159, 21.993082474296259 ], [ -99.202059472248663, 21.993110262822313 ], [ -99.202407050949731, 21.993759524416415 ], [ -99.20249966497785, 21.993932522172273 ], [ -99.202771138081204, 21.994424488810381 ], [ -99.203105867500682, 21.995031083885674 ], [ -99.203393855674904, 21.995552969944836 ], [ -99.203425717732472, 21.995760649866543 ], [ -99.203495493764379, 21.996215454466121 ], [ -99.20366916841661, 21.996593733587275 ], [ -99.20393484104666, 21.997172388320585 ], [ -99.204053392068374, 21.99740089286578 ], [ -99.204470745204432, 21.998205325442708 ], [ -99.205091527074458, 21.998911005267249 ], [ -99.205388860740456, 21.999082805005152 ], [ -99.205428847959894, 21.999105909593755 ], [ -99.20548827599282, 21.999496152112048 ], [ -99.205544315467208, 21.999864141134164 ], [ -99.20428292189402, 22.000684359934848 ], [ -99.204250799250644, 22.000705247373464 ], [ -99.2027707888534, 22.001667596385165 ], [ -99.203210177768739, 22.003617398416246 ] ] ] } },
{ "type": "Feature", "properties": { "AREA": 20083767.801089998, "PERIMETER": 21507.65802, "NOMBRE": null, "CVE_ESTADO": "24", "CVE_MPIO": "013", "CVE_EJIDO": "033", "CVEIN_CON": "24013033", "CLAVEUNICA": "2414109622170173", "CVE_EDO": "24", "CINA_MUN": "013", "CINA_NA": "040", "CVEMUNIN": "013", "CVENAIN": "033", "NOM_NA": "OJO DE AGUA", "X": "99° 8' 3,51\" W", "Y": "21° 58' 18,95\" N", "Acres": null, "Hectares": null, "distancia_km": 1.3468463506710491 }, "geometry": { "type": "Polygon", "coordinates": [ [ [ -99.123886991331204, 21.993307656823507 ], [ -99.123390065395981, 21.992684727985868 ], [ -99.123309416523512, 21.992089645951296 ], [ -99.123053561810764, 21.990201831334019 ], [ -99.122761623049769, 21.988047676755734 ], [ -99.122652463914719, 21.987242155137665 ], [ -99.122497603887112, 21.986099479340904 ], [ -99.122279117530624, 21.984487206615668 ], [ -99.122164826556968, 21.983643797136331 ], [ -99.122068386142715, 21.982932170542718 ], [ -99.121999943519853, 21.982427062376615 ], [ -99.121957343839696, 21.9821126999509 ], [ -99.121877496748283, 21.981523452139019 ], [ -99.121532195830071, 21.978975226302403 ], [ -99.120994709645132, 21.978380326107278 ], [ -99.120293906033098, 21.976648496992215 ], [ -99.11960578564026, 21.976115309146191 ], [ -99.118988878973894, 21.975262188391859 ], [ -99.118118733715662, 21.974409166298482 ], [ -99.117723920646768, 21.973406692533558 ], [ -99.117731575575263, 21.973034155030138 ], [ -99.115129643012168, 21.972159049334845 ], [ -99.113899312423456, 21.972951969578702 ], [ -99.112826374273567, 21.972697799645385 ], [ -99.109487327800366, 21.971906769540933 ], [ -99.108515385515361, 21.971784589627653 ], [ -99.107672736559977, 21.971678653743822 ], [ -99.105171697627952, 21.971364217948722 ], [ -99.101123717979476, 21.970855204607421 ], [ -99.096133215630431, 21.970227533851165 ], [ -99.096129531225969, 21.970207569561502 ], [ -99.095874465167711, 21.96882706135921 ], [ -99.095687256543599, 21.967813751173608 ], [ -99.0954576676816, 21.966571058838046 ], [ -99.095256282554402, 21.965481007206328 ], [ -99.095234401312965, 21.965362594402617 ], [ -99.095805979172255, 21.964902166042972 ], [ -99.096612484162193, 21.964553798305072 ], [ -99.097427776372669, 21.964484698870628 ], [ -99.102372494106902, 21.962274168242629 ], [ -99.102912723700328, 21.962096056810203 ], [ -99.109453075922772, 21.961903556300811 ], [ -99.110775254851163, 21.961753996493389 ], [ -99.111688440501268, 21.959835242420674 ], [ -99.111611876558428, 21.959609158435853 ], [ -99.11129007182204, 21.958658855520699 ], [ -99.11126303653603, 21.95857901699797 ], [ -99.111218152263646, 21.958375597212225 ], [ -99.111023162786594, 21.957491864996253 ], [ -99.110681525374375, 21.957233579434128 ], [ -99.110668374856914, 21.957198353344133 ], [ -99.110609697422944, 21.957041172708514 ], [ -99.110541868166493, 21.956859460225466 ], [ -99.110519216407639, 21.956798790038135 ], [ -99.110607735448326, 21.956608380402958 ], [ -99.110681750908626, 21.956449158906167 ], [ -99.110753503684776, 21.956294799515828 ], [ -99.11087652762987, 21.956176679427742 ], [ -99.111074592645693, 21.955986493695985 ], [ -99.111156292134481, 21.955908045175029 ], [ -99.111229417071272, 21.955837832943349 ], [ -99.111251269372559, 21.95581684882961 ], [ -99.111263182337552, 21.955742793146168 ], [ -99.111292434607051, 21.955560969989772 ], [ -99.111321831359319, 21.955378225196981 ], [ -99.111370918947557, 21.955073066221299 ], [ -99.111987932256852, 21.951237257404781 ], [ -99.11212441606952, 21.951234851459859 ], [ -99.113671223253434, 21.951207595293994 ], [ -99.113672174894177, 21.951207578519778 ], [ -99.115073774541187, 21.951182868918934 ], [ -99.115612329713414, 21.951173374919161 ], [ -99.116438591916364, 21.951158796821566 ], [ -99.117214959404109, 21.951145099425855 ], [ -99.117961411318447, 21.951131925781098 ], [ -99.118066623674252, 21.951130070391184 ], [ -99.118496053521213, 21.951122488380705 ], [ -99.118816000132256, 21.951116845589773 ], [ -99.118881099293091, 21.951115696277419 ], [ -99.119900421057082, 21.951097690440527 ], [ -99.12022947096338, 21.95109188466563 ], [ -99.120415897369028, 21.951088586026074 ], [ -99.120764277460381, 21.951082430773244 ], [ -99.120989955067728, 21.95107844305927 ], [ -99.121445726369245, 21.951070391246706 ], [ -99.122500976838595, 21.95105173739929 ], [ -99.123454656172953, 21.951034878736433 ], [ -99.124348223693502, 21.951019071920271 ], [ -99.124447508945977, 21.951017315592352 ], [ -99.124563529004774, 21.951015267882998 ], [ -99.125396142159971, 21.951000531513358 ], [ -99.128568648889441, 21.950944359835805 ], [ -99.128844956390083, 21.950939463462674 ], [ -99.129997249690689, 21.950919045838297 ], [ -99.129998066166863, 21.950919031367231 ], [ -99.131536839772707, 21.9508917508604 ], [ -99.132471602937457, 21.950875171221 ], [ -99.133513676998717, 21.951435051370154 ], [ -99.134032628984869, 21.95171387034922 ], [ -99.135423987979209, 21.952461381704968 ], [ -99.137164038017204, 21.953396202906937 ], [ -99.138683675272162, 21.954212585476444 ], [ -99.140183455644774, 21.955018282848613 ], [ -99.141098698457881, 21.955509948077097 ], [ -99.142097999769334, 21.956046762645773 ], [ -99.143012364201553, 21.956537929983469 ], [ -99.143672917913221, 21.956892756466324 ], [ -99.14441476684425, 21.957291254315095 ], [ -99.157714330771668, 21.964434306863129 ], [ -99.16265339900373, 21.96708656824708 ], [ -99.163999669932991, 21.967809467960699 ], [ -99.162985281594871, 21.971364168495164 ], [ -99.162499245314251, 21.973067310975065 ], [ -99.162499193397338, 21.973067473673076 ], [ -99.162175322430841, 21.974082412327547 ], [ -99.162143336241698, 21.974182655374122 ], [ -99.1610400073222, 21.977640186616156 ], [ -99.160658940677322, 21.97883429724369 ], [ -99.159093160509912, 21.983740614452383 ], [ -99.159060513606619, 21.983842899253528 ], [ -99.158849968048571, 21.984502626075493 ], [ -99.158511552355236, 21.985562969110564 ], [ -99.157634671829683, 21.988310409605468 ], [ -99.157417230047614, 21.9889917064047 ], [ -99.156070452554147, 21.993211180773319 ], [ -99.153592586373449, 22.000973698789082 ], [ -99.144871430323676, 21.991231953320572 ], [ -99.144720766679853, 21.991063646016837 ], [ -99.143085029460167, 21.989236278369241 ], [ -99.142155195361539, 21.989433525045023 ], [ -99.141667245954039, 21.989537040442801 ], [ -99.140162008389481, 21.989856331653272 ], [ -99.139964109863129, 21.98989831253553 ], [ -99.137306487678018, 21.990462001845973 ], [ -99.137047134046213, 21.990517013295964 ], [ -99.135839332605798, 21.990773180813576 ], [ -99.135547028190047, 21.990835173784522 ], [ -99.134577569418781, 21.991040785336978 ], [ -99.133670898446141, 21.991233068254537 ], [ -99.133622936202954, 21.991243235066474 ], [ -99.132725308847895, 21.991433599106333 ], [ -99.131799804257952, 21.991629871171401 ], [ -99.131452986344883, 21.991703410670635 ], [ -99.130697342798868, 21.991863655062971 ], [ -99.129987810363275, 21.992014111160003 ], [ -99.129714775034088, 21.992072003896475 ], [ -99.129583225972183, 21.99209989816109 ], [ -99.129511436691047, 21.992115114840569 ], [ -99.129469198015272, 21.992124074324625 ], [ -99.129358356570364, 21.992147579339047 ], [ -99.12929156499402, 21.992161743972769 ], [ -99.127171748704455, 21.992611225956363 ], [ -99.124739923709654, 21.993126825230846 ], [ -99.123986986598823, 21.993286449443318 ], [ -99.123924775287037, 21.993299641734652 ], [ -99.123886991331204, 21.993307656823507 ] ] ] } },
{ "type": "Feature", "properties": { "AREA": 980288.56686999998, "PERIMETER": 4507.64182, "NOMBRE": null, "CVE_ESTADO": "24", "CVE_MPIO": "040", "CVE_EJIDO": "005", "CVEIN_CON": "24040005", "CLAVEUNICA": "2414109622190683", "CVE_EDO": "24", "CINA_MUN": "040", "CINA_NA": "003", "CVEMUNIN": "040", "CVENAIN": "005", "NOM_NA": "ANTIGUO TAMUIN", "X": "98° 45' 41,88\" W", "Y": "21° 59' 17,16\" N", "Acres": null, "Hectares": null, "distancia_km": 1.5142716153653717 }, "geometry": { "type": "Polygon", "coordinates": [ [ [ -98.764032059821787, 21.992532101681327 ], [ -98.763903458526002, 21.992533002753461 ], [ -98.76376203223009, 21.99253399357028 ], [ -98.763683608370414, 21.992534542946476 ], [ -98.760869881580234, 21.992554228909015 ], [ -98.760522435657961, 21.992368258226406 ], [ -98.758759076424539, 21.991424400115342 ], [ -98.756575310050863, 21.990255470762502 ], [ -98.755739244775015, 21.989807927885121 ], [ -98.754512394498946, 21.989151186355283 ], [ -98.753341670049807, 21.988524475198503 ], [ -98.753343629196578, 21.987087853728902 ], [ -98.753345402481315, 21.98578740031078 ], [ -98.75535934362938, 21.985664201434759 ], [ -98.757555928399256, 21.985529801251037 ], [ -98.759529230995525, 21.985409037498798 ], [ -98.760552225898309, 21.98534642201086 ], [ -98.760606749124989, 21.985343084571682 ], [ -98.760782412714946, 21.985332331845424 ], [ -98.760859702049501, 21.985327600747649 ], [ -98.761035341675637, 21.985316849215071 ], [ -98.762741533221714, 21.985212397225474 ], [ -98.764471753041704, 21.985106455954163 ], [ -98.766629626424759, 21.984974303674573 ], [ -98.77013031049232, 21.984759854189267 ], [ -98.770107884992399, 21.985502777248339 ], [ -98.770102512758939, 21.985680749910919 ], [ -98.770094976322511, 21.985930417935805 ], [ -98.769950535153086, 21.986422633537799 ], [ -98.769793459168213, 21.987037194908705 ], [ -98.769683171832583, 21.987468691873715 ], [ -98.769474013167581, 21.987944752649039 ], [ -98.769253130747074, 21.988447493756443 ], [ -98.767980759670095, 21.988605564338343 ], [ -98.767386877175241, 21.988679340689036 ], [ -98.767343051871009, 21.988703291322782 ], [ -98.767063619371115, 21.988856001385223 ], [ -98.766545688367245, 21.989139048912115 ], [ -98.76649101352605, 21.989168928364137 ], [ -98.766230815046555, 21.989311124749221 ], [ -98.766041222648468, 21.989414735034526 ], [ -98.766081099819345, 21.989671237150063 ], [ -98.766090686626796, 21.989732902281656 ], [ -98.766096515411604, 21.989770394693497 ], [ -98.765860889392911, 21.989879078214482 ], [ -98.765840629919936, 21.990395020000474 ], [ -98.765836575593241, 21.990498269785991 ], [ -98.765533384514455, 21.990503857331952 ], [ -98.765045770382329, 21.990512842456969 ], [ -98.764653192193492, 21.990520075327979 ], [ -98.764543331404539, 21.990875950424389 ], [ -98.764488639249052, 21.991053115531383 ], [ -98.764427794351874, 21.991250210753584 ], [ -98.764398846847754, 21.991343980364444 ], [ -98.764338007244348, 21.99154105758041 ], [ -98.764176639871508, 21.992063770738564 ], [ -98.764119261023978, 21.992249635570069 ], [ -98.764102310609886, 21.992304542218079 ], [ -98.76410230789736, 21.992304551004548 ], [ -98.764067713669093, 21.992416610257358 ], [ -98.764032059821787, 21.992532101681327 ] ] ] } },
{ "type": "Feature", "properties": { "AREA": 67906.36283, "PERIMETER": 1080.85811, "NOMBRE": null, "CVE_ESTADO": "24", "CVE_MPIO": "011", "CVE_EJIDO": "001", "CVEIN_CON": "24011001", "CLAVEUNICA": "2414109622168066", "CVE_EDO": "24", "CINA_MUN": "011", "CINA_NA": "001", "CVEMUNIN": "011", "CVENAIN": "001", "NOM_NA": "ATOTONILCO", "X": "100° 24' 10,69\" W", "Y": "22° 0' 51,78\" N", "Acres": null, "Hectares": null, "distancia_km": 0.62153889712970167 }, "geometry": { "type": "Polygon", "coordinates": [ [ [ -100.403902803967938, 22.015806963138257 ], [ -100.40334167939487, 22.016515217971367 ], [ -100.402529577879378, 22.015233571708091 ], [ -100.401900027929628, 22.014776977921137 ], [ -100.40127492312601, 22.01432360258347 ], [ -100.402665369881461, 22.012672952182896 ], [ -100.403318529378211, 22.012787377246472 ], [ -100.403726978033248, 22.013189397781691 ], [ -100.40391200749977, 22.013611504666738 ], [ -100.404075968417558, 22.01441006230322 ], [ -100.403992388651076, 22.015631957087443 ], [ -100.403902803967938, 22.015806963138257 ] ] ] } },
{ "type": "Feature", "properties": { "AREA": 3202478.38852, "PERIMETER": 12812.21177, "NOMBRE": null, "CVE_ESTADO": "24", "CVE_MPIO": "040", "CVE_EJIDO": "005", "CVEIN_CON": "24040005", "CLAVEUNICA": "2414109622190683", "CVE_EDO": "24", "CINA_MUN": "040", "CINA_NA": "003", "CVEMUNIN": "040", "CVENAIN": "005", "NOM_NA": "ANTIGUO TAMUIN", "X": "98° 44' 10,99\" W", "Y": "21° 57' 42,44\" N", "Acres": null, "Hectares": null, "distancia_km": 4.5206017636120368 }, "geometry": { "type": "Polygon", "coordinates": [ [ [ -98.73518583866813, 21.987728424250776 ], [ -98.7342342491756, 21.987369905073951 ], [ -98.734981302788555, 21.983652887747777 ], [ -98.73532960871502, 21.981919797470674 ], [ -98.735361775829062, 21.981759739060045 ], [ -98.735631431422561, 21.980417961085692 ], [ -98.736290724250324, 21.977137276941047 ], [ -98.736842468480546, 21.974391639321102 ], [ -98.737371251460715, 21.971760158888955 ], [ -98.735038458887487, 21.970711959658608 ], [ -98.730659821820893, 21.968744365435438 ], [ -98.73040710164419, 21.967675020954466 ], [ -98.730219627414371, 21.9668817437101 ], [ -98.729773136788424, 21.964992430436485 ], [ -98.72932962458502, 21.963115670464251 ], [ -98.728718754598773, 21.960530640386853 ], [ -98.727630900914406, 21.955926916211627 ], [ -98.727180953575981, 21.954022681822355 ], [ -98.729634051372358, 21.952882626717376 ], [ -98.729893315569342, 21.95276213279066 ], [ -98.735382039865542, 21.950211084566462 ], [ -98.734956689752593, 21.948765619938861 ], [ -98.734748384429821, 21.948057726332749 ], [ -98.734607269419726, 21.947578164589075 ], [ -98.734332579028901, 21.946644654132381 ], [ -98.737759387614958, 21.94738423441202 ], [ -98.737928355324044, 21.947661422185394 ], [ -98.738430118636757, 21.949245536687382 ], [ -98.738990290852271, 21.951014010823432 ], [ -98.739741183843989, 21.953384523125465 ], [ -98.740386547427136, 21.955421822191397 ], [ -98.741061761308018, 21.957553289171457 ], [ -98.741912445207092, 21.960238573889477 ], [ -98.74214687095143, 21.960978548259341 ], [ -98.742917591364417, 21.963411302696802 ], [ -98.743283905040556, 21.964567530143526 ], [ -98.743579276680137, 21.965499823041352 ], [ -98.743932879695279, 21.966615897342255 ], [ -98.744517520157103, 21.968461153720593 ], [ -98.744893126837965, 21.969646626629793 ], [ -98.745326280187015, 21.97101370049986 ], [ -98.745706796758881, 21.972214625296427 ], [ -98.745931400341334, 21.97292347296343 ], [ -98.746207089408699, 21.973793536198794 ], [ -98.746572332508663, 21.97494621136488 ], [ -98.746614166195542, 21.975078233581584 ], [ -98.745609968134758, 21.976214751191947 ], [ -98.742990045184527, 21.975787872238762 ], [ -98.742712641974833, 21.974866250844087 ], [ -98.742442505871509, 21.97396876132651 ], [ -98.741797210436602, 21.971824810327384 ], [ -98.741371562853857, 21.970410588432657 ], [ -98.740809150975096, 21.968541920508631 ], [ -98.740729675254201, 21.968277850677804 ], [ -98.737440850429692, 21.971235644063984 ], [ -98.737537244321899, 21.971647122295256 ], [ -98.735500900430424, 21.98179677147251 ], [ -98.735475381686086, 21.981923953637693 ], [ -98.734949829067347, 21.984543187619391 ], [ -98.735427465235787, 21.984816358042647 ], [ -98.73518583866813, 21.987728424250776 ] ] ] } },
{ "type": "Feature", "properties": { "AREA": 19750698.898559999, "PERIMETER": 37312.74833, "NOMBRE": null, "CVE_ESTADO": "24", "CVE_MPIO": "011", "CVE_EJIDO": "006", "CVEIN_CON": "24011006", "CLAVEUNICA": "2414109622168289", "CVE_EDO": "24", "CINA_MUN": "011", "CINA_NA": "009", "CVEMUNIN": "011", "CVENAIN": "006", "NOM_NA": "MORILLOS", "X": "100° 23' 18,39\" W", "Y": "21° 56' 50,74\" N", "Acres": null, "Hectares": null, "distancia_km": 7.8884371268939306 }, "geometry": { "type": "Polygon", "coordinates": [ [ [ -100.376504892389065, 22.007596053712053 ], [ -100.376700680326294, 22.007031909043402 ], [ -100.377086861305457, 22.005919146410935 ], [ -100.377309644644711, 22.005277201767726 ], [ -100.377557870544706, 22.004561932642666 ], [ -100.377938168397478, 22.003466108793127 ], [ -100.377943945017449, 22.003449449161369 ], [ -100.378698597135411, 22.001274893764325 ], [ -100.378704778878685, 22.001257074520954 ], [ -100.378767049333803, 22.001077658855383 ], [ -100.379182987705136, 21.999879066173531 ], [ -100.379564026186912, 21.998781083039212 ], [ -100.379568888429958, 21.998767059557728 ], [ -100.38004797682521, 21.997386449240519 ], [ -100.380187107428796, 21.996985546485107 ], [ -100.380342887363454, 21.996536639362319 ], [ -100.380464527417786, 21.996186114307513 ], [ -100.380588710757934, 21.995828224202036 ], [ -100.38072083699214, 21.99544745061463 ], [ -100.380863214601902, 21.995037144110686 ], [ -100.38094717065519, 21.994795174537735 ], [ -100.381095135341866, 21.994368832985309 ], [ -100.381104840601452, 21.99434085836657 ], [ -100.38138541698882, 21.993532293321842 ], [ -100.381612404509227, 21.992878105046369 ], [ -100.381795256184503, 21.992351161242716 ], [ -100.381965113003616, 21.991861640719151 ], [ -100.382466884804955, 21.990415526921705 ], [ -100.382701306605597, 21.989739885312144 ], [ -100.383339823015376, 21.98789961393933 ], [ -100.383361709966422, 21.987836534874145 ], [ -100.383376172495218, 21.987794853588159 ], [ -100.383382541679353, 21.98777649968315 ], [ -100.384526817422739, 21.98447850224543 ], [ -100.384651623200668, 21.984118824779074 ], [ -100.384672538702162, 21.984058544856573 ], [ -100.384711053326214, 21.983947542464058 ], [ -100.385109733984535, 21.982798409802889 ], [ -100.385434443580095, 21.981862457757526 ], [ -100.385458476695064, 21.981793172947228 ], [ -100.385462282905763, 21.981782211274297 ], [ -100.38549144129955, 21.981698177991646 ], [ -100.385509708796249, 21.981645525846588 ], [ -100.385603835184938, 21.981374274726537 ], [ -100.385843284318554, 21.980632729542613 ], [ -100.386113193040472, 21.979796842436862 ], [ -100.386175724432491, 21.979603186629912 ], [ -100.386240662518489, 21.979402076580811 ], [ -100.386344777177044, 21.979079606747533 ], [ -100.38642217186073, 21.978839894144521 ], [ -100.386578775595325, 21.978354907451379 ], [ -100.386595501192872, 21.978303117300591 ], [ -100.386607930224272, 21.97826463245034 ], [ -100.385977462369326, 21.977554227118624 ], [ -100.385956626045513, 21.977530746507053 ], [ -100.385873976069547, 21.977437613034471 ], [ -100.385188341229963, 21.976665037527717 ], [ -100.379111766693285, 21.969817370896713 ], [ -100.379340064090783, 21.968775517618575 ], [ -100.379514563670085, 21.967979137257199 ], [ -100.379858253060547, 21.966410637322781 ], [ -100.380071070678156, 21.965439368294412 ], [ -100.380233441605881, 21.964698342226438 ], [ -100.380344930884576, 21.964189504947381 ], [ -100.389148354481108, 21.924001415323673 ], [ -100.389235047220438, 21.923605555449541 ], [ -100.390980299589359, 21.915635971218379 ], [ -100.388117504255106, 21.913512831405487 ], [ -100.385912878562678, 21.909056120257468 ], [ -100.379218744080475, 21.901689850572339 ], [ -100.376999075772588, 21.899600603277396 ], [ -100.375240157592444, 21.898331905131009 ], [ -100.372879491119207, 21.895041003457628 ], [ -100.36732573692943, 21.890064479623344 ], [ -100.367119047856306, 21.889879261913613 ], [ -100.366773223388279, 21.889569362831285 ], [ -100.366038835873937, 21.889101650233073 ], [ -100.363082880458805, 21.88721900279501 ], [ -100.360080819630824, 21.886253160560162 ], [ -100.359678874084338, 21.886123841916337 ], [ -100.359300334789765, 21.886002043082527 ], [ -100.359046445064919, 21.885920359183185 ], [ -100.357398056414127, 21.883518418364705 ], [ -100.358506061984031, 21.883084927108143 ], [ -100.369636016842293, 21.880425623694766 ], [ -100.374801735735588, 21.889333611828171 ], [ -100.380509051555435, 21.894576886370693 ], [ -100.382576048316324, 21.896220393575465 ], [ -100.387716024638152, 21.894000271005471 ], [ -100.389508352605361, 21.895500503838377 ], [ -100.391389980731333, 21.895462433460843 ], [ -100.392737380752678, 21.895573350510691 ], [ -100.393140776265568, 21.896140473820704 ], [ -100.393278444166214, 21.896334016233528 ], [ -100.396839379016654, 21.899774073554788 ], [ -100.398009512522037, 21.90248988812872 ], [ -100.399334115715504, 21.911112846007089 ], [ -100.400713995688761, 21.919665158860219 ], [ -100.403266660308446, 21.935482969791877 ], [ -100.398284930685065, 21.931699379145943 ], [ -100.397725995499414, 21.939505116055397 ], [ -100.396918368784341, 21.950783040022742 ], [ -100.396587571111965, 21.955402089368288 ], [ -100.39608987999793, 21.962351202917354 ], [ -100.395915356290516, 21.964787931731731 ], [ -100.395601390240387, 21.968655604202429 ], [ -100.395549426454394, 21.969295720739243 ], [ -100.395544851140784, 21.969352081620393 ], [ -100.395423559529448, 21.970846198790202 ], [ -100.39540271588119, 21.971102956960259 ], [ -100.395359515951071, 21.971635104490527 ], [ -100.395242836502817, 21.973072378349936 ], [ -100.395231604203417, 21.973210738421237 ], [ -100.395215222381907, 21.973412530276072 ], [ -100.395203958608732, 21.9735512776201 ], [ -100.395190175617898, 21.973721056468591 ], [ -100.395159106009288, 21.974103770889869 ], [ -100.395132017051623, 21.97443745085581 ], [ -100.395124798669571, 21.974526366210892 ], [ -100.395086763746846, 21.97474306629438 ], [ -100.395082927764733, 21.974764921379439 ], [ -100.395066079740232, 21.974860911073339 ], [ -100.394991910014255, 21.97528348331393 ], [ -100.394970890978158, 21.975403236118034 ], [ -100.394898557667148, 21.975815343003728 ], [ -100.3948396473332, 21.976150973246863 ], [ -100.394819015487542, 21.976268518884925 ], [ -100.394796531865254, 21.976385827353589 ], [ -100.394900289630428, 21.976849756794412 ], [ -100.394907746116473, 21.977093547937493 ], [ -100.39480860509525, 21.978233643117701 ], [ -100.394711049371764, 21.979355496014822 ], [ -100.39461653152614, 21.980442403348547 ], [ -100.39457307372858, 21.980942142317339 ], [ -100.394552349647967, 21.981180456170417 ], [ -100.394530871780319, 21.981427437541711 ], [ -100.394504624729564, 21.981729260615996 ], [ -100.394483215910924, 21.981975446715847 ], [ -100.394464993811397, 21.982184987380361 ], [ -100.394429537586674, 21.982592706567239 ], [ -100.394253664067847, 21.984615093298281 ], [ -100.394253661591051, 21.984615121779388 ], [ -100.394185196315505, 21.985402400375378 ], [ -100.395146892549732, 21.985823004817526 ], [ -100.395341172310481, 21.985841847653454 ], [ -100.398617652346971, 21.986067578014616 ], [ -100.400664782807326, 21.986208579632372 ], [ -100.400568845736316, 21.986919227642002 ], [ -100.400474410766861, 21.987618743472332 ], [ -100.400393412809265, 21.988218721921367 ], [ -100.400352832287595, 21.988519313663538 ], [ -100.400261577157195, 21.989195263341461 ], [ -100.400235281446683, 21.989390041337288 ], [ -100.400145053400422, 21.990058376737359 ], [ -100.400054686765259, 21.990727733738009 ], [ -100.399967347202775, 21.991374664121903 ], [ -100.399948901055609, 21.991511295460587 ], [ -100.399928545288446, 21.991662071190767 ], [ -100.399901019564709, 21.991865954586711 ], [ -100.399846032351007, 21.99227324422171 ], [ -100.39980396555238, 21.992584831257922 ], [ -100.399738425834727, 21.993070279092986 ], [ -100.399693056062432, 21.993406328109398 ], [ -100.399626838017497, 21.993896795793507 ], [ -100.399619352658561, 21.993952238619823 ], [ -100.399510123796389, 21.99476127502513 ], [ -100.399391825150389, 21.99563748134095 ], [ -100.39934411243955, 21.995990874178386 ], [ -100.399201041624011, 21.997050545808996 ], [ -100.39913468653674, 21.997542008723745 ], [ -100.399109006136825, 21.997732211421056 ], [ -100.399059399941081, 21.998099620150928 ], [ -100.399013227917436, 21.99844159231202 ], [ -100.398939883235741, 21.998984815555485 ], [ -100.397098069330198, 21.998985820985578 ], [ -100.397039720308229, 21.99898585249964 ], [ -100.39294602266844, 21.998988011647807 ], [ -100.392877935603991, 21.999810370086841 ], [ -100.392811311140903, 22.000615057231713 ], [ -100.392715028831063, 22.001777940091543 ], [ -100.392681086558213, 22.002187886694866 ], [ -100.39261119411529, 22.003032026003787 ], [ -100.392536166563659, 22.003938178377826 ], [ -100.392339972622139, 22.006307694129465 ], [ -100.392166666502206, 22.008400741792869 ], [ -100.391990181164303, 22.010532144571886 ], [ -100.391957955519388, 22.010921327290205 ], [ -100.39116768644223, 22.010751316702876 ], [ -100.387175340155736, 22.009892377934694 ], [ -100.387136068932705, 22.009883928332528 ], [ -100.386845800596177, 22.009821473826939 ], [ -100.385854922602633, 22.009608270911905 ], [ -100.384592767845646, 22.009336688827855 ], [ -100.383838520642712, 22.009174389718755 ], [ -100.381805536160655, 22.008736912209972 ], [ -100.38173672686213, 22.008722104656719 ], [ -100.379934620359052, 22.008334285247191 ], [ -100.378717184938537, 22.008072276458314 ], [ -100.376624621874271, 22.007621904518057 ], [ -100.376504892389065, 22.007596053712053 ] ] ] } },
{ "type": "Feature", "properties": { "AREA": 6175024.3444499997, "PERIMETER": 14465.2937, "NOMBRE": null, "CVE_ESTADO": "24", "CVE_MPIO": "024", "CVE_EJIDO": "033", "CVEIN_CON": "24024033", "CLAVEUNICA": "2414109622180386", "CVE_EDO": "24", "CINA_MUN": "024", "CINA_NA": "020", "CVEMUNIN": "024", "CVENAIN": "033", "NOM_NA": "EL PUENTE", "X": "100° 22' 14,57\" W", "Y": "21° 59' 8,91\" N", "Acres": null, "Hectares": null, "distancia_km": 3.5504065597446837 }, "geometry": { "type": "Polygon", "coordinates": [ [ [ -100.376504892389065, 22.007596053712053 ], [ -100.376090521947688, 22.00748635314606 ], [ -100.375983833622328, 22.007458073134458 ], [ -100.373965976957578, 22.006924004152218 ], [ -100.371482728667132, 22.006266713712098 ], [ -100.370156208911851, 22.005915581007812 ], [ -100.369432545364376, 22.005724005742557 ], [ -100.367429571909554, 22.005193794416012 ], [ -100.367706173211431, 22.002426930085637 ], [ -100.367846653135686, 22.001021570590392 ], [ -100.367853086973227, 22.000957186015217 ], [ -100.3679538755095, 21.999949036306663 ], [ -100.36806920911404, 21.998795266345326 ], [ -100.368137754123623, 21.998109491629144 ], [ -100.368344608240378, 21.996040206713303 ], [ -100.368470904853382, 21.994776741892686 ], [ -100.368575945233161, 21.993725813213672 ], [ -100.368687313132369, 21.992611702007281 ], [ -100.368831968831657, 21.991164502691994 ], [ -100.369429286830254, 21.985188452361033 ], [ -100.36953407274676, 21.984891187254835 ], [ -100.369701932984952, 21.984414981370538 ], [ -100.369889996696941, 21.983881456671458 ], [ -100.370281082417222, 21.982771954490602 ], [ -100.369061732196286, 21.982403797663604 ], [ -100.367610852911952, 21.981965715105282 ], [ -100.367414595275235, 21.981906452121905 ], [ -100.363391114498697, 21.980691509212026 ], [ -100.359953596209095, 21.979653402504265 ], [ -100.359766882198201, 21.979597013727201 ], [ -100.358621261123574, 21.979251027736805 ], [ -100.358510960424169, 21.979205937094509 ], [ -100.356703885026803, 21.978467130532266 ], [ -100.349641767478872, 21.975741912397456 ], [ -100.354618191130143, 21.967077781497629 ], [ -100.369252391221167, 21.975564572333145 ], [ -100.370974349886311, 21.974682360656704 ], [ -100.373123220882775, 21.973581383434194 ], [ -100.373851838695487, 21.973208088444252 ], [ -100.375068784654957, 21.972584540698897 ], [ -100.375657739618944, 21.972282763796635 ], [ -100.37654790805712, 21.971826655422475 ], [ -100.376936197894025, 21.971627696067554 ], [ -100.376961391377677, 21.971727684556981 ], [ -100.377031262534544, 21.972004971591115 ], [ -100.377616815890661, 21.974328644254879 ], [ -100.377790982812414, 21.975019800881544 ], [ -100.378023113843966, 21.975940921806089 ], [ -100.378320231426144, 21.9771199670638 ], [ -100.378338327459431, 21.977191769555933 ], [ -100.378339837985706, 21.977197763613713 ], [ -100.378739950709402, 21.978785421808567 ], [ -100.378526733408975, 21.978894376942513 ], [ -100.378245266733984, 21.979038202178021 ], [ -100.376945233338105, 21.979702495911948 ], [ -100.37786668726622, 21.980526943771633 ], [ -100.378537872669312, 21.98060046007792 ], [ -100.378755891022266, 21.980624344454728 ], [ -100.378965145212291, 21.980647263428914 ], [ -100.380695614682352, 21.980836796773961 ], [ -100.382742520072668, 21.981060959457746 ], [ -100.383742396571265, 21.981170452376571 ], [ -100.383963848194441, 21.981194698236411 ], [ -100.383986582829763, 21.981197189192098 ], [ -100.385603835184938, 21.981374274726537 ], [ -100.385509708796249, 21.981645525846588 ], [ -100.38549144129955, 21.981698177991646 ], [ -100.385462282905763, 21.981782211274297 ], [ -100.385458476695064, 21.981793172947228 ], [ -100.385434443580095, 21.981862457757526 ], [ -100.385109733984535, 21.982798409802889 ], [ -100.384711053326214, 21.983947542464058 ], [ -100.384672538702162, 21.984058544856573 ], [ -100.384651623200668, 21.984118824779074 ], [ -100.384526817422739, 21.98447850224543 ], [ -100.383382541679353, 21.98777649968315 ], [ -100.383376172495218, 21.987794853588159 ], [ -100.383361709966422, 21.987836534874145 ], [ -100.383339823015376, 21.98789961393933 ], [ -100.382701306605597, 21.989739885312144 ], [ -100.382466884804955, 21.990415526921705 ], [ -100.381965113003616, 21.991861640719151 ], [ -100.381795256184503, 21.992351161242716 ], [ -100.381612404509227, 21.992878105046369 ], [ -100.38138541698882, 21.993532293321842 ], [ -100.381104840601452, 21.99434085836657 ], [ -100.381095135341866, 21.994368832985309 ], [ -100.38094717065519, 21.994795174537735 ], [ -100.380863214601902, 21.995037144110686 ], [ -100.38072083699214, 21.99544745061463 ], [ -100.380588710757934, 21.995828224202036 ], [ -100.380464527417786, 21.996186114307513 ], [ -100.380342887363454, 21.996536639362319 ], [ -100.380187107428796, 21.996985546485107 ], [ -100.38004797682521, 21.997386449240519 ], [ -100.379568888429958, 21.998767059557728 ], [ -100.379564026186912, 21.998781083039212 ], [ -100.379182987705136, 21.999879066173531 ], [ -100.378767049333803, 22.001077658855383 ], [ -100.378704778878685, 22.001257074520954 ], [ -100.378698597135411, 22.001274893764325 ], [ -100.377943945017449, 22.003449449161369 ], [ -100.377938168397478, 22.003466108793127 ], [ -100.377557870544706, 22.004561932642666 ], [ -100.377309644644711, 22.005277201767726 ], [ -100.377086861305457, 22.005919146410935 ], [ -100.376700680326294, 22.007031909043402 ], [ -100.376504892389065, 22.007596053712053 ] ] ] } },
{ "type": "Feature", "properties": { "AREA": 9764547.6299099997, "PERIMETER": 17187.13024, "NOMBRE": null, "CVE_ESTADO": "24", "CVE_MPIO": "013", "CVE_EJIDO": "001", "CVEIN_CON": "24013001", "CLAVEUNICA": "2414109622169355", "CVE_EDO": "24", "CINA_MUN": "013", "CINA_NA": "007", "CVEMUNIN": "013", "CVENAIN": "001", "NOM_NA": "EL ABRA O SAN FELIPE", "X": "98° 56' 33,38\" W", "Y": "21° 58' 1,77\" N", "Acres": null, "Hectares": null, "distancia_km": 1.2777092049068233 }, "geometry": { "type": "Polygon", "coordinates": [ [ [ -98.942140402333806, 21.984358134579935 ], [ -98.941229289916691, 21.983561421440097 ], [ -98.940894731281261, 21.983056457839833 ], [ -98.937543534324789, 21.983297894929983 ], [ -98.937217696502515, 21.98332136623128 ], [ -98.931342697505428, 21.983744451748105 ], [ -98.930293916553993, 21.983819956860426 ], [ -98.925797402785648, 21.981264552411492 ], [ -98.925468967862756, 21.979872161258218 ], [ -98.925269488383393, 21.979022919639757 ], [ -98.920531327184051, 21.958848157676801 ], [ -98.933500374166556, 21.954905318837909 ], [ -98.937663067593917, 21.960137606256765 ], [ -98.961543189072131, 21.955704363203207 ], [ -98.96980249882877, 21.955771408347818 ], [ -98.969960190459432, 21.956657292154656 ], [ -98.970644148017058, 21.958866980392472 ], [ -98.972367720634665, 21.959676298009388 ], [ -98.972452887864065, 21.966373585737148 ], [ -98.972225706627654, 21.966816033817526 ], [ -98.965877292793493, 21.965626793284372 ], [ -98.965678025472158, 21.964958190285856 ], [ -98.96550683384271, 21.964355093024608 ], [ -98.964803035671679, 21.964569519604442 ], [ -98.96423251863645, 21.964727497486113 ], [ -98.961987716792137, 21.965366189480051 ], [ -98.961530790420852, 21.96591493248 ], [ -98.960427858945536, 21.964620468980822 ], [ -98.960066635204626, 21.96410541543073 ], [ -98.959420006978263, 21.963486380874166 ], [ -98.957784361026626, 21.96238601268395 ], [ -98.957347098190311, 21.962261673187385 ], [ -98.957327889098593, 21.962704361049031 ], [ -98.95765061038955, 21.964335186334146 ], [ -98.958277749953538, 21.966641427345898 ], [ -98.958543814197242, 21.967635295460457 ], [ -98.958923918496296, 21.968859576963499 ], [ -98.959095013210572, 21.969729197992251 ], [ -98.959170645831321, 21.970793039484001 ], [ -98.959189794468202, 21.971594857887688 ], [ -98.959213428276243, 21.972595443323737 ], [ -98.959229128087912, 21.973041128111799 ], [ -98.958668349537788, 21.973107649699184 ], [ -98.954244755713759, 21.972256644957262 ], [ -98.949468309894115, 21.973934542754062 ], [ -98.94739586234715, 21.974308537797842 ], [ -98.945139456000689, 21.974360020797967 ], [ -98.94273207869719, 21.975388549596648 ], [ -98.940597696469652, 21.975842790860508 ], [ -98.941432352888015, 21.980450009952484 ], [ -98.942140402333806, 21.984358134579935 ] ] ] } },
{ "type": "Feature", "properties": { "AREA": 393540.02756000002, "PERIMETER": 2850.23581, "NOMBRE": null, "CVE_ESTADO": "24", "CVE_MPIO": "011", "CVE_EJIDO": "007", "CVEIN_CON": "24011007", "CLAVEUNICA": "2414109622168159", "CVE_EDO": "24", "CINA_MUN": "011", "CINA_NA": "005", "CVEMUNIN": "011", "CVENAIN": "007", "NOM_NA": "LA NORIA", "X": "100° 6' 58,98\" W", "Y": "21° 59' 52,72\" N", "Acres": null, "Hectares": null, "distancia_km": 1.3767684589841733 }, "geometry": { "type": "Polygon", "coordinates": [ [ [ -100.116144582689898, 22.002473515356755 ], [ -100.116092235816097, 22.002451315453271 ], [ -100.113606672048832, 22.001397250041894 ], [ -100.113412223983673, 22.00128975492899 ], [ -100.11326696170164, 22.000785922559157 ], [ -100.113091964588435, 22.000178951582249 ], [ -100.113006449582073, 21.99988234383251 ], [ -100.112935730211831, 21.999637053507573 ], [ -100.112850473100437, 21.999341337716348 ], [ -100.112768432598571, 21.999056777478476 ], [ -100.112676195319636, 21.998736844858417 ], [ -100.112616021600758, 21.998528131392082 ], [ -100.112671769358357, 21.998460489882152 ], [ -100.112917614231336, 21.99816219517891 ], [ -100.11321264325062, 21.997804216662772 ], [ -100.113355752275126, 21.997630573029884 ], [ -100.113543766650096, 21.997402441960848 ], [ -100.113874991212626, 21.996918497932771 ], [ -100.114096375455873, 21.996595036752954 ], [ -100.114256058574853, 21.996361725096428 ], [ -100.114302334228768, 21.996294111963639 ], [ -100.11440129354304, 21.996129467111597 ], [ -100.114548997664357, 21.995883722743493 ], [ -100.114685228997132, 21.995657063441616 ], [ -100.114834900113465, 21.995408043526524 ], [ -100.114936392996526, 21.995239181075451 ], [ -100.115052655672429, 21.99521040545358 ], [ -100.115861278241567, 21.995223781755634 ], [ -100.116253080472148, 21.995230261544787 ], [ -100.116512539045601, 21.995104646609228 ], [ -100.116856410649447, 21.994938162776016 ], [ -100.117079813526132, 21.994641079896841 ], [ -100.11733402613666, 21.99430301944458 ], [ -100.118340978983269, 21.99490351269468 ], [ -100.118814782055566, 21.995055239132473 ], [ -100.120312219732668, 21.995672553727534 ], [ -100.120353642539342, 21.995742134489795 ], [ -100.120580349391673, 21.996122921119689 ], [ -100.120743286567915, 21.996396598930918 ], [ -100.121082493796976, 21.99696634505381 ], [ -100.11858444563255, 21.999181477467019 ], [ -100.118551539345262, 21.999210656265475 ], [ -100.117665275389371, 21.998346581906425 ], [ -100.117592095750084, 21.998348074279036 ], [ -100.117485246702543, 21.998410265121748 ], [ -100.116750416894604, 21.999136391981185 ], [ -100.116669637224305, 21.999306696304167 ], [ -100.116144582689898, 22.002473515356755 ] ] ] } },
{ "type": "Feature", "properties": { "AREA": 27182243.48573, "PERIMETER": 33688.99619, "NOMBRE": null, "CVE_ESTADO": "24", "CVE_MPIO": "024", "CVE_EJIDO": "051", "CVEIN_CON": "24024051", "CLAVEUNICA": "2414109622181195", "CVE_EDO": "24", "CINA_MUN": "024", "CINA_NA": "054", "CVEMUNIN": "024", "CVENAIN": "051", "NOM_NA": "TANQUE DE SAN JUAN", "X": "100° 19' 34,91\" W", "Y": "21° 57' 54,92\" N", "Acres": null, "Hectares": null, "distancia_km": 5.7052522313182479 }, "geometry": { "type": "Polygon", "coordinates": [ [ [ -100.367429571909554, 22.005193794416012 ], [ -100.365971947478812, 22.004859414786715 ], [ -100.365969899159253, 22.004858944086525 ], [ -100.365160523064375, 22.003627978933935 ], [ -100.364635884167697, 22.002830052182642 ], [ -100.364203714021983, 22.002172752171219 ], [ -100.363790714640473, 22.00154460250387 ], [ -100.36333909123212, 22.000857707812351 ], [ -100.360560006740116, 21.996630631809211 ], [ -100.360125880071905, 21.995970282132099 ], [ -100.359119713769942, 21.996051138230108 ], [ -100.35909633100367, 21.996053021126041 ], [ -100.356575803289829, 21.996255546824202 ], [ -100.356297821609616, 21.996277871553858 ], [ -100.356284552598595, 21.996278938758632 ], [ -100.356262282734335, 21.996280730754975 ], [ -100.356248539501834, 21.99628183800958 ], [ -100.355354423561465, 21.996353669236935 ], [ -100.355347416431954, 21.996354232979183 ], [ -100.3512654368147, 21.996682104361671 ], [ -100.351139840855382, 21.996752619081963 ], [ -100.35080155189678, 21.996942537330792 ], [ -100.344995582391476, 21.997071885676849 ], [ -100.341907841290066, 21.997140591672576 ], [ -100.340962496715747, 21.997161611448657 ], [ -100.340076542529431, 21.997181309478641 ], [ -100.340013820720898, 21.997112639916345 ], [ -100.33931012630228, 21.99697979825822 ], [ -100.338455375051097, 21.997172327928698 ], [ -100.338026446821019, 21.997070153474233 ], [ -100.337304108657094, 21.997276130596216 ], [ -100.337124251818878, 21.997152158793433 ], [ -100.336753286567685, 21.997288922461053 ], [ -100.336684093217286, 21.997268502467772 ], [ -100.336059623269932, 21.997084210427648 ], [ -100.334661419995399, 21.997141066458223 ], [ -100.33464750560583, 21.997197815116049 ], [ -100.334631356398774, 21.997263678236465 ], [ -100.334039523713386, 21.9996773775331 ], [ -100.333975206551585, 21.999939680778262 ], [ -100.33389646399857, 22.000260813577079 ], [ -100.333817541704605, 22.000248376068843 ], [ -100.33355888120407, 22.00020761921224 ], [ -100.333347894263326, 21.999972982783419 ], [ -100.33364946860074, 21.999851667816124 ], [ -100.332242474058191, 21.997783311542271 ], [ -100.331926579977946, 21.997318917725849 ], [ -100.331857402920292, 21.997217219183476 ], [ -100.331813533900387, 21.99715272895433 ], [ -100.331798459060977, 21.997130558417233 ], [ -100.330803094122885, 21.995667266665127 ], [ -100.330560705600178, 21.995310910841106 ], [ -100.330075745908204, 21.994597946484003 ], [ -100.330227035190404, 21.994320469090166 ], [ -100.330306188760275, 21.994175293107578 ], [ -100.330384199441269, 21.994032212940457 ], [ -100.330493339947552, 21.993832045780106 ], [ -100.330373298925721, 21.993725393561594 ], [ -100.330059685127083, 21.993446754640434 ], [ -100.329854217090727, 21.993264205509885 ], [ -100.329137456203497, 21.992627375736038 ], [ -100.328161790799925, 21.989857976163254 ], [ -100.328096679690745, 21.989673167910482 ], [ -100.328031112498337, 21.989622482639525 ], [ -100.328007426010387, 21.989604175178059 ], [ -100.328005825877938, 21.989464513619165 ], [ -100.327995701301404, 21.989454785938129 ], [ -100.327981423264205, 21.989441063241618 ], [ -100.327777632492896, 21.989245282474517 ], [ -100.327566350896035, 21.989180167630597 ], [ -100.327516205583649, 21.989182831639365 ], [ -100.325892900328384, 21.989269134958548 ], [ -100.325228565156507, 21.989325764415934 ], [ -100.322511806050827, 21.989557323259053 ], [ -100.322439474611443, 21.989563488670349 ], [ -100.32106994360332, 21.989022924098688 ], [ -100.320153986216113, 21.988661378421806 ], [ -100.31994772000435, 21.98857996312702 ], [ -100.31977156910807, 21.988510436397647 ], [ -100.319033304957586, 21.988408774787064 ], [ -100.31721368651435, 21.988158190720029 ], [ -100.316281744460753, 21.988029843866727 ], [ -100.31398299550537, 21.987713234081681 ], [ -100.314362958676369, 21.985760483659163 ], [ -100.314365113496393, 21.985749428240343 ], [ -100.314481186891811, 21.98515288049132 ], [ -100.314761120569599, 21.983714141562707 ], [ -100.316220208909371, 21.976214805841511 ], [ -100.321058184743165, 21.961272716974694 ], [ -100.300527677328688, 21.957324622359764 ], [ -100.285832573648747, 21.957278577651099 ], [ -100.285012758032224, 21.956322395925145 ], [ -100.2901303368036, 21.953034468237515 ], [ -100.292455880723551, 21.941664414104714 ], [ -100.295662658913471, 21.930250369948034 ], [ -100.296093587378323, 21.928716414984837 ], [ -100.296482475841543, 21.927332081330807 ], [ -100.297044609344695, 21.925330999706279 ], [ -100.297056783254305, 21.925287662469739 ], [ -100.29764877175225, 21.923180245283291 ], [ -100.298121968323613, 21.921495673173659 ], [ -100.298476540016225, 21.920233379387348 ], [ -100.299055435861248, 21.920276736581908 ], [ -100.30785209884678, 21.920935287674723 ], [ -100.310378746042062, 21.921790420878004 ], [ -100.311370348309552, 21.922126011801126 ], [ -100.313598079029831, 21.920314752281026 ], [ -100.316026634249397, 21.918340132167575 ], [ -100.316019753183198, 21.918832237836011 ], [ -100.31595826150479, 21.923229551155835 ], [ -100.315938274269584, 21.924658928007815 ], [ -100.315932349746333, 21.925082527762832 ], [ -100.315786686802582, 21.935500586520682 ], [ -100.315614366926908, 21.947827100925643 ], [ -100.32400601483188, 21.951460735887839 ], [ -100.32514628961215, 21.95267969518008 ], [ -100.337333682208083, 21.953729502914022 ], [ -100.34179071475134, 21.968091938642448 ], [ -100.343745441682813, 21.97327614190776 ], [ -100.349641767478872, 21.975741912397456 ], [ -100.356703885026803, 21.978467130532266 ], [ -100.358510960424169, 21.979205937094509 ], [ -100.358621261123574, 21.979251027736805 ], [ -100.359766882198201, 21.979597013727201 ], [ -100.359953596209095, 21.979653402504265 ], [ -100.363391114498697, 21.980691509212026 ], [ -100.367414595275235, 21.981906452121905 ], [ -100.367610852911952, 21.981965715105282 ], [ -100.369061732196286, 21.982403797663604 ], [ -100.370281082417222, 21.982771954490602 ], [ -100.369889996696941, 21.983881456671458 ], [ -100.369701932984952, 21.984414981370538 ], [ -100.36953407274676, 21.984891187254835 ], [ -100.369429286830254, 21.985188452361033 ], [ -100.368831968831657, 21.991164502691994 ], [ -100.368687313132369, 21.992611702007281 ], [ -100.368575945233161, 21.993725813213672 ], [ -100.368470904853382, 21.994776741892686 ], [ -100.368344608240378, 21.996040206713303 ], [ -100.368137754123623, 21.998109491629144 ], [ -100.36806920911404, 21.998795266345326 ], [ -100.3679538755095, 21.999949036306663 ], [ -100.367853086973227, 22.000957186015217 ], [ -100.367846653135686, 22.001021570590392 ], [ -100.367706173211431, 22.002426930085637 ], [ -100.367429571909554, 22.005193794416012 ] ] ] } },
{ "type": "Feature", "properties": { "AREA": 5947559.1126300003, "PERIMETER": 16771.74044, "NOMBRE": null, "CVE_ESTADO": "24", "CVE_MPIO": "024", "CVE_EJIDO": "053", "CVEIN_CON": "24024053", "CLAVEUNICA": "2414109622181233", "CVE_EDO": "24", "CINA_MUN": "024", "CINA_NA": "055", "CVEMUNIN": "024", "CVENAIN": "053", "NOM_NA": "TECOMATES", "X": "100° 9' 40,73\" W", "Y": "21° 58' 56,67\" N", "Acres": null, "Hectares": null, "distancia_km": 2.9064894679284614 }, "geometry": { "type": "Polygon", "coordinates": [ [ [ -100.160827791993981, 21.998797304515396 ], [ -100.158158280138139, 21.996067366150822 ], [ -100.156562238771485, 21.993092307423304 ], [ -100.156027798568488, 21.988622682014359 ], [ -100.154418918870519, 21.987890643333323 ], [ -100.152944719782397, 21.984187339559366 ], [ -100.152183840910439, 21.983158053980791 ], [ -100.149440831554827, 21.983966906019084 ], [ -100.144423362590601, 21.985446304571862 ], [ -100.143440162573825, 21.98571306322788 ], [ -100.144009921881334, 21.984381248140217 ], [ -100.144410918897862, 21.983443900488627 ], [ -100.144583433736969, 21.983040635816089 ], [ -100.149021251564164, 21.982422535692464 ], [ -100.150697253524015, 21.982329630618231 ], [ -100.150773660567452, 21.981167639477633 ], [ -100.150429531337394, 21.979847774225455 ], [ -100.15045976035033, 21.979054101291258 ], [ -100.150001068761142, 21.978758517568391 ], [ -100.150300269070271, 21.977698369614682 ], [ -100.149272335432897, 21.977154014642259 ], [ -100.147249569633104, 21.975605068915733 ], [ -100.147073881638619, 21.973789480835425 ], [ -100.146562374861631, 21.973341072225075 ], [ -100.14743505162221, 21.972658826184681 ], [ -100.164396030479651, 21.965548007959814 ], [ -100.174547502497447, 21.985784914721961 ], [ -100.166293427628133, 21.998797410339737 ], [ -100.163777834622564, 22.001533713789733 ], [ -100.160827791993981, 21.998797304515396 ] ], [ [ -100.16684274729765, 21.983071642507628 ], [ -100.167337081409713, 21.983205920595026 ], [ -100.167728119570299, 21.982800510659938 ], [ -100.167315022733945, 21.982079163934138 ], [ -100.166652360930783, 21.982440615369999 ], [ -100.16684274729765, 21.983071642507628 ] ], [ [ -100.163815415170191, 21.982300898923906 ], [ -100.164239338431486, 21.98284968571831 ], [ -100.164653357683704, 21.982248623957265 ], [ -100.164481596893651, 21.980916001957354 ], [ -100.163812695823935, 21.980553037915023 ], [ -100.163594645411337, 21.981003140429447 ], [ -100.163815415170191, 21.982300898923906 ] ], [ [ -100.161834944837722, 21.981395782188002 ], [ -100.162222366772028, 21.982002343680932 ], [ -100.162977730551233, 21.980950262655174 ], [ -100.162506581232051, 21.980643309139865 ], [ -100.161834944837722, 21.981395782188002 ] ], [ [ -100.157874752421662, 21.981103367845222 ], [ -100.160981417705571, 21.9810686845486 ], [ -100.161446241821693, 21.98063973924874 ], [ -100.160217144634927, 21.979648488818512 ], [ -100.159068344431148, 21.979392580616818 ], [ -100.157872697645288, 21.979424494337238 ], [ -100.157188734258696, 21.978739635819807 ], [ -100.157537291542369, 21.977690608204064 ], [ -100.157516002484201, 21.976644335631111 ], [ -100.156600872936991, 21.976317672543864 ], [ -100.155639483114612, 21.976347825055822 ], [ -100.155067828855067, 21.977260517111741 ], [ -100.153423417680898, 21.978158177927263 ], [ -100.153322670489089, 21.979354848365222 ], [ -100.154285456801887, 21.979485687821569 ], [ -100.154243902970407, 21.980394437310942 ], [ -100.15556500708847, 21.980614599887407 ], [ -100.156014665921049, 21.97985230414519 ], [ -100.156879814874273, 21.980098847122164 ], [ -100.156774863718255, 21.980801082376633 ], [ -100.157874752421662, 21.981103367845222 ] ], [ [ -100.166953868117744, 21.978804600817003 ], [ -100.167988741273248, 21.978716333270448 ], [ -100.167844193491206, 21.977682490287748 ], [ -100.167829993470519, 21.976038209374991 ], [ -100.16692995334391, 21.976033469342624 ], [ -100.166186079342012, 21.976981987995135 ], [ -100.166329721560246, 21.97791234683314 ], [ -100.166953868117744, 21.978804600817003 ] ] ] } },
{ "type": "Feature", "properties": { "AREA": 10061805.841670001, "PERIMETER": 20570.94923, "NOMBRE": null, "CVE_ESTADO": "24", "CVE_MPIO": "013", "CVE_EJIDO": "001", "CVEIN_CON": "24013001", "CLAVEUNICA": "2414109622169355", "CVE_EDO": "24", "CINA_MUN": "013", "CINA_NA": "007", "CVEMUNIN": "013", "CVENAIN": "001", "NOM_NA": "EL ABRA O SAN FELIPE", "X": "98° 56' 33,96\" W", "Y": "21° 57' 4,34\" N", "Acres": null, "Hectares": null, "distancia_km": 2.9824815080067681 }, "geometry": { "type": "Polygon", "coordinates": [ [ [ -98.925269488383393, 21.979022919639757 ], [ -98.924365817848397, 21.977845113692407 ], [ -98.923590917933822, 21.977267952907166 ], [ -98.922403935131527, 21.970675236817719 ], [ -98.920784998929548, 21.968060221964762 ], [ -98.91739501724534, 21.967935624431188 ], [ -98.911250659747168, 21.964574480220072 ], [ -98.907865869171317, 21.954417495458742 ], [ -98.909867186030695, 21.954033776964675 ], [ -98.918108820064631, 21.952453304687676 ], [ -98.921162145758004, 21.951867664024839 ], [ -98.936550310514463, 21.945426300442289 ], [ -98.943594488079768, 21.943605374118675 ], [ -98.943332030009003, 21.940775709178634 ], [ -98.949599210130771, 21.938998436548388 ], [ -98.967337501157431, 21.934455977836407 ], [ -98.967876819465701, 21.939724275040081 ], [ -98.968740506051063, 21.947914345257491 ], [ -98.968800703304481, 21.948408990202623 ], [ -98.967376973351222, 21.950509851735124 ], [ -98.969417595539753, 21.952469988041738 ], [ -98.96980249882877, 21.955771408347818 ], [ -98.961543189072131, 21.955704363203207 ], [ -98.937663067593917, 21.960137606256765 ], [ -98.933500374166556, 21.954905318837909 ], [ -98.920531327184051, 21.958848157676801 ], [ -98.925269488383393, 21.979022919639757 ] ] ] } },
{ "type": "Feature", "properties": { "AREA": 295438.017, "PERIMETER": 3163.87242, "NOMBRE": null, "CVE_ESTADO": "24", "CVE_MPIO": "011", "CVE_EJIDO": "011", "CVEIN_CON": "24011011", "CLAVEUNICA": "2414109622168177", "CVE_EDO": "24", "CINA_MUN": "011", "CINA_NA": "003", "CVEMUNIN": "011", "CVENAIN": "011", "NOM_NA": "LA REFORMA", "X": "100° 5' 26,12\" W", "Y": "21° 59' 31,65\" N", "Acres": null, "Hectares": null, "distancia_km": 2.459407278587538 }, "geometry": { "type": "Polygon", "coordinates": [ [ [ -100.087194253058229, 21.995544467384033 ], [ -100.085908007909097, 21.995016878197511 ], [ -100.08547133117942, 21.994837759733052 ], [ -100.087629637130703, 21.992834336555784 ], [ -100.090499358603608, 21.990170421861176 ], [ -100.090910699323786, 21.989788569136145 ], [ -100.090965456993743, 21.98973773668116 ], [ -100.092159536198892, 21.988629239876143 ], [ -100.092287482292377, 21.98865391668707 ], [ -100.092299725554213, 21.988656278024646 ], [ -100.093088625689589, 21.988808429774881 ], [ -100.096099675118381, 21.989389119610664 ], [ -100.095786930562312, 21.989827494129212 ], [ -100.093029082465407, 21.989545089380037 ], [ -100.093004407137542, 21.990634391268451 ], [ -100.09326421915452, 21.99100138475341 ], [ -100.094544979849758, 21.990997595729947 ], [ -100.094530368925376, 21.991456634248404 ], [ -100.094035792843897, 21.992050137020655 ], [ -100.093755988723785, 21.992385905473146 ], [ -100.093576973392402, 21.992426813823293 ], [ -100.093486690250216, 21.992447445127024 ], [ -100.093408418358393, 21.992465331601711 ], [ -100.091800795225311, 21.993074338968242 ], [ -100.091177196036995, 21.99354541528837 ], [ -100.089609619395873, 21.99443551650716 ], [ -100.089483075544791, 21.994523559979672 ], [ -100.089076420309169, 21.994806490879999 ], [ -100.087194253058229, 21.995544467384033 ] ] ] } },
{ "type": "Feature", "properties": { "AREA": 33248192.940450002, "PERIMETER": 46406.96569, "NOMBRE": null, "CVE_ESTADO": "24", "CVE_MPIO": "024", "CVE_EJIDO": "042", "CVEIN_CON": "24024042", "CLAVEUNICA": "2414109622180972", "CVE_EDO": "24", "CINA_MUN": "024", "CINA_NA": "046", "CVEMUNIN": "024", "CVENAIN": "042", "NOM_NA": "SAN JOSE DE LAS FLORES", "X": "100° 10' 57,41\" W", "Y": "21° 57' 51,55\" N", "Acres": null, "Hectares": null, "distancia_km": 5.9065672771745374 }, "geometry": { "type": "Polygon", "coordinates": [ [ [ -100.231871825790137, 21.996768324975172 ], [ -100.228532444020075, 21.992507594307504 ], [ -100.213426599977609, 21.973229765628989 ], [ -100.211650874223182, 21.97106786406599 ], [ -100.20344173065962, 21.961072286867513 ], [ -100.193926249937661, 21.962176837863382 ], [ -100.191980403403917, 21.962402640872508 ], [ -100.1645616742355, 21.965478550574836 ], [ -100.164396030479651, 21.965548007959814 ], [ -100.14743505162221, 21.972658826184681 ], [ -100.146562374861631, 21.973341072225075 ], [ -100.144159908934398, 21.975219228897789 ], [ -100.144035378753571, 21.975843935885322 ], [ -100.145799870666949, 21.977994014960267 ], [ -100.145873262958162, 21.978552480595287 ], [ -100.145976960250493, 21.97934153777253 ], [ -100.145963257573001, 21.980355257839101 ], [ -100.14466908858401, 21.982473832316799 ], [ -100.144583433736969, 21.983040635816089 ], [ -100.144410918897862, 21.983443900488627 ], [ -100.144009921881334, 21.984381248140217 ], [ -100.143440162573825, 21.98571306322788 ], [ -100.141408947906015, 21.986557274829256 ], [ -100.141340030301734, 21.986633055960926 ], [ -100.141268318663535, 21.986711909272326 ], [ -100.140875903666128, 21.986888794492494 ], [ -100.138191152342984, 21.988098938255483 ], [ -100.137858047237486, 21.987952962293704 ], [ -100.136453756570248, 21.987337551952958 ], [ -100.135513019713144, 21.986915035382449 ], [ -100.13248142797552, 21.985553390670553 ], [ -100.13448949049203, 21.983972150173415 ], [ -100.134194023014715, 21.982276473715871 ], [ -100.133696624986882, 21.981701874350573 ], [ -100.133514109065416, 21.981491028460631 ], [ -100.133422776491003, 21.981245863027702 ], [ -100.133436818059607, 21.979797636428433 ], [ -100.129556430738276, 21.981483655823386 ], [ -100.128820467421946, 21.981803415578636 ], [ -100.128573413727537, 21.981525031387218 ], [ -100.126930799665843, 21.979674068090223 ], [ -100.125695735477308, 21.978282304126729 ], [ -100.123760800794386, 21.976101796785308 ], [ -100.120802350621474, 21.976269178964703 ], [ -100.119568710430968, 21.976866753197974 ], [ -100.119200142802512, 21.974976253317539 ], [ -100.118885027448229, 21.973359881259061 ], [ -100.118880015394396, 21.973334171781374 ], [ -100.117493989265952, 21.97306660238198 ], [ -100.117206622589435, 21.973011125249709 ], [ -100.115887077769528, 21.97275637547056 ], [ -100.11567155587629, 21.972714765961175 ], [ -100.113997524656583, 21.972391560307571 ], [ -100.113677481097852, 21.972329767281188 ], [ -100.112390123682417, 21.97208120135922 ], [ -100.110724704781163, 21.971759622036888 ], [ -100.109928872973754, 21.971605946618446 ], [ -100.109093756131827, 21.971444680696795 ], [ -100.108253367226183, 21.971282392007513 ], [ -100.107442703075662, 21.971125839038034 ], [ -100.106617963198985, 21.970966563303747 ], [ -100.10579124674517, 21.970806901289286 ], [ -100.104964577738784, 21.970647243874243 ], [ -100.104122974957505, 21.970484697558696 ], [ -100.104652170614841, 21.968661028079673 ], [ -100.104862792722955, 21.967935196554077 ], [ -100.104871980385568, 21.96790351787671 ], [ -100.105240545199536, 21.966633364170509 ], [ -100.10572258900811, 21.964972121942033 ], [ -100.105735370268405, 21.96492807037972 ], [ -100.105765790778904, 21.964823249872211 ], [ -100.106348712785959, 21.962814308975979 ], [ -100.106431153876187, 21.962530430359653 ], [ -100.10664128567123, 21.961805964006011 ], [ -100.106648954058301, 21.961779525803621 ], [ -100.106879034832346, 21.960986551011974 ], [ -100.107408568159755, 21.959161100249574 ], [ -100.107531271306883, 21.958738576167672 ], [ -100.107535213942086, 21.958724999496596 ], [ -100.107666439995526, 21.958272725093412 ], [ -100.107865639893475, 21.957586117642862 ], [ -100.108021056353962, 21.957050455178262 ], [ -100.108411941207322, 21.955703197704246 ], [ -100.108419929880512, 21.955675682288383 ], [ -100.108523384157721, 21.955319077577617 ], [ -100.108541606035317, 21.95525629900483 ], [ -100.108915288316069, 21.953968280028931 ], [ -100.109219509461298, 21.954022386581574 ], [ -100.109651225962565, 21.954099172346464 ], [ -100.109852825029989, 21.95413502790834 ], [ -100.110046870233873, 21.954169534091474 ], [ -100.110158414076423, 21.954189376387721 ], [ -100.110555222438919, 21.954259945823122 ], [ -100.110627590725869, 21.954272816910688 ], [ -100.111108249079905, 21.954358301253119 ], [ -100.111816185393053, 21.954484196998109 ], [ -100.112108248514289, 21.954536140131481 ], [ -100.112224263145819, 21.954556772771927 ], [ -100.112407371207453, 21.954589335735527 ], [ -100.112624884241001, 21.954628015917361 ], [ -100.113196531680032, 21.954729679795175 ], [ -100.11356831476192, 21.954795795378637 ], [ -100.113856742584204, 21.954847082496499 ], [ -100.113938236254981, 21.954861570430452 ], [ -100.114148923357817, 21.954899039214229 ], [ -100.114498762811635, 21.954961245513228 ], [ -100.114739423730171, 21.95500404761016 ], [ -100.11495805305664, 21.955042924846349 ], [ -100.115188396486388, 21.95508388123335 ], [ -100.115485446001998, 21.955136696785296 ], [ -100.115535094913085, 21.955145528480205 ], [ -100.115811994232743, 21.955194767563199 ], [ -100.115935796539546, 21.955216780944944 ], [ -100.116336256090094, 21.955287988895357 ], [ -100.116618848056831, 21.955338235778825 ], [ -100.116756158604943, 21.955362649912395 ], [ -100.116813691369714, 21.955372881985671 ], [ -100.117053170414891, 21.955415462841493 ], [ -100.117510038871387, 21.955496690695796 ], [ -100.117871789000333, 21.955561012805941 ], [ -100.118387422766645, 21.955652687303637 ], [ -100.118459743817553, 21.955665546175197 ], [ -100.118857761917994, 21.955736312838681 ], [ -100.11925071849825, 21.955806182576481 ], [ -100.119603335290634, 21.95586887381074 ], [ -100.120038523506793, 21.955946240521666 ], [ -100.120231167034675, 21.955980491110509 ], [ -100.120414161989899, 21.956013027714164 ], [ -100.120501504258456, 21.956028556449059 ], [ -100.120602955882802, 21.956046590484327 ], [ -100.120791342596277, 21.956080083545558 ], [ -100.120979787557701, 21.956113585023211 ], [ -100.121231477574582, 21.956158334694052 ], [ -100.121411418282534, 21.956190321917067 ], [ -100.122154202994395, 21.956322366234009 ], [ -100.122395498229594, 21.956365261005175 ], [ -100.122923501097333, 21.956459121955053 ], [ -100.123067029462462, 21.956484635457038 ], [ -100.123095898059105, 21.956489767741587 ], [ -100.123366188502445, 21.956537819578024 ], [ -100.12298661972936, 21.957840766826639 ], [ -100.122982800933841, 21.957853891303159 ], [ -100.122972777359408, 21.957888286589895 ], [ -100.122968138122005, 21.957904217016004 ], [ -100.122456406702156, 21.959660818481836 ], [ -100.122856772455179, 21.959949858932806 ], [ -100.123064138604789, 21.960099568988767 ], [ -100.123313062254383, 21.960279274309947 ], [ -100.123574365090647, 21.960467918851254 ], [ -100.123836447758393, 21.960657126712348 ], [ -100.12401135489786, 21.960783390236145 ], [ -100.124246996572779, 21.960953510232944 ], [ -100.124285379051528, 21.960981214713648 ], [ -100.124388411064885, 21.961055603535605 ], [ -100.124632156689287, 21.96123156623166 ], [ -100.124846928403372, 21.9613866160729 ], [ -100.125011318844216, 21.961505290214813 ], [ -100.125168258941201, 21.961618586187278 ], [ -100.125721524968768, 21.962017997793915 ], [ -100.126431891922152, 21.962530809384802 ], [ -100.126827764153361, 21.962816582169044 ], [ -100.127176201967202, 21.964180935142192 ], [ -100.12792463956643, 21.965149499142811 ], [ -100.128127221286604, 21.96534413080041 ], [ -100.130003740404888, 21.965812071373932 ], [ -100.129999899387172, 21.965828448138339 ], [ -100.129951588506628, 21.966034650237717 ], [ -100.129871004211807, 21.966378561715899 ], [ -100.129840820343063, 21.96650740405919 ], [ -100.129749377767766, 21.966897640852139 ], [ -100.129512314987451, 21.967909378943485 ], [ -100.129163774249989, 21.969396855937767 ], [ -100.129086353344618, 21.969727285611839 ], [ -100.129899366753037, 21.969647167062956 ], [ -100.130069706874792, 21.968151159494109 ], [ -100.130919881635947, 21.968084773044328 ], [ -100.132034228293236, 21.967997753546573 ], [ -100.13240036332293, 21.967969158416352 ], [ -100.13261891094119, 21.968072889084176 ], [ -100.133023548572027, 21.968264945862721 ], [ -100.133022118310677, 21.968679223867788 ], [ -100.13356702732041, 21.969836424614755 ], [ -100.134454179036339, 21.97030574705968 ], [ -100.134968733493963, 21.970577950463184 ], [ -100.13627176251488, 21.967689838860686 ], [ -100.137102597595387, 21.967148636989858 ], [ -100.137876516296245, 21.966644500815484 ], [ -100.138217051437124, 21.966720549568191 ], [ -100.138490612667454, 21.966693630609782 ], [ -100.139831963215002, 21.964896632139958 ], [ -100.139289405408078, 21.964523708516456 ], [ -100.139243954547453, 21.963773987958135 ], [ -100.139191322555149, 21.962905709716516 ], [ -100.138395578332577, 21.963193158002948 ], [ -100.138461507892728, 21.963459364374849 ], [ -100.137718399304177, 21.963989711778144 ], [ -100.137576050237158, 21.964027174549603 ], [ -100.137223859269952, 21.964119875018728 ], [ -100.136487799810766, 21.964907997231471 ], [ -100.136200638969825, 21.965215464281791 ], [ -100.13573783741127, 21.965710991039469 ], [ -100.135677975295508, 21.965775089998488 ], [ -100.132406386289333, 21.966068144032842 ], [ -100.132482045723833, 21.965878292727325 ], [ -100.132826451089699, 21.965014038280533 ], [ -100.132253881590046, 21.964354218660695 ], [ -100.13193788374528, 21.964219361744991 ], [ -100.130805077028299, 21.963735916326772 ], [ -100.130469618733443, 21.963592744324707 ], [ -100.129255763421867, 21.963074697062034 ], [ -100.128697777713072, 21.962708437538918 ], [ -100.12851397625208, 21.962421808307287 ], [ -100.128489558005768, 21.962313305054 ], [ -100.128435723264431, 21.962074047628253 ], [ -100.128316392841626, 21.961543770469721 ], [ -100.128078389487641, 21.961518034568591 ], [ -100.127876036903189, 21.960777516186912 ], [ -100.131663236513077, 21.961785679201117 ], [ -100.134360565380064, 21.962503655264278 ], [ -100.135750315127552, 21.959098522085373 ], [ -100.135988127195034, 21.958515826733976 ], [ -100.136985101494659, 21.956072929217257 ], [ -100.137380975744207, 21.955102899884796 ], [ -100.13741121846401, 21.955028797860706 ], [ -100.137378637503375, 21.954582686816924 ], [ -100.137315715997801, 21.953721234686697 ], [ -100.137241526609884, 21.952705516972269 ], [ -100.137237777157168, 21.952654143288655 ], [ -100.137179096350508, 21.951850763871434 ], [ -100.154747922157583, 21.950306455757421 ], [ -100.17913887348044, 21.950643217083098 ], [ -100.190984983708205, 21.950403783093961 ], [ -100.191043072381589, 21.95040260316976 ], [ -100.191359452494382, 21.950396198988486 ], [ -100.191402902799908, 21.950395314790768 ], [ -100.193302576223786, 21.950356839204513 ], [ -100.19340225625875, 21.950354814339097 ], [ -100.193992349425727, 21.950342857425412 ], [ -100.194042373390573, 21.950341843454279 ], [ -100.198709679334243, 21.950247186952033 ], [ -100.198766431710823, 21.950246032116951 ], [ -100.202815248802565, 21.950163810610146 ], [ -100.211639786446867, 21.949969464037167 ], [ -100.211720847120347, 21.949967682823935 ], [ -100.212800967617994, 21.949943859302888 ], [ -100.212806117960042, 21.949943739982537 ], [ -100.213115760959269, 21.94993691009639 ], [ -100.213711298875708, 21.949923776319444 ], [ -100.213796386779222, 21.949921901098385 ], [ -100.214141075442114, 21.949914295455571 ], [ -100.249904923484024, 21.949121258102672 ], [ -100.233196425063412, 21.993269604768308 ], [ -100.232729652234767, 21.994502530963118 ], [ -100.23253856044191, 21.995007298164282 ], [ -100.231871825790137, 21.996768324975172 ] ] ] } },
{ "type": "Feature", "properties": { "AREA": 11112155.08863, "PERIMETER": 21002.40327, "NOMBRE": null, "CVE_ESTADO": "24", "CVE_MPIO": "011", "CVE_EJIDO": "011", "CVEIN_CON": "24011011", "CLAVEUNICA": "2414109622168177", "CVE_EDO": "24", "CINA_MUN": "011", "CINA_NA": "003", "CVEMUNIN": "011", "CVENAIN": "011", "NOM_NA": "LA REFORMA", "X": "100° 5' 12,54\" W", "Y": "21° 58' 32,22\" N", "Acres": null, "Hectares": null, "distancia_km": 1.2752043692147323 }, "geometry": { "type": "Polygon", "coordinates": [ [ [ -100.116540015649022, 21.98859710067936 ], [ -100.112033580882084, 21.987339336430686 ], [ -100.111098402198607, 21.986954025186417 ], [ -100.109974544821853, 21.98649096476715 ], [ -100.089662107126685, 21.981661781689937 ], [ -100.085763435965973, 21.98285564370638 ], [ -100.085560264034498, 21.982919320724964 ], [ -100.085501279023731, 21.982937807422466 ], [ -100.084897227487204, 21.983127123837619 ], [ -100.084428170168636, 21.983274129717291 ], [ -100.084295498643755, 21.983299821243435 ], [ -100.083819500350756, 21.982746128147078 ], [ -100.08346540150589, 21.981566371699632 ], [ -100.082241230242275, 21.98062012300197 ], [ -100.080138074153709, 21.978204448251081 ], [ -100.079674531828232, 21.979484265063583 ], [ -100.079285209683164, 21.980489798390096 ], [ -100.079193716078166, 21.98072610932126 ], [ -100.079141533026117, 21.980860896983295 ], [ -100.079114011637913, 21.980931972299228 ], [ -100.078889326758485, 21.981195653902869 ], [ -100.07880232884041, 21.981297752541714 ], [ -100.078785221153112, 21.981317837915238 ], [ -100.0786864626712, 21.981433735585604 ], [ -100.07858239505245, 21.98155586502736 ], [ -100.07830720070541, 21.981878830012732 ], [ -100.07818194434337, 21.982025822942095 ], [ -100.078052751586696, 21.982177439657725 ], [ -100.077642514473595, 21.982658869853957 ], [ -100.077544877420777, 21.982773449669821 ], [ -100.077270005333006, 21.982709807235917 ], [ -100.076498918953703, 21.982531263096067 ], [ -100.075846398430116, 21.98238016743975 ], [ -100.075221123703358, 21.982235385655024 ], [ -100.074780235065361, 21.982133287343142 ], [ -100.073986635148287, 21.981949521794277 ], [ -100.073091152317318, 21.981742154786378 ], [ -100.072128725919853, 21.981519321317879 ], [ -100.048781576648338, 21.97609541880626 ], [ -100.048404158927241, 21.975929698534106 ], [ -100.046243078785096, 21.972274349636205 ], [ -100.046303940907677, 21.971646702128254 ], [ -100.047123598442866, 21.971798333634052 ], [ -100.048853820732717, 21.970972719011765 ], [ -100.049493309151856, 21.96703414399223 ], [ -100.05160605966357, 21.964010527136395 ], [ -100.052726868928133, 21.963590189172866 ], [ -100.053776263958468, 21.963522364649329 ], [ -100.055650572848975, 21.963701890227778 ], [ -100.057117559284976, 21.966124241519893 ], [ -100.060088933734846, 21.970530568604779 ], [ -100.063778395241229, 21.973832392679189 ], [ -100.06438615913406, 21.97384181334067 ], [ -100.06804053753406, 21.971431165202819 ], [ -100.068192309626127, 21.97132518177618 ], [ -100.0684283248344, 21.971178442017333 ], [ -100.069586649348878, 21.970567346659355 ], [ -100.072279896840428, 21.970351691734987 ], [ -100.073586727684059, 21.968312439883103 ], [ -100.073392250053843, 21.967155287494755 ], [ -100.073385167202574, 21.967113157576488 ], [ -100.072725767057662, 21.963189512393267 ], [ -100.07251457328077, 21.961932792230847 ], [ -100.089090517154602, 21.967394364986241 ], [ -100.089173564795757, 21.967411441889645 ], [ -100.091037307586902, 21.967794666965386 ], [ -100.092960956958308, 21.968190185512682 ], [ -100.094771018876955, 21.968562326707708 ], [ -100.096556514549619, 21.96892939551352 ], [ -100.097114757401741, 21.969044153051868 ], [ -100.097265777117016, 21.969075202362902 ], [ -100.098471774920981, 21.969323117899194 ], [ -100.100564840353954, 21.969753363563939 ], [ -100.102549287511948, 21.970161254592298 ], [ -100.104122974957505, 21.970484697558696 ], [ -100.104964577738784, 21.970647243874243 ], [ -100.10579124674517, 21.970806901289286 ], [ -100.106617963198985, 21.970966563303747 ], [ -100.107442703075662, 21.971125839038034 ], [ -100.108253367226183, 21.971282392007513 ], [ -100.109093756131827, 21.971444680696795 ], [ -100.109928872973754, 21.971605946618446 ], [ -100.110724704781163, 21.971759622036888 ], [ -100.112390123682417, 21.97208120135922 ], [ -100.113677481097852, 21.972329767281188 ], [ -100.113997524656583, 21.972391560307571 ], [ -100.11567155587629, 21.972714765961175 ], [ -100.115887077769528, 21.97275637547056 ], [ -100.117206622589435, 21.973011125249709 ], [ -100.117493989265952, 21.97306660238198 ], [ -100.118880015394396, 21.973334171781374 ], [ -100.118885027448229, 21.973359881259061 ], [ -100.119200142802512, 21.974976253317539 ], [ -100.119568710430968, 21.976866753197974 ], [ -100.119315975092803, 21.978731703295949 ], [ -100.118303874083907, 21.978997625099705 ], [ -100.118286956913593, 21.980497772130249 ], [ -100.119953916484519, 21.981115386538665 ], [ -100.120086990542575, 21.981297746633008 ], [ -100.120135378450357, 21.981375491480698 ], [ -100.120509105484842, 21.983028587785316 ], [ -100.120895864769295, 21.985211425581422 ], [ -100.120716307679984, 21.985917532006983 ], [ -100.120719220651182, 21.986022063881229 ], [ -100.120755519490615, 21.986067307786392 ], [ -100.120815549088192, 21.986550469958768 ], [ -100.121491753630423, 21.991282464644364 ], [ -100.116540015649022, 21.98859710067936 ] ] ] } },
{ "type": "Feature", "properties": { "AREA": 14755725.973689999, "PERIMETER": 21878.39399, "NOMBRE": null, "CVE_ESTADO": "24", "CVE_MPIO": "036", "CVE_EJIDO": "019", "CVEIN_CON": "24036019", "CLAVEUNICA": "2414109622187437", "CVE_EDO": "24", "CINA_MUN": "036", "CINA_NA": "021", "CVEMUNIN": "036", "CVENAIN": "019", "NOM_NA": "TAMBACA", "X": "99° 18' 29,53\" W", "Y": "21° 56' 45,87\" N", "Acres": null, "Hectares": null, "distancia_km": 3.5604019691233728 }, "geometry": { "type": "Polygon", "coordinates": [ [ [ -99.287466272573056, 21.974940798316386 ], [ -99.286175118396898, 21.974140129879473 ], [ -99.28603136400524, 21.973980171814226 ], [ -99.285997006534757, 21.973941941573727 ], [ -99.28568331506807, 21.973592889543497 ], [ -99.285126344353458, 21.973694086763928 ], [ -99.284434354213445, 21.97268431572915 ], [ -99.285200941966323, 21.971630166385619 ], [ -99.285171914755793, 21.97050054061263 ], [ -99.2853188982604, 21.970238844334418 ], [ -99.285162539520314, 21.969467414395346 ], [ -99.285017969710907, 21.969287724833382 ], [ -99.284995054311537, 21.969259242635683 ], [ -99.284599941067157, 21.96876814288882 ], [ -99.284515666496617, 21.968393997713854 ], [ -99.284510979683674, 21.968373190089299 ], [ -99.284301350146748, 21.967442510020184 ], [ -99.284295357416795, 21.967415904256331 ], [ -99.284169726293669, 21.966858140687222 ], [ -99.282767228241397, 21.966555059369213 ], [ -99.282729039477815, 21.966524949620162 ], [ -99.282440168103648, 21.96629718965163 ], [ -99.282176685062538, 21.965946036964052 ], [ -99.282115810234146, 21.965772696632129 ], [ -99.282101087878601, 21.965730774835816 ], [ -99.282008051024945, 21.965465852481792 ], [ -99.282003259780524, 21.964822882289777 ], [ -99.282003118677423, 21.964803946537039 ], [ -99.282001318572796, 21.964562375211596 ], [ -99.281365104617308, 21.963925791436576 ], [ -99.281352755172861, 21.963894119273345 ], [ -99.28106389848368, 21.96315329483819 ], [ -99.281077287857912, 21.963003072898349 ], [ -99.281081225365313, 21.962958896020783 ], [ -99.281107640776327, 21.962662527555739 ], [ -99.282516937289174, 21.962398478333437 ], [ -99.282119262449143, 21.962018591436205 ], [ -99.28186172822582, 21.96118188068721 ], [ -99.282577734929902, 21.961312531634402 ], [ -99.280256503964992, 21.954883955753136 ], [ -99.279834462100141, 21.953715056776549 ], [ -99.279509999175858, 21.952816401079144 ], [ -99.27938656758306, 21.952474532904947 ], [ -99.279283923567647, 21.952190238682288 ], [ -99.277999796181362, 21.948633473807714 ], [ -99.279074795873413, 21.948092856500693 ], [ -99.281001806812512, 21.947123734983087 ], [ -99.281138418818955, 21.947055029486432 ], [ -99.294748045740548, 21.94020951909231 ], [ -99.298284656088086, 21.93843034721333 ], [ -99.29982739416856, 21.93765420028528 ], [ -99.301827849829905, 21.936647742981169 ], [ -99.304126713585617, 21.934293611412865 ], [ -99.304157366438105, 21.934273685625381 ], [ -99.305381211464308, 21.933478119943398 ], [ -99.310096834848892, 21.930412541332611 ], [ -99.312196936564888, 21.929047201051304 ], [ -99.312302671259715, 21.928978458225696 ], [ -99.313805593542511, 21.928001327178954 ], [ -99.313841484968037, 21.927977993070822 ], [ -99.316358135675998, 21.926341722593943 ], [ -99.319418558853783, 21.925228527464963 ], [ -99.320486655687859, 21.924840001598113 ], [ -99.322539105219903, 21.924093387766309 ], [ -99.325180641570242, 21.923132434432127 ], [ -99.325478773477471, 21.923023974820836 ], [ -99.327139684234268, 21.922307736369433 ], [ -99.33333512759026, 21.939193659570417 ], [ -99.338309206342899, 21.946720740342794 ], [ -99.339305305296577, 21.948227982740296 ], [ -99.338968362891208, 21.948470947583857 ], [ -99.337344922825437, 21.950521662091823 ], [ -99.337199257222636, 21.951153563586555 ], [ -99.336940080470384, 21.951318234249602 ], [ -99.336604671798469, 21.951477007584284 ], [ -99.336144258263758, 21.952045398634045 ], [ -99.335440966072895, 21.952422274080959 ], [ -99.333928037963418, 21.952863096143467 ], [ -99.33361830342713, 21.953605955425768 ], [ -99.332933485530248, 21.953105577120603 ], [ -99.332503462507049, 21.953357670602614 ], [ -99.332169389488229, 21.954099167985877 ], [ -99.33215680491945, 21.954127100115024 ], [ -99.331805141502286, 21.953938908223144 ], [ -99.331487102516775, 21.953887773497716 ], [ -99.331306403038724, 21.953109598198726 ], [ -99.331037395211979, 21.953170830208386 ], [ -99.330176195947672, 21.953366854511444 ], [ -99.330047005195865, 21.953162572787338 ], [ -99.329793956146844, 21.953129743615875 ], [ -99.329201134464839, 21.952192975958688 ], [ -99.329139535714063, 21.952095637721179 ], [ -99.328901244533171, 21.952069688984295 ], [ -99.3284927959904, 21.952183247841013 ], [ -99.328100338538533, 21.952099523232256 ], [ -99.328076630897385, 21.951605825388462 ], [ -99.327761856506584, 21.951366379509889 ], [ -99.327740857094213, 21.95076497570831 ], [ -99.327311704560117, 21.950361843820755 ], [ -99.326720631646609, 21.950395851674159 ], [ -99.326695515093391, 21.950804957380502 ], [ -99.326864719136523, 21.95102782757904 ], [ -99.326906274955306, 21.951455429794592 ], [ -99.326297291002462, 21.952244955973804 ], [ -99.326138315248372, 21.952634306841091 ], [ -99.325856127624533, 21.952844006740381 ], [ -99.32482780203668, 21.952814449444361 ], [ -99.324445585632475, 21.952655700351219 ], [ -99.324369997740618, 21.952374288947489 ], [ -99.324494398904292, 21.952174696710593 ], [ -99.324507521243305, 21.951843160841484 ], [ -99.324517379771237, 21.951594084311264 ], [ -99.324206820841994, 21.951391655716467 ], [ -99.323893133635821, 21.951590636255958 ], [ -99.322891505769633, 21.951440014818584 ], [ -99.322199563538391, 21.951259625837416 ], [ -99.321706776775827, 21.951252548990578 ], [ -99.321510921449772, 21.951249735926904 ], [ -99.320999138043462, 21.951519974309157 ], [ -99.319827565374084, 21.952268311603458 ], [ -99.319208120727637, 21.952378075083654 ], [ -99.319044805499686, 21.952255044030753 ], [ -99.318711223609839, 21.951396951382666 ], [ -99.31860720781161, 21.951404019360332 ], [ -99.318402592404922, 21.951617115728343 ], [ -99.318376307306323, 21.951803612050035 ], [ -99.318457861221475, 21.952290595273173 ], [ -99.318577856184703, 21.952639429337388 ], [ -99.318554246005903, 21.953078877953697 ], [ -99.318402854774547, 21.953491814007283 ], [ -99.317993366193164, 21.95413187153434 ], [ -99.317513798863615, 21.954246119070664 ], [ -99.316847680641089, 21.953507252249675 ], [ -99.316482535976107, 21.953366240614042 ], [ -99.316068257233454, 21.953468568094184 ], [ -99.315793696946059, 21.953626874936944 ], [ -99.315713007326394, 21.953900324226957 ], [ -99.315574864517572, 21.954277735639 ], [ -99.31256694163001, 21.952988192386073 ], [ -99.311289154074714, 21.953629467936839 ], [ -99.304065855790398, 21.954171933950033 ], [ -99.302118206362934, 21.952677537843858 ], [ -99.299272285069293, 21.953087407826843 ], [ -99.299569466162353, 21.954880306935809 ], [ -99.298165154469757, 21.955108114791667 ], [ -99.297467800039058, 21.955860534391526 ], [ -99.29805083008651, 21.956305428735359 ], [ -99.29472323954451, 21.958283112990525 ], [ -99.293977898537563, 21.959219917858082 ], [ -99.293197277548472, 21.958741781352344 ], [ -99.292226202764454, 21.960830592911989 ], [ -99.293651452406891, 21.961741736489451 ], [ -99.293170093112792, 21.963344129930537 ], [ -99.293083578331448, 21.96496695877973 ], [ -99.295361662758623, 21.967747907822744 ], [ -99.293311785715233, 21.970729685612046 ], [ -99.291882933140371, 21.972621813923258 ], [ -99.29041313541407, 21.973101578350715 ], [ -99.289099358096195, 21.974048943406668 ], [ -99.288684177063828, 21.974333944989041 ], [ -99.288206072748423, 21.974834755003492 ], [ -99.288053666322128, 21.974856601299116 ], [ -99.287466272573056, 21.974940798316386 ] ] ] } },
{ "type": "Feature", "properties": { "AREA": 511871.62186000001, "PERIMETER": 3011.88336, "NOMBRE": null, "CVE_ESTADO": "24", "CVE_MPIO": "040", "CVE_EJIDO": "070", "CVEIN_CON": "24040070", "CLAVEUNICA": "2414109622192042", "CVE_EDO": "24", "CINA_MUN": "040", "CINA_NA": "049", "CVEMUNIN": "040", "CVENAIN": "070", "NOM_NA": "RUBEN JARAMILLO", "X": "98° 51' 47,55\" W", "Y": "21° 57' 46,55\" N", "Acres": null, "Hectares": null, "distancia_km": 0.27689824375045807 }, "geometry": { "type": "Polygon", "coordinates": [ [ [ -98.868217883080476, 21.960499028426028 ], [ -98.868215642047119, 21.961602810851517 ], [ -98.868215490496098, 21.961677453211536 ], [ -98.868214720741378, 21.962056572238556 ], [ -98.868213797788073, 21.962511138087621 ], [ -98.868213001140234, 21.962903491323953 ], [ -98.868212878160605, 21.962964058959496 ], [ -98.868212601581448, 21.96310027415274 ], [ -98.868212096138521, 21.96334920310597 ], [ -98.868211310829111, 21.963735961183865 ], [ -98.86821074958138, 21.964012367736121 ], [ -98.867851262175577, 21.964118102052712 ], [ -98.86777518011462, 21.96414047958525 ], [ -98.866826021773761, 21.964419645926288 ], [ -98.866309387243206, 21.96457159564207 ], [ -98.864190528719135, 21.965194762250633 ], [ -98.862939630603933, 21.965562642044336 ], [ -98.862425131314794, 21.965713949117429 ], [ -98.860477326850855, 21.966286753714318 ], [ -98.859125049486536, 21.966684411117441 ], [ -98.859051790708975, 21.960298077960168 ], [ -98.860239612831521, 21.960324145923007 ], [ -98.860447424854527, 21.960328704400684 ], [ -98.860519849629071, 21.960330292767019 ], [ -98.861173076998071, 21.960344632987535 ], [ -98.861212223966987, 21.960345488219385 ], [ -98.862412037066335, 21.96037180357505 ], [ -98.862438990566588, 21.960372395331014 ], [ -98.863196913812601, 21.960389019597564 ], [ -98.863989519455032, 21.960406391858651 ], [ -98.864165429159328, 21.960410250651968 ], [ -98.864746445548278, 21.960422981046651 ], [ -98.86547234089339, 21.960438890842976 ], [ -98.865522335184238, 21.960439988831457 ], [ -98.866021987616477, 21.960450931504141 ], [ -98.86635839834149, 21.960458306767332 ], [ -98.866496400844312, 21.960461328137402 ], [ -98.867165203152325, 21.960475973400882 ], [ -98.867368734868052, 21.960480429315361 ], [ -98.867907273163382, 21.960492228833122 ], [ -98.868217883080476, 21.960499028426028 ] ] ] } },
{ "type": "Feature", "properties": { "AREA": 3983013.0821699998, "PERIMETER": 13132.38271, "NOMBRE": null, "CVE_ESTADO": "24", "CVE_MPIO": "013", "CVE_EJIDO": "048", "CVEIN_CON": "24013048", "CLAVEUNICA": "2414109622170433", "CVE_EDO": "24", "CINA_MUN": "013", "CINA_NA": "049", "CVEMUNIN": "013", "CVENAIN": "048", "NOM_NA": "TAMPAYA", "X": "99° 0' 42,56\" W", "Y": "21° 57' 6,63\" N", "Acres": null, "Hectares": null, "distancia_km": 0.96397230435497916 }, "geometry": { "type": "Polygon", "coordinates": [ [ [ -99.022293912869628, 21.969643153754511 ], [ -99.021312327153922, 21.969210653197472 ], [ -99.021033546980036, 21.96841241884551 ], [ -99.020485965890614, 21.968392566779109 ], [ -99.019614601533021, 21.967977298300347 ], [ -99.019447035211655, 21.967605977984373 ], [ -99.019580326825633, 21.966093280343745 ], [ -99.020378847969056, 21.965727245550994 ], [ -99.019838763333325, 21.964863630495547 ], [ -99.019914046808935, 21.964636870837204 ], [ -99.019896263609269, 21.964355038443632 ], [ -99.019702913216037, 21.964089841838348 ], [ -99.019125345966387, 21.963946594145678 ], [ -99.01903806099476, 21.963153871682703 ], [ -99.018697737634582, 21.962966343282801 ], [ -99.018321225233777, 21.963040975442592 ], [ -99.017717268394065, 21.962488042359226 ], [ -99.017185844282182, 21.962692434573128 ], [ -99.016309407213441, 21.962758566936746 ], [ -99.016029562341984, 21.963245478562555 ], [ -99.015925947886885, 21.963425747139972 ], [ -99.016432866870844, 21.964858640075569 ], [ -99.016294928729309, 21.96490897406543 ], [ -99.015748345548559, 21.96510842221193 ], [ -99.015562845712878, 21.965176110541869 ], [ -99.015249987726975, 21.965144816914737 ], [ -99.014036040720697, 21.963642578467113 ], [ -99.013306501613954, 21.963036805492312 ], [ -99.013277716090144, 21.963033103632696 ], [ -99.012488623319172, 21.962931508120388 ], [ -99.011293216414217, 21.96293714192198 ], [ -99.010375817446729, 21.963166076177551 ], [ -99.010263580179256, 21.963271923664909 ], [ -99.007728149365022, 21.96566289959053 ], [ -99.006930508260339, 21.965863620881827 ], [ -99.006384679414893, 21.9657793682121 ], [ -99.005445302166791, 21.964112282277757 ], [ -99.004933877742772, 21.962728485596472 ], [ -99.004615964522173, 21.962177004231041 ], [ -99.004568871498066, 21.962095305574675 ], [ -99.004516787039364, 21.962004953529309 ], [ -99.004440666478899, 21.961872905297597 ], [ -99.003420591316768, 21.960103328353043 ], [ -99.003361132042329, 21.958393429759671 ], [ -99.003729220247948, 21.956703822419904 ], [ -99.004195530290588, 21.954563311738461 ], [ -99.004399039058299, 21.953629144953585 ], [ -99.005236374214817, 21.952971499505196 ], [ -99.005572125723688, 21.952064522137565 ], [ -99.00596619475229, 21.950999993925642 ], [ -99.006848467272235, 21.949213959176927 ], [ -99.007625017845314, 21.947641911483348 ], [ -99.007921837334194, 21.947041020426276 ], [ -99.008024963171138, 21.945778308892699 ], [ -99.007697130489532, 21.944216347149137 ], [ -99.007632940338326, 21.943910508490852 ], [ -99.006946923081287, 21.943094332386906 ], [ -99.00616578359562, 21.942643526447181 ], [ -99.005529221699661, 21.942431551479778 ], [ -99.00160999945696, 21.941996555859951 ], [ -99.000018264022088, 21.94151918283168 ], [ -99.001040063082129, 21.941720263346586 ], [ -99.002774911537031, 21.941020772946537 ], [ -99.003829292806827, 21.939961025422939 ], [ -99.004340169822001, 21.93910718557909 ], [ -99.004620437505807, 21.938147997816035 ], [ -99.004765309945682, 21.938244402278116 ], [ -99.004812683383307, 21.938275927271945 ], [ -99.005412764309412, 21.938675253032848 ], [ -99.005635539027551, 21.938396969741955 ], [ -99.005582321065759, 21.938006720467218 ], [ -99.006260177810674, 21.937855311688146 ], [ -99.006380108342256, 21.936925191237027 ], [ -99.006748596236889, 21.937013237129896 ], [ -99.006792341716292, 21.938122264052542 ], [ -99.007222042553025, 21.938371574575552 ], [ -99.008497795186202, 21.938059601811169 ], [ -99.009191512944327, 21.937334155471628 ], [ -99.009770289087371, 21.937614195820892 ], [ -99.010087226508006, 21.937042510045043 ], [ -99.01067666496273, 21.937192348408793 ], [ -99.010375477095266, 21.937788283280096 ], [ -99.011713889352208, 21.938760690557753 ], [ -99.01139525981614, 21.939330626747903 ], [ -99.011647931376402, 21.9395746074043 ], [ -99.012619891435307, 21.93935355753473 ], [ -99.013236782835961, 21.938944447865378 ], [ -99.014097548417396, 21.938544873771153 ], [ -99.015091223853631, 21.939109838713534 ], [ -99.015495305316563, 21.939146788911284 ], [ -99.015738096725201, 21.938778179852783 ], [ -99.015175846273848, 21.93787931360583 ], [ -99.015441508762706, 21.937684962879111 ], [ -99.01623386481252, 21.938568049270142 ], [ -99.017145024587279, 21.938579186809186 ], [ -99.017028385441321, 21.93770293866676 ], [ -99.017787701285187, 21.938124450498076 ], [ -99.017660049057213, 21.938432030354075 ], [ -99.01769738641373, 21.938639886187914 ], [ -99.018418084467712, 21.938942629902844 ], [ -99.019238907076925, 21.938742933695572 ], [ -99.019087621212449, 21.939912837560644 ], [ -99.018936424103401, 21.941082035714814 ], [ -99.018650261885441, 21.943294857958382 ], [ -99.018613587051959, 21.943578450437407 ], [ -99.017993192380104, 21.948375552879515 ], [ -99.018005337320972, 21.948534335069116 ], [ -99.018115680700262, 21.949977333049326 ], [ -99.018158722954595, 21.95054020325442 ], [ -99.018208090148235, 21.95118579377608 ], [ -99.018160131428644, 21.952708349441647 ], [ -99.018112100605563, 21.954233134110218 ], [ -99.018068223800384, 21.955626017149076 ], [ -99.018064702911147, 21.95573774863524 ], [ -99.01804840066572, 21.956255280329263 ], [ -99.018036390927605, 21.956636370760354 ], [ -99.018134771624773, 21.957630574096665 ], [ -99.018112311006959, 21.958003697101358 ], [ -99.018067920231232, 21.958741125187462 ], [ -99.018161560643208, 21.958986900598777 ], [ -99.018315992351347, 21.959392231270371 ], [ -99.018584250407102, 21.959742346557892 ], [ -99.01896078355135, 21.960109623724179 ], [ -99.01935670144465, 21.960495807166904 ], [ -99.019641997355578, 21.960681515859314 ], [ -99.019835784520239, 21.9613364114715 ], [ -99.020165107597578, 21.96244935392561 ], [ -99.020274401822931, 21.962818702369432 ], [ -99.020367755578519, 21.963134183872008 ], [ -99.020402379210424, 21.963251191277852 ], [ -99.022293912869628, 21.969643153754511 ] ] ] } },
{ "type": "Feature", "properties": { "AREA": 7321511.2289000005, "PERIMETER": 11833.30895, "NOMBRE": null, "CVE_ESTADO": "24", "CVE_MPIO": "003", "CVE_EJIDO": "018", "CVEIN_CON": "24003018", "CLAVEUNICA": "2414109622163683", "CVE_EDO": "24", "CINA_MUN": "003", "CINA_NA": "005", "CVEMUNIN": "003", "CVENAIN": "018", "NOM_NA": "EL SAUCITO", "X": "99° 12' 46,37\" W", "Y": "21° 56' 47,61\" N", "Acres": null, "Hectares": null, "distancia_km": 1.3830620233001456 }, "geometry": { "type": "Polygon", "coordinates": [ [ [ -99.207438935734103, 21.970998475445558 ], [ -99.206237385668331, 21.964134462900809 ], [ -99.204401936125748, 21.95364788183878 ], [ -99.203911807829172, 21.950847330410589 ], [ -99.203284937743476, 21.947265280471598 ], [ -99.203150447461965, 21.947105814718494 ], [ -99.202449072971731, 21.941456331550071 ], [ -99.202148665314297, 21.939036442214299 ], [ -99.20226006425716, 21.93902721637372 ], [ -99.20227017081524, 21.938949524497723 ], [ -99.20234868533052, 21.938345853715028 ], [ -99.202376368939142, 21.938301496592086 ], [ -99.202638858898737, 21.937880910397247 ], [ -99.202876529493494, 21.937500089638785 ], [ -99.203012545945754, 21.937282151187542 ], [ -99.203038546248877, 21.937240488039802 ], [ -99.20329637693024, 21.936827360244354 ], [ -99.203609615269329, 21.936508051574947 ], [ -99.203783608746647, 21.936330685357358 ], [ -99.204039090238737, 21.935861364477688 ], [ -99.204544141832031, 21.934693987648366 ], [ -99.204564817312246, 21.934646199245293 ], [ -99.204717119189795, 21.934294166276715 ], [ -99.204866891622146, 21.933947972659539 ], [ -99.204893247792171, 21.933907146753917 ], [ -99.205404106354052, 21.933115821114033 ], [ -99.205441420768096, 21.93305801645424 ], [ -99.205676428405937, 21.932693981538371 ], [ -99.205937317025089, 21.932289853530946 ], [ -99.205953440407029, 21.93226487868996 ], [ -99.206311562969148, 21.931710125309561 ], [ -99.206701179731098, 21.931106580927327 ], [ -99.207030196828541, 21.930677881711496 ], [ -99.207357013582424, 21.93042276640038 ], [ -99.208068405639281, 21.930133700071451 ], [ -99.210698208648594, 21.929065065575141 ], [ -99.211055330333039, 21.92891994331568 ], [ -99.21219688046591, 21.9284560470972 ], [ -99.21247819214409, 21.928390264285795 ], [ -99.221893037652237, 21.926188294219003 ], [ -99.221952761533473, 21.936085394864264 ], [ -99.221989174583385, 21.942118344848115 ], [ -99.222041220736259, 21.950739807973434 ], [ -99.222053821616129, 21.952826865927985 ], [ -99.222054479319922, 21.952935797050717 ], [ -99.222086245891191, 21.958196726706294 ], [ -99.220788299833856, 21.959331275350248 ], [ -99.220054648847167, 21.959972557504894 ], [ -99.218319572538505, 21.961489142998307 ], [ -99.214905578824116, 21.964473079431155 ], [ -99.214857279717549, 21.964515292945784 ], [ -99.214812989746179, 21.964554002433918 ], [ -99.213243194145662, 21.965925984412539 ], [ -99.20968037283582, 21.969039691752368 ], [ -99.207438935734103, 21.970998475445558 ] ] ] } },
{ "type": "Feature", "properties": { "AREA": 7927720.37084, "PERIMETER": 12355.90802, "NOMBRE": null, "CVE_ESTADO": "24", "CVE_MPIO": "013", "CVE_EJIDO": "007", "CVEIN_CON": "24013007", "CLAVEUNICA": "2414109622169243", "CVE_EDO": "24", "CINA_MUN": "013", "CINA_NA": "003", "CVEMUNIN": "013", "CVENAIN": "007", "NOM_NA": "CAÑON DE TANINUL O EL ABRA", "X": "98° 54' 20,82\" W", "Y": "21° 56' 44,37\" N", "Acres": null, "Hectares": null, "distancia_km": 2.0662991802730946 }, "geometry": { "type": "Polygon", "coordinates": [ [ [ -98.911250659747168, 21.964574480220072 ], [ -98.903808557064764, 21.965041985998965 ], [ -98.891690600494172, 21.949850796730313 ], [ -98.89220739759844, 21.932564311093198 ], [ -98.909905156545008, 21.932786362290006 ], [ -98.914988562654145, 21.932849790747312 ], [ -98.918178959104864, 21.93288951877793 ], [ -98.920092734790842, 21.932915612487744 ], [ -98.920335207106945, 21.935977657815059 ], [ -98.920271672937901, 21.936481578763544 ], [ -98.919837026255877, 21.93737315771661 ], [ -98.92048735909168, 21.938812744271491 ], [ -98.920840983344746, 21.939651861506636 ], [ -98.92046198691115, 21.9402712577402 ], [ -98.920154923788644, 21.940773088292548 ], [ -98.920107762397166, 21.941329038206462 ], [ -98.920101093519037, 21.941773782484706 ], [ -98.920605771729612, 21.944293467518523 ], [ -98.920725854743608, 21.946758558707021 ], [ -98.920184575187363, 21.94835849036312 ], [ -98.921162145758004, 21.951867664024839 ], [ -98.918108820064631, 21.952453304687676 ], [ -98.909867186030695, 21.954033776964675 ], [ -98.907865869171317, 21.954417495458742 ], [ -98.911250659747168, 21.964574480220072 ] ] ] } },
{ "type": "Feature", "properties": { "AREA": 865330.94388000004, "PERIMETER": 4312.71935, "NOMBRE": null, "CVE_ESTADO": "24", "CVE_MPIO": "040", "CVE_EJIDO": "070", "CVEIN_CON": "24040070", "CLAVEUNICA": "2414109622192042", "CVE_EDO": "24", "CINA_MUN": "040", "CINA_NA": "049", "CVEMUNIN": "040", "CVENAIN": "070", "NOM_NA": "RUBEN JARAMILLO", "X": "98° 52' 24,97\" W", "Y": "21° 57' 22,42\" N", "Acres": null, "Hectares": null, "distancia_km": 0.66690113975223475 }, "geometry": { "type": "Polygon", "coordinates": [ [ [ -98.869170927537823, 21.959510167936141 ], [ -98.869213258849967, 21.956612905811916 ], [ -98.869215759424023, 21.956441521468186 ], [ -98.869219054748882, 21.956216562582163 ], [ -98.869222309412407, 21.95599369064994 ], [ -98.869296395960347, 21.95092310637262 ], [ -98.86937657470628, 21.950923430191914 ], [ -98.875145247269472, 21.950946625550717 ], [ -98.875627819762812, 21.950948556754629 ], [ -98.875372775729915, 21.951647994338767 ], [ -98.876487067679861, 21.953595278142444 ], [ -98.876914908133443, 21.955918341327006 ], [ -98.876500436520388, 21.958198309038412 ], [ -98.879687486031784, 21.958453670221893 ], [ -98.880532191772176, 21.959846979161867 ], [ -98.880159484563862, 21.960135714808441 ], [ -98.879826143755082, 21.960393951653256 ], [ -98.879584322197459, 21.960543279049269 ], [ -98.879098232076558, 21.960790361482147 ], [ -98.877637349558739, 21.961223121564782 ], [ -98.877230878432727, 21.961343528515844 ], [ -98.876712579579404, 21.961497059888316 ], [ -98.87568927469276, 21.961800179223538 ], [ -98.875849575625793, 21.960675764428334 ], [ -98.869249403841522, 21.959523865763376 ], [ -98.869170927537823, 21.959510167936141 ] ] ] } },
{ "type": "Feature", "properties": { "AREA": 1306089.7801600001, "PERIMETER": 4676.03138, "NOMBRE": null, "CVE_ESTADO": "24", "CVE_MPIO": "003", "CVE_EJIDO": "010", "CVEIN_CON": "24003010", "CLAVEUNICA": "2414109622163814", "CVE_EDO": "24", "CINA_MUN": "003", "CINA_NA": "010", "CVEMUNIN": "003", "CVENAIN": "010", "NOM_NA": "LOS OTATES", "X": "99° 11' 40,23\" W", "Y": "21° 57' 40,13\" N", "Acres": null, "Hectares": null, "distancia_km": 0.37917010128689477 }, "geometry": { "type": "Polygon", "coordinates": [ [ [ -99.190338452722187, 21.966916295256897 ], [ -99.189451204918385, 21.9652187163246 ], [ -99.186124582341193, 21.958450055066198 ], [ -99.188907964979393, 21.957846919720843 ], [ -99.189979720753158, 21.957656521469399 ], [ -99.201031137941285, 21.955899736119868 ], [ -99.201298410220801, 21.964308628912512 ], [ -99.19255414501778, 21.966247410829471 ], [ -99.190338452722187, 21.966916295256897 ] ] ] } },
{ "type": "Feature", "properties": { "AREA": 5261357.7261800002, "PERIMETER": 16142.03416, "NOMBRE": null, "CVE_ESTADO": "24", "CVE_MPIO": "040", "CVE_EJIDO": "008", "CVEIN_CON": "24040008", "CLAVEUNICA": "2414109622190757", "CVE_EDO": "24", "CINA_MUN": "040", "CINA_NA": "006", "CVEMUNIN": "040", "CVENAIN": "008", "NOM_NA": "EL ASERRADERO-EL MICROBIO", "X": "98° 51' 8,01\" W", "Y": "21° 56' 59,80\" N", "Acres": null, "Hectares": null, "distancia_km": 2.0047069759028266 }, "geometry": { "type": "Polygon", "coordinates": [ [ [ -98.868217883080476, 21.960499028426028 ], [ -98.867907273163382, 21.960492228833122 ], [ -98.867368734868052, 21.960480429315361 ], [ -98.867165203152325, 21.960475973400882 ], [ -98.866496400844312, 21.960461328137402 ], [ -98.86635839834149, 21.960458306767332 ], [ -98.866021987616477, 21.960450931504141 ], [ -98.865522335184238, 21.960439988831457 ], [ -98.86547234089339, 21.960438890842976 ], [ -98.864746445548278, 21.960422981046651 ], [ -98.864165429159328, 21.960410250651968 ], [ -98.863989519455032, 21.960406391858651 ], [ -98.863196913812601, 21.960389019597564 ], [ -98.862438990566588, 21.960372395331014 ], [ -98.862412037066335, 21.96037180357505 ], [ -98.861212223966987, 21.960345488219385 ], [ -98.861173076998071, 21.960344632987535 ], [ -98.860519849629071, 21.960330292767019 ], [ -98.860447424854527, 21.960328704400684 ], [ -98.860239612831521, 21.960324145923007 ], [ -98.859051790708975, 21.960298077960168 ], [ -98.858674012882219, 21.96028844468033 ], [ -98.857464636675402, 21.960257599911102 ], [ -98.85582969054164, 21.960215886935814 ], [ -98.854393008958937, 21.960179218903981 ], [ -98.853130143458827, 21.960146976740251 ], [ -98.852861018688699, 21.960140104470764 ], [ -98.851872751779894, 21.96011486466848 ], [ -98.850608319615844, 21.960082563072255 ], [ -98.84962782255343, 21.96005750826485 ], [ -98.848616372523381, 21.960031656369473 ], [ -98.847750768639983, 21.960009527238068 ], [ -98.846498870471763, 21.959977514426853 ], [ -98.844313751275465, 21.959921614937091 ], [ -98.844643620466812, 21.954663208303014 ], [ -98.84481972399756, 21.951855793714532 ], [ -98.844832954778397, 21.951644865962837 ], [ -98.844891856866766, 21.95070582906833 ], [ -98.84581268716029, 21.950525059951374 ], [ -98.847471908413254, 21.950199322356777 ], [ -98.847616122872807, 21.950171009373502 ], [ -98.847091264992159, 21.949657372949659 ], [ -98.845046028552105, 21.947655812358519 ], [ -98.845070680768529, 21.946674732020814 ], [ -98.845087427074034, 21.946008273196359 ], [ -98.845115156583844, 21.944904696172035 ], [ -98.845140629012164, 21.943890929171591 ], [ -98.845161497977813, 21.943060361304589 ], [ -98.845175063992301, 21.942520439048948 ], [ -98.845202074013585, 21.941445436530902 ], [ -98.845223335087169, 21.940599229925425 ], [ -98.8428860000962, 21.940522298158108 ], [ -98.838388355595498, 21.940374167564364 ], [ -98.838705264007089, 21.940758061458823 ], [ -98.83893514782568, 21.941036534546338 ], [ -98.840438387513075, 21.942857470973802 ], [ -98.838159411934569, 21.942802237613428 ], [ -98.837286137601808, 21.942781064510498 ], [ -98.837252268816798, 21.943992887532314 ], [ -98.833931219678391, 21.943918507797729 ], [ -98.833658588902807, 21.943912398850422 ], [ -98.832762491792579, 21.943892316453095 ], [ -98.832061539084819, 21.943876604020108 ], [ -98.831976188854512, 21.943874690619843 ], [ -98.831968045085034, 21.944181496753107 ], [ -98.831959952006429, 21.944486391677835 ], [ -98.831880352497834, 21.94748510760914 ], [ -98.829319804180756, 21.947429852485421 ], [ -98.829279254910332, 21.947428977134877 ], [ -98.828490312422034, 21.947424124578959 ], [ -98.827900026989042, 21.947420491427469 ], [ -98.826990728529367, 21.947047636465548 ], [ -98.827209884916059, 21.946679156143293 ], [ -98.82716220705305, 21.946608663252704 ], [ -98.827566178670736, 21.946128850394217 ], [ -98.827945906497234, 21.945677828945239 ], [ -98.828485948051451, 21.944884480337898 ], [ -98.829137060654787, 21.943927948436546 ], [ -98.829768176652365, 21.943000778135932 ], [ -98.830050987657017, 21.942585296730122 ], [ -98.830257177644029, 21.942282378426931 ], [ -98.830533015015305, 21.941877137156812 ], [ -98.830835982714973, 21.941432034653975 ], [ -98.831064757373582, 21.941095930011727 ], [ -98.83131962404704, 21.940721489980401 ], [ -98.831594774235072, 21.940317247532757 ], [ -98.832743703462057, 21.938629244925178 ], [ -98.833050092106049, 21.938179091660299 ], [ -98.83322722060052, 21.937918848815791 ], [ -98.833542230985032, 21.937456022644206 ], [ -98.833404448688952, 21.937358517083542 ], [ -98.83286852425023, 21.937100604323629 ], [ -98.832338865770694, 21.936845704415703 ], [ -98.832654290039429, 21.936610104687606 ], [ -98.833014308375709, 21.936341194627129 ], [ -98.833435773274758, 21.936012708189498 ], [ -98.833758678951213, 21.935699046186841 ], [ -98.833977853872014, 21.935484758909961 ], [ -98.834245801601668, 21.935230885674141 ], [ -98.834523597606747, 21.934950957046581 ], [ -98.834930916390775, 21.934564260501862 ], [ -98.83555193155243, 21.933988980501002 ], [ -98.835888412571876, 21.933642685708413 ], [ -98.836270732563548, 21.933127705400913 ], [ -98.836402337083939, 21.933129995682922 ], [ -98.836518341962503, 21.933132008344639 ], [ -98.836673617996325, 21.933138170691937 ], [ -98.83678950591316, 21.933140860642254 ], [ -98.836899196617324, 21.933143408843989 ], [ -98.837095793587764, 21.933147976514785 ], [ -98.837518821363062, 21.933157800165151 ], [ -98.837509154346947, 21.933561267469592 ], [ -98.837508615808659, 21.933583564365843 ], [ -98.837499995538721, 21.933943512947259 ], [ -98.837493439084582, 21.934217056506711 ], [ -98.837480386940868, 21.93476172238093 ], [ -98.837452127073021, 21.935941126965975 ], [ -98.837430982749396, 21.936823471376709 ], [ -98.837416395306676, 21.937431956039358 ], [ -98.837379838949204, 21.938957404635339 ], [ -98.837361234740754, 21.939734037278637 ], [ -98.837351445003847, 21.940142337640271 ], [ -98.837348903376977, 21.940248464655497 ], [ -98.838380650326783, 21.940285693112816 ], [ -98.842137776863396, 21.940408393580487 ], [ -98.842753437670353, 21.94042848945455 ], [ -98.843775420683656, 21.940461853079309 ], [ -98.848587666516465, 21.940619296146657 ], [ -98.850129541106696, 21.940669712049193 ], [ -98.850158230817058, 21.940670650002136 ], [ -98.850483128264258, 21.940678029010098 ], [ -98.851810762385625, 21.940708196330736 ], [ -98.860754781619946, 21.940911092295767 ], [ -98.860752074050538, 21.94095679611112 ], [ -98.86071631930993, 21.942248363397667 ], [ -98.860685301919389, 21.943368782424216 ], [ -98.860656920930779, 21.944393951396702 ], [ -98.860620812611373, 21.9456982207825 ], [ -98.860586595504941, 21.946934153081234 ], [ -98.860564196200997, 21.947743209821517 ], [ -98.860532897775741, 21.948873683247793 ], [ -98.860529784159738, 21.948986143405854 ], [ -98.861325665607339, 21.949162013066644 ], [ -98.862077457986985, 21.949328136222611 ], [ -98.862834791263978, 21.949495479881108 ], [ -98.863629606080664, 21.94967110144988 ], [ -98.864338898443279, 21.949827822444643 ], [ -98.865180766292269, 21.950013832107082 ], [ -98.866831385068451, 21.950378520369462 ], [ -98.869296395960347, 21.95092310637262 ], [ -98.869222309412407, 21.95599369064994 ], [ -98.869219054748882, 21.956216562582163 ], [ -98.869215759424023, 21.956441521468186 ], [ -98.869213258849967, 21.956612905811916 ], [ -98.869170927537823, 21.959510167936141 ], [ -98.869156182651622, 21.960519573388826 ], [ -98.868217883080476, 21.960499028426028 ] ] ] } },
{ "type": "Feature", "properties": { "AREA": 11159733.153109999, "PERIMETER": 15942.11896, "NOMBRE": null, "CVE_ESTADO": "24", "CVE_MPIO": "013", "CVE_EJIDO": "041", "CVEIN_CON": "24013041", "CLAVEUNICA": "2414109622170229", "CVE_EDO": "24", "CINA_MUN": "013", "CINA_NA": "042", "CVEMUNIN": "013", "CVENAIN": "041", "NOM_NA": "SAN ANTONIO HUICHIMAL", "X": "99° 8' 10,02\" W", "Y": "21° 56' 42,68\" N", "Acres": null, "Hectares": null, "distancia_km": 3.9471812277079361 }, "geometry": { "type": "Polygon", "coordinates": [ [ [ -99.158728885878801, 21.96001219981466 ], [ -99.157714330771668, 21.964434306863129 ], [ -99.14441476684425, 21.957291254315095 ], [ -99.143672917913221, 21.956892756466324 ], [ -99.143012364201553, 21.956537929983469 ], [ -99.142097999769334, 21.956046762645773 ], [ -99.141098698457881, 21.955509948077097 ], [ -99.140183455644774, 21.955018282848613 ], [ -99.138683675272162, 21.954212585476444 ], [ -99.137164038017204, 21.953396202906937 ], [ -99.135423987979209, 21.952461381704968 ], [ -99.134032628984869, 21.95171387034922 ], [ -99.133513676998717, 21.951435051370154 ], [ -99.132471602937457, 21.950875171221 ], [ -99.131536839772707, 21.9508917508604 ], [ -99.129998066166863, 21.950919031367231 ], [ -99.129997249690689, 21.950919045838297 ], [ -99.128844956390083, 21.950939463462674 ], [ -99.128568648889441, 21.950944359835805 ], [ -99.125396142159971, 21.951000531513358 ], [ -99.124563529004774, 21.951015267882998 ], [ -99.124447508945977, 21.951017315592352 ], [ -99.124348223693502, 21.951019071920271 ], [ -99.123454656172953, 21.951034878736433 ], [ -99.122500976838595, 21.95105173739929 ], [ -99.121445726369245, 21.951070391246706 ], [ -99.120989955067728, 21.95107844305927 ], [ -99.120764277460381, 21.951082430773244 ], [ -99.120415897369028, 21.951088586026074 ], [ -99.12022947096338, 21.95109188466563 ], [ -99.119900421057082, 21.951097690440527 ], [ -99.118881099293091, 21.951115696277419 ], [ -99.118816000132256, 21.951116845589773 ], [ -99.118496053521213, 21.951122488380705 ], [ -99.118066623674252, 21.951130070391184 ], [ -99.117961411318447, 21.951131925781098 ], [ -99.117214959404109, 21.951145099425855 ], [ -99.116438591916364, 21.951158796821566 ], [ -99.115612329713414, 21.951173374919161 ], [ -99.115073774541187, 21.951182868918934 ], [ -99.113672174894177, 21.951207578519778 ], [ -99.113671223253434, 21.951207595293994 ], [ -99.11212441606952, 21.951234851459859 ], [ -99.111987932256852, 21.951237257404781 ], [ -99.109167278455971, 21.940907490232455 ], [ -99.102812753637963, 21.934029483767176 ], [ -99.14005194500659, 21.934540955569897 ], [ -99.158812183942942, 21.938841659156857 ], [ -99.16013667927848, 21.943355756144516 ], [ -99.158728885878801, 21.96001219981466 ] ] ] } },
{ "type": "Feature", "properties": { "AREA": 14676392.889079999, "PERIMETER": 26656.44109, "NOMBRE": null, "CVE_ESTADO": "24", "CVE_MPIO": "036", "CVE_EJIDO": "001", "CVEIN_CON": "24036001", "CLAVEUNICA": "2414109622186866", "CVE_EDO": "24", "CINA_MUN": "036", "CINA_NA": "001", "CVEMUNIN": "036", "CVENAIN": "001", "NOM_NA": "ABRAS DEL COROZO", "X": "99° 16' 30,82\" W", "Y": "21° 55' 55,18\" N", "Acres": null, "Hectares": null, "distancia_km": 3.0862360122562231 }, "geometry": { "type": "Polygon", "coordinates": [ [ [ -99.282577734929902, 21.961312531634402 ], [ -99.28186172822582, 21.96118188068721 ], [ -99.281607427051682, 21.961135477113494 ], [ -99.280637295929992, 21.960608274196904 ], [ -99.279963000989483, 21.960133124372074 ], [ -99.279089280944874, 21.959616887353171 ], [ -99.278656856590274, 21.959446914017565 ], [ -99.278194015482967, 21.959417902697815 ], [ -99.277711854581867, 21.959554336047951 ], [ -99.276786747015791, 21.960018185761705 ], [ -99.276474836848095, 21.960454157624607 ], [ -99.276179643673913, 21.959768589701628 ], [ -99.275260994547111, 21.958825334785061 ], [ -99.274142543314014, 21.957676902036194 ], [ -99.273277271730379, 21.956576193161887 ], [ -99.275120616852163, 21.953240192426207 ], [ -99.276162730517768, 21.951354145616431 ], [ -99.276641427651441, 21.950487767183635 ], [ -99.277089873354242, 21.949097822612302 ], [ -99.278085335594653, 21.946012316182198 ], [ -99.273756821336391, 21.942189240147638 ], [ -99.272491119358421, 21.944991396141916 ], [ -99.272028326594551, 21.946015950102709 ], [ -99.271800041989579, 21.946521332224119 ], [ -99.271563237145557, 21.947045572578052 ], [ -99.270420588712199, 21.949575117862494 ], [ -99.269131671289259, 21.949368273987112 ], [ -99.268310794373264, 21.949108944682973 ], [ -99.267507005779606, 21.948855008967875 ], [ -99.267177742208631, 21.948744573277491 ], [ -99.266671611620268, 21.948488073330388 ], [ -99.265486523340883, 21.948316456652833 ], [ -99.265632432483287, 21.948167521112826 ], [ -99.265693193660184, 21.947933717021026 ], [ -99.265638118295286, 21.947865152033284 ], [ -99.265601400750938, 21.947819441204043 ], [ -99.264856861586637, 21.946892532712315 ], [ -99.263039287300714, 21.944629691493294 ], [ -99.263004625616119, 21.944586537530473 ], [ -99.262844938930257, 21.944594354939547 ], [ -99.262605070498125, 21.944761995218755 ], [ -99.261564726892232, 21.94518299346004 ], [ -99.257074614400011, 21.946844785825075 ], [ -99.25665771584751, 21.947050097400485 ], [ -99.255777430239007, 21.947536472272091 ], [ -99.25504638368119, 21.948033271654481 ], [ -99.254067247296348, 21.948601318672441 ], [ -99.251737815352399, 21.947274456346769 ], [ -99.249676820425421, 21.946283365103177 ], [ -99.249363071456131, 21.946323181287706 ], [ -99.247422897768985, 21.94656938445145 ], [ -99.246482741862508, 21.947082677752473 ], [ -99.245356655456163, 21.947130990399305 ], [ -99.245102308184855, 21.947103669997432 ], [ -99.243408965924317, 21.946551067091207 ], [ -99.242981555267718, 21.946286065274759 ], [ -99.242726297133274, 21.945892092639152 ], [ -99.242952138619088, 21.94409926420234 ], [ -99.244145350849251, 21.942286849860075 ], [ -99.244671230970553, 21.941488053728289 ], [ -99.247768982637425, 21.939736217200956 ], [ -99.248772410717365, 21.939753502505621 ], [ -99.250814481988314, 21.940044555713389 ], [ -99.25098157198714, 21.939975728263608 ], [ -99.252620991505694, 21.938125159088628 ], [ -99.25342924954343, 21.938145995431586 ], [ -99.255238976138131, 21.937210864476388 ], [ -99.256186253760461, 21.936721369656397 ], [ -99.255729881814673, 21.935440950732659 ], [ -99.258805636995234, 21.932752308872868 ], [ -99.257915815232238, 21.929968401356849 ], [ -99.255825408519982, 21.929605929203536 ], [ -99.255848824685316, 21.929480258732578 ], [ -99.256247478784942, 21.927340718153541 ], [ -99.256306911982932, 21.925993533094754 ], [ -99.256530939299992, 21.925098832247279 ], [ -99.256338326040392, 21.924275313961129 ], [ -99.261160178742344, 21.922784655493448 ], [ -99.266236310981526, 21.922174650939056 ], [ -99.267969302919028, 21.921966354027766 ], [ -99.272098695073993, 21.921469954316482 ], [ -99.272205469363357, 21.921457120194461 ], [ -99.274537538664305, 21.921176731796645 ], [ -99.275324992752743, 21.921082043163317 ], [ -99.275452007950406, 21.921066778891685 ], [ -99.275781602575051, 21.921027143002036 ], [ -99.275850400394958, 21.921018869409782 ], [ -99.276249508909515, 21.920970876451111 ], [ -99.276157470498376, 21.920546017321637 ], [ -99.276151980030448, 21.920520657442069 ], [ -99.275782425288938, 21.918814690470725 ], [ -99.275682486431393, 21.918353326406589 ], [ -99.275575192109983, 21.917858004543831 ], [ -99.275232857663099, 21.916277588856254 ], [ -99.275225853443828, 21.916245283867173 ], [ -99.275056442701839, 21.915463172175798 ], [ -99.275007765068423, 21.915238445970228 ], [ -99.274962233095124, 21.915028233064529 ], [ -99.27495580532586, 21.914998574228129 ], [ -99.274660715551576, 21.913636217834075 ], [ -99.274454757903172, 21.912685363979367 ], [ -99.274368991840433, 21.912289376447596 ], [ -99.274193954472395, 21.911481253175047 ], [ -99.274185563600369, 21.911442517801571 ], [ -99.274167326411899, 21.911358327742882 ], [ -99.273936779556379, 21.910293912938823 ], [ -99.273510508602001, 21.908325794582485 ], [ -99.273487378584306, 21.908219007988219 ], [ -99.273475706159729, 21.90816512699967 ], [ -99.272801005125032, 21.905049862380839 ], [ -99.272712611343508, 21.904641726361028 ], [ -99.272704953844439, 21.904606377632145 ], [ -99.272630859737703, 21.90426424269441 ], [ -99.272614841547025, 21.904190275864561 ], [ -99.272554333999963, 21.903910890760827 ], [ -99.27250309567782, 21.90367430524315 ], [ -99.272542818169981, 21.903679325948257 ], [ -99.27297961072, 21.903734481049895 ], [ -99.273322636332736, 21.903777801822958 ], [ -99.273349121269177, 21.903781154846122 ], [ -99.273472394776888, 21.903796715433149 ], [ -99.273666756411913, 21.903821264612713 ], [ -99.273903009832722, 21.903851101366179 ], [ -99.274147339558596, 21.903881954271007 ], [ -99.274181794213803, 21.903886305759233 ], [ -99.274694798879182, 21.903951086679477 ], [ -99.27526250739372, 21.904022776325359 ], [ -99.277034816995865, 21.904246570941112 ], [ -99.278002293304397, 21.90436873157859 ], [ -99.27894561979943, 21.904487828579924 ], [ -99.279061205573825, 21.904502431297022 ], [ -99.279836151693175, 21.904600261093876 ], [ -99.28306539050088, 21.905007908586416 ], [ -99.285815840308302, 21.909895872057746 ], [ -99.286233066547084, 21.910637310819393 ], [ -99.286356940058539, 21.910857430716678 ], [ -99.2863792585308, 21.910897098868816 ], [ -99.286384787127204, 21.910906918873316 ], [ -99.287068202523315, 21.91212137622345 ], [ -99.287362594765852, 21.91264451569873 ], [ -99.289944124106668, 21.917231720152277 ], [ -99.290119384282804, 21.917543140109739 ], [ -99.290615132926902, 21.918424003276019 ], [ -99.29112599844413, 21.91933171589459 ], [ -99.29175459979966, 21.920448621243978 ], [ -99.292388662693284, 21.921575190263095 ], [ -99.292904924917764, 21.922492454814474 ], [ -99.293619744094926, 21.923762479215167 ], [ -99.294331232949389, 21.925026552378405 ], [ -99.294849599981859, 21.925947492544033 ], [ -99.295317330479776, 21.92677846534917 ], [ -99.296559649556755, 21.928985513646573 ], [ -99.296667023316559, 21.92917626533773 ], [ -99.297132792442838, 21.930003721552062 ], [ -99.298100716199016, 21.931723223958777 ], [ -99.298459589666621, 21.932360737616825 ], [ -99.298611249769536, 21.932630152674459 ], [ -99.298936566691751, 21.933208043873737 ], [ -99.301827849829905, 21.936647742981169 ], [ -99.29982739416856, 21.93765420028528 ], [ -99.298284656088086, 21.93843034721333 ], [ -99.294748045740548, 21.94020951909231 ], [ -99.281138418818955, 21.947055029486432 ], [ -99.281001806812512, 21.947123734983087 ], [ -99.279074795873413, 21.948092856500693 ], [ -99.277999796181362, 21.948633473807714 ], [ -99.279283923567647, 21.952190238682288 ], [ -99.27938656758306, 21.952474532904947 ], [ -99.279509999175858, 21.952816401079144 ], [ -99.279834462100141, 21.953715056776549 ], [ -99.280256503964992, 21.954883955753136 ], [ -99.282577734929902, 21.961312531634402 ] ], [ [ -99.273931374024883, 21.941556692954162 ], [ -99.2790017009644, 21.938373872786634 ], [ -99.278201327549027, 21.934732730789509 ], [ -99.278004588263585, 21.933837673938235 ], [ -99.275318079386793, 21.934922295106606 ], [ -99.274188670298514, 21.935237411016502 ], [ -99.274415649328319, 21.936624930896645 ], [ -99.274368407967188, 21.936965865691235 ], [ -99.273867012391364, 21.940584275247463 ], [ -99.273931374024883, 21.941556692954162 ] ] ] } },
{ "type": "Feature", "properties": { "AREA": 2665197.4081299999, "PERIMETER": 8310.16461, "NOMBRE": null, "CVE_ESTADO": "24", "CVE_MPIO": "024", "CVE_EJIDO": "001", "CVEIN_CON": "24024001", "CLAVEUNICA": "2414109622179838", "CVE_EDO": "24", "CINA_MUN": "024", "CINA_NA": "001", "CVEMUNIN": "024", "CVENAIN": "001", "NOM_NA": "ADJUNTAS", "X": "100° 3' 38,96\" W", "Y": "21° 57' 47,35\" N", "Acres": null, "Hectares": null, "distancia_km": 1.3341652311487322 }, "geometry": { "type": "Polygon", "coordinates": [ [ [ -100.067404872034814, 21.970885179828826 ], [ -100.062480178900401, 21.971793418700084 ], [ -100.060840966285042, 21.970379449666478 ], [ -100.060642954042478, 21.970144991445135 ], [ -100.06032699600145, 21.969485736591423 ], [ -100.059775378003962, 21.968334801349673 ], [ -100.059629807046065, 21.967704011427461 ], [ -100.059589759838047, 21.967524937175519 ], [ -100.059508067932413, 21.967341777511074 ], [ -100.059103357714832, 21.966531537608855 ], [ -100.058868895655053, 21.966300211728459 ], [ -100.058555506604321, 21.96616046092749 ], [ -100.058257288677453, 21.966009572803099 ], [ -100.057951780454673, 21.965700645034918 ], [ -100.057538273352932, 21.965352529405077 ], [ -100.057504514750931, 21.96474562400681 ], [ -100.05679718621812, 21.96380412730986 ], [ -100.05668880524243, 21.963655645678859 ], [ -100.056406989361733, 21.963288549104085 ], [ -100.057446959956437, 21.962244972992853 ], [ -100.056879829144663, 21.962554705879498 ], [ -100.056095455125131, 21.962694938502633 ], [ -100.054942274296224, 21.962500732200635 ], [ -100.053850428151307, 21.962078281119261 ], [ -100.053802214307211, 21.962111626035774 ], [ -100.053182564744191, 21.961944009866716 ], [ -100.052038508112872, 21.962708956047702 ], [ -100.050667593777888, 21.963701716904158 ], [ -100.049072874534019, 21.965797216971115 ], [ -100.048865162789426, 21.966434430604693 ], [ -100.048533221874592, 21.966418013975272 ], [ -100.048191327939847, 21.966200005198637 ], [ -100.047430931915869, 21.964747219426226 ], [ -100.046351423133657, 21.963251855580342 ], [ -100.046538547222809, 21.962901528402931 ], [ -100.046745154689916, 21.962514722971541 ], [ -100.047018498003553, 21.962002972850126 ], [ -100.047018510195016, 21.962002950025198 ], [ -100.047096754007725, 21.961856462154952 ], [ -100.048644248457578, 21.958959180277752 ], [ -100.049767489215412, 21.956856123913479 ], [ -100.051053336073338, 21.954448536271247 ], [ -100.060012893359598, 21.957555620455111 ], [ -100.06062758030528, 21.957768764456848 ], [ -100.061311196877057, 21.958005806447989 ], [ -100.061706280069941, 21.958142798674587 ], [ -100.062927946339485, 21.958566394776909 ], [ -100.065058060802158, 21.959304954698233 ], [ -100.065308679303101, 21.959391847569435 ], [ -100.066512865418986, 21.959809348491557 ], [ -100.066612166071636, 21.959843776307899 ], [ -100.069293494588948, 21.960773371027255 ], [ -100.069319056914722, 21.96078223300378 ], [ -100.070394764899277, 21.961155156006892 ], [ -100.070750546461667, 21.961051399846625 ], [ -100.071059326818158, 21.961398050942311 ], [ -100.07144668461693, 21.961540390166192 ], [ -100.07251457328077, 21.961932792230847 ], [ -100.072725767057662, 21.963189512393267 ], [ -100.073385167202574, 21.967113157576488 ], [ -100.073392250053843, 21.967155287494755 ], [ -100.073586727684059, 21.968312439883103 ], [ -100.068919589409035, 21.969576863444935 ], [ -100.067404872034814, 21.970885179828826 ] ] ] } },
{ "type": "Feature", "properties": { "AREA": 7980153.3829600001, "PERIMETER": 14880.90005, "NOMBRE": null, "CVE_ESTADO": "24", "CVE_MPIO": "003", "CVE_EJIDO": "027", "CVEIN_CON": "24003027", "CLAVEUNICA": "2414109622163701", "CVE_EDO": "24", "CINA_MUN": "003", "CINA_NA": "006", "CVEMUNIN": "003", "CVENAIN": "027", "NOM_NA": "EL VERGEL PUERTO DE GUAYMAS", "X": "99° 13' 42,73\" W", "Y": "21° 55' 42,17\" N", "Acres": null, "Hectares": null, "distancia_km": 0.33485711507591681 }, "geometry": { "type": "Polygon", "coordinates": [ [ [ -99.222091453897846, 21.958201309223423 ], [ -99.221893037652237, 21.926188294219003 ], [ -99.221880619632557, 21.925829248868791 ], [ -99.221865263718797, 21.923393143395611 ], [ -99.221845544256894, 21.920264576882559 ], [ -99.221806954623091, 21.914141485992339 ], [ -99.221780644249094, 21.909966236773354 ], [ -99.221775805786848, 21.909198363953347 ], [ -99.22172443720909, 21.904382004392506 ], [ -99.222333270364118, 21.904217273996384 ], [ -99.225674880544972, 21.90331309646762 ], [ -99.228655764814604, 21.902506457854738 ], [ -99.2303749279383, 21.902041217139896 ], [ -99.232269278608015, 21.901528542829066 ], [ -99.233303162555117, 21.901248728708698 ], [ -99.233293906773014, 21.900779548443552 ], [ -99.235741712339916, 21.898990166133395 ], [ -99.235498749475212, 21.909944923556441 ], [ -99.23566228549835, 21.917364969422692 ], [ -99.235234194289561, 21.921337008394726 ], [ -99.235198681832884, 21.931991313933178 ], [ -99.234389790236349, 21.952977665607712 ], [ -99.230864498240607, 21.954475144982897 ], [ -99.22623266283675, 21.956442501196673 ], [ -99.226198643664674, 21.956456950040668 ], [ -99.226130214299474, 21.956486013775535 ], [ -99.226075126496497, 21.956509410971915 ], [ -99.222091453897846, 21.958201309223423 ] ] ] } },
{ "type": "Feature", "properties": { "AREA": 16033287.335340001, "PERIMETER": 21124.24465, "NOMBRE": null, "CVE_ESTADO": "24", "CVE_MPIO": "024", "CVE_EJIDO": "046", "CVEIN_CON": "24024046", "CLAVEUNICA": "2414109622181065", "CVE_EDO": "24", "CINA_MUN": "024", "CINA_NA": "049", "CVEMUNIN": "024", "CVENAIN": "046", "NOM_NA": "SAN MARTIN", "X": "100° 6' 56,90\" W", "Y": "21° 56' 29,40\" N", "Acres": null, "Hectares": null, "distancia_km": 3.6886628433017759 }, "geometry": { "type": "Polygon", "coordinates": [ [ [ -100.104122974957505, 21.970484697558696 ], [ -100.102549287511948, 21.970161254592298 ], [ -100.100564840353954, 21.969753363563939 ], [ -100.098471774920981, 21.969323117899194 ], [ -100.097265777117016, 21.969075202362902 ], [ -100.097114757401741, 21.969044153051868 ], [ -100.096556514549619, 21.96892939551352 ], [ -100.094771018876955, 21.968562326707708 ], [ -100.092960956958308, 21.968190185512682 ], [ -100.091037307586902, 21.967794666965386 ], [ -100.089173564795757, 21.967411441889645 ], [ -100.089090517154602, 21.967394364986241 ], [ -100.090109653202973, 21.963891037530789 ], [ -100.090162559692359, 21.963709164521774 ], [ -100.090496156377128, 21.962562371862326 ], [ -100.091199339240006, 21.960145009032818 ], [ -100.091213548384459, 21.960096160820363 ], [ -100.091905319839029, 21.957717949456558 ], [ -100.093955100498604, 21.950670651253798 ], [ -100.093976086184512, 21.950598497463542 ], [ -100.094663871722688, 21.948233688225116 ], [ -100.095263235582621, 21.94617283764148 ], [ -100.095276465319898, 21.946127347917667 ], [ -100.095961984202944, 21.943770191015947 ], [ -100.095979875158051, 21.943708671964206 ], [ -100.096732480883773, 21.941120749083769 ], [ -100.096748502366111, 21.941065656366415 ], [ -100.097435847656755, 21.938702059018119 ], [ -100.097450379430967, 21.938652087310548 ], [ -100.098153699818553, 21.936233476806244 ], [ -100.098162229828361, 21.936204142935704 ], [ -100.098534479554161, 21.934924001256622 ], [ -100.098880469651391, 21.933734144993661 ], [ -100.099567083636728, 21.931372830695942 ], [ -100.099842798798576, 21.930424605659319 ], [ -100.099891777388635, 21.930256159818228 ], [ -100.101108022677039, 21.926073160184458 ], [ -100.100682586303961, 21.925592764584284 ], [ -100.100567245587357, 21.925462523009937 ], [ -100.099789414424095, 21.924584195266011 ], [ -100.09951879192208, 21.921508960429222 ], [ -100.099499306299393, 21.921287527847845 ], [ -100.100797161501092, 21.920871283907708 ], [ -100.10241223831008, 21.920929517252674 ], [ -100.102867386020478, 21.920945923691622 ], [ -100.104535899849665, 21.921006063212246 ], [ -100.10646431677165, 21.920894310736671 ], [ -100.10990127071554, 21.920497050271663 ], [ -100.111643308148956, 21.920411237659348 ], [ -100.11243239669524, 21.921371872626288 ], [ -100.115016015247036, 21.921464692036082 ], [ -100.115725620258743, 21.922005596697918 ], [ -100.11665144751521, 21.922908055535611 ], [ -100.121534130228881, 21.925113312275915 ], [ -100.126361155995269, 21.926168416347892 ], [ -100.127784691160528, 21.925858858937843 ], [ -100.129297729532169, 21.92612290832308 ], [ -100.13099094729688, 21.927641649898913 ], [ -100.133712448562534, 21.928473813572737 ], [ -100.13531157084465, 21.929234110442152 ], [ -100.135613130441726, 21.929902899060274 ], [ -100.135905675390845, 21.930551695208468 ], [ -100.137988246637278, 21.93217350342751 ], [ -100.139912088820992, 21.932928785621719 ], [ -100.141153482569877, 21.933055437952881 ], [ -100.144796976318389, 21.933427110689355 ], [ -100.145352201300014, 21.93348373928432 ], [ -100.146222137482965, 21.933572462361671 ], [ -100.146381767651661, 21.933810804661547 ], [ -100.146750575167488, 21.934361460248127 ], [ -100.148534092280102, 21.934622681759681 ], [ -100.149104323001595, 21.934461408261903 ], [ -100.150194914866603, 21.93415297119272 ], [ -100.150437007110824, 21.934084502757067 ], [ -100.150488791609362, 21.93405619124028 ], [ -100.15114043450555, 21.933699998226981 ], [ -100.151311692586233, 21.933606378980745 ], [ -100.151366638596883, 21.933576346791966 ], [ -100.152372170190674, 21.933222069205478 ], [ -100.15255423928815, 21.933231533371746 ], [ -100.153327681992025, 21.933271735955032 ], [ -100.153156263671647, 21.934782115933814 ], [ -100.152033293620718, 21.944675745102309 ], [ -100.123848860720884, 21.94664145251722 ], [ -100.117461697986883, 21.947007941676812 ], [ -100.115229826409632, 21.947135941891617 ], [ -100.115079699744214, 21.947144548870053 ], [ -100.114370965375329, 21.947185192763531 ], [ -100.114357095711412, 21.947185982403425 ], [ -100.11371768957693, 21.947222648315147 ], [ -100.113485254692563, 21.947235976135449 ], [ -100.112589235305592, 21.947287348495269 ], [ -100.111685404232176, 21.947339157279178 ], [ -100.110810966718574, 21.947389280913519 ], [ -100.110281463716589, 21.94922700022628 ], [ -100.110179280317155, 21.949581619089965 ], [ -100.110085610913046, 21.949906677303911 ], [ -100.109618673687493, 21.951527224590269 ], [ -100.109314555673507, 21.9525826623432 ], [ -100.109313263809113, 21.952587142595917 ], [ -100.109301278887401, 21.952628731963223 ], [ -100.10906417268427, 21.953451576642735 ], [ -100.108915288316069, 21.953968280028931 ], [ -100.108541606035317, 21.95525629900483 ], [ -100.108523384157721, 21.955319077577617 ], [ -100.108419929880512, 21.955675682288383 ], [ -100.108411941207322, 21.955703197704246 ], [ -100.108021056353962, 21.957050455178262 ], [ -100.107865639893475, 21.957586117642862 ], [ -100.107666439995526, 21.958272725093412 ], [ -100.107535213942086, 21.958724999496596 ], [ -100.107531271306883, 21.958738576167672 ], [ -100.107408568159755, 21.959161100249574 ], [ -100.106879034832346, 21.960986551011974 ], [ -100.106648954058301, 21.961779525803621 ], [ -100.10664128567123, 21.961805964006011 ], [ -100.106431153876187, 21.962530430359653 ], [ -100.106348712785959, 21.962814308975979 ], [ -100.105765790778904, 21.964823249872211 ], [ -100.105735370268405, 21.96492807037972 ], [ -100.10572258900811, 21.964972121942033 ], [ -100.105240545199536, 21.966633364170509 ], [ -100.104871980385568, 21.96790351787671 ], [ -100.104862792722955, 21.967935196554077 ], [ -100.104652170614841, 21.968661028079673 ], [ -100.104122974957505, 21.970484697558696 ] ] ] } },
{ "type": "Feature", "properties": { "AREA": 25648160.32748, "PERIMETER": 33705.62703, "NOMBRE": null, "CVE_ESTADO": "24", "CVE_MPIO": "011", "CVE_EJIDO": "012", "CVEIN_CON": "24011012", "CLAVEUNICA": "2414109622168121", "CVE_EDO": "24", "CINA_MUN": "011", "CINA_NA": "004", "CVEMUNIN": "011", "CVENAIN": "012", "NOM_NA": "EL REFUGIO", "X": "100° 4' 5,90\" W", "Y": "21° 55' 45,76\" N", "Acres": null, "Hectares": null, "distancia_km": 2.3783780263170717 }, "geometry": { "type": "Polygon", "coordinates": [ [ [ -100.089090517154602, 21.967394364986241 ], [ -100.07251457328077, 21.961932792230847 ], [ -100.07144668461693, 21.961540390166192 ], [ -100.071059326818158, 21.961398050942311 ], [ -100.070750546461667, 21.961051399846625 ], [ -100.070394764899277, 21.961155156006892 ], [ -100.069319056914722, 21.96078223300378 ], [ -100.069293494588948, 21.960773371027255 ], [ -100.066612166071636, 21.959843776307899 ], [ -100.066512865418986, 21.959809348491557 ], [ -100.065308679303101, 21.959391847569435 ], [ -100.065058060802158, 21.959304954698233 ], [ -100.062927946339485, 21.958566394776909 ], [ -100.061706280069941, 21.958142798674587 ], [ -100.061311196877057, 21.958005806447989 ], [ -100.06062758030528, 21.957768764456848 ], [ -100.060012893359598, 21.957555620455111 ], [ -100.051053336073338, 21.954448536271247 ], [ -100.053451458535363, 21.948879228889108 ], [ -100.053205929303928, 21.947431954488774 ], [ -100.053637303781997, 21.945424996667771 ], [ -100.057755121938825, 21.947099327613095 ], [ -100.056867631762145, 21.943663280490806 ], [ -100.061514151632792, 21.942379937779059 ], [ -100.061283263398309, 21.939163251217838 ], [ -100.05847377837425, 21.936995264992177 ], [ -100.05805655252739, 21.936548532878717 ], [ -100.055351605008767, 21.934506285444737 ], [ -100.060579249976655, 21.932607223008027 ], [ -100.060388712986295, 21.930164888611721 ], [ -100.060311717366801, 21.929038456673965 ], [ -100.059940772312189, 21.924955451228744 ], [ -100.059080468253299, 21.915859736328073 ], [ -100.059041477959781, 21.915247959927733 ], [ -100.058924039288428, 21.914250515940232 ], [ -100.058450396355198, 21.908085923943734 ], [ -100.054973932118145, 21.908218915917459 ], [ -100.05681409096394, 21.906865626684336 ], [ -100.052087243652679, 21.906974958028851 ], [ -100.050718817702858, 21.907238897424989 ], [ -100.050793248267638, 21.908069515270199 ], [ -100.047009424770735, 21.910853383813873 ], [ -100.04055288042926, 21.909672552022464 ], [ -100.040839748579884, 21.91118160219407 ], [ -100.035247459082711, 21.905516699780446 ], [ -100.034456538790849, 21.907256122335315 ], [ -100.03435448110001, 21.907749098065707 ], [ -100.034174573160286, 21.908188654049276 ], [ -100.025571939064335, 21.903386005291889 ], [ -100.027229153854634, 21.900009591527812 ], [ -100.027501424852559, 21.898547321159711 ], [ -100.02721483047749, 21.896513775499226 ], [ -100.028166712285866, 21.895299984881266 ], [ -100.02854569817093, 21.894906476592251 ], [ -100.02857713506981, 21.894181786003738 ], [ -100.029277967218562, 21.893981631990901 ], [ -100.028967068261139, 21.89199424927169 ], [ -100.0293456923701, 21.891554742900421 ], [ -100.028567172045939, 21.891260925469965 ], [ -100.028087653506489, 21.889780647806138 ], [ -100.069340681878231, 21.896300291607069 ], [ -100.069115326679295, 21.897623697094136 ], [ -100.069092455006015, 21.897758010509769 ], [ -100.068701648292446, 21.900052980367036 ], [ -100.068627674613353, 21.900481650302968 ], [ -100.068614243865397, 21.900559479875952 ], [ -100.068160798240086, 21.903187099079776 ], [ -100.06792283449316, 21.904566013380812 ], [ -100.067915911190767, 21.904606131076203 ], [ -100.067703030593634, 21.905839677071334 ], [ -100.067185708867456, 21.908837242336848 ], [ -100.067172042646718, 21.908916428283828 ], [ -100.067691830685092, 21.910948418908937 ], [ -100.067696123744767, 21.910965201356699 ], [ -100.068155309121877, 21.912760225136971 ], [ -100.068961369883496, 21.915911113014182 ], [ -100.068981993747698, 21.915991729545354 ], [ -100.069807684813071, 21.919219185216519 ], [ -100.069819477469423, 21.919265279078452 ], [ -100.070640714712852, 21.922475159834214 ], [ -100.070651568799633, 21.9225175829317 ], [ -100.071459917523811, 21.925676926356275 ], [ -100.071474791792625, 21.92573505934422 ], [ -100.071826738728177, 21.927110555172625 ], [ -100.074042837210925, 21.926522725202634 ], [ -100.077051295818023, 21.925724663228731 ], [ -100.091549998536479, 21.921877665552778 ], [ -100.092808181062026, 21.9226930347644 ], [ -100.094007637894393, 21.921181847185064 ], [ -100.095127940021598, 21.921285509617785 ], [ -100.099063617947749, 21.921649618998146 ], [ -100.099251921109683, 21.921493124677951 ], [ -100.099499306299393, 21.921287527847845 ], [ -100.09951879192208, 21.921508960429222 ], [ -100.099789414424095, 21.924584195266011 ], [ -100.100567245587357, 21.925462523009937 ], [ -100.100682586303961, 21.925592764584284 ], [ -100.101108022677039, 21.926073160184458 ], [ -100.099891777388635, 21.930256159818228 ], [ -100.099842798798576, 21.930424605659319 ], [ -100.099567083636728, 21.931372830695942 ], [ -100.098880469651391, 21.933734144993661 ], [ -100.098534479554161, 21.934924001256622 ], [ -100.098162229828361, 21.936204142935704 ], [ -100.098153699818553, 21.936233476806244 ], [ -100.097450379430967, 21.938652087310548 ], [ -100.097435847656755, 21.938702059018119 ], [ -100.096748502366111, 21.941065656366415 ], [ -100.096732480883773, 21.941120749083769 ], [ -100.095979875158051, 21.943708671964206 ], [ -100.095961984202944, 21.943770191015947 ], [ -100.095276465319898, 21.946127347917667 ], [ -100.095263235582621, 21.94617283764148 ], [ -100.094663871722688, 21.948233688225116 ], [ -100.093976086184512, 21.950598497463542 ], [ -100.093955100498604, 21.950670651253798 ], [ -100.091905319839029, 21.957717949456558 ], [ -100.091213548384459, 21.960096160820363 ], [ -100.091199339240006, 21.960145009032818 ], [ -100.090496156377128, 21.962562371862326 ], [ -100.090162559692359, 21.963709164521774 ], [ -100.090109653202973, 21.963891037530789 ], [ -100.089090517154602, 21.967394364986241 ] ] ] } },
{ "type": "Feature", "properties": { "AREA": 41080854.494180001, "PERIMETER": 36808.693, "NOMBRE": null, "CVE_ESTADO": "24", "CVE_MPIO": "036", "CVE_EJIDO": "018", "CVEIN_CON": "24036018", "CLAVEUNICA": "2414109622187399", "CVE_EDO": "24", "CINA_MUN": "036", "CINA_NA": "020", "CVEMUNIN": "036", "CVENAIN": "018", "NOM_NA": "TAMASOPO", "X": "99° 19' 54,18\" W", "Y": "21° 53' 45,92\" N", "Acres": null, "Hectares": null, "distancia_km": 2.025029800816589 }, "geometry": { "type": "Polygon", "coordinates": [ [ [ -99.345655089454496, 21.95349693257803 ], [ -99.345082469633752, 21.953202699181123 ], [ -99.344349843644721, 21.95269986732669 ], [ -99.343562594942568, 21.952041084354001 ], [ -99.342098898295063, 21.950496013050589 ], [ -99.342169187802639, 21.950370359334112 ], [ -99.3414467962061, 21.949166821597583 ], [ -99.340198158146251, 21.948287480929107 ], [ -99.339683478032256, 21.948121813840064 ], [ -99.339305305296577, 21.948227982740296 ], [ -99.338309206342899, 21.946720740342794 ], [ -99.33333512759026, 21.939193659570417 ], [ -99.327139684234268, 21.922307736369433 ], [ -99.326730336503019, 21.921199945875074 ], [ -99.324857571596823, 21.916131568819797 ], [ -99.323503054303458, 21.912465513100461 ], [ -99.323356184857587, 21.912067992733526 ], [ -99.322674101346692, 21.910221817638782 ], [ -99.321413071203594, 21.90680848848028 ], [ -99.320424968307194, 21.904133789127272 ], [ -99.319947770775528, 21.902842022440424 ], [ -99.319260716473522, 21.900982135902716 ], [ -99.316779017392548, 21.894263613232241 ], [ -99.313484248033561, 21.885342867867458 ], [ -99.312325553857406, 21.882205356829761 ], [ -99.305082135430013, 21.884365090165069 ], [ -99.305030940794083, 21.884380353247852 ], [ -99.298848199568766, 21.88622352474226 ], [ -99.294101533893596, 21.887638390488231 ], [ -99.293305101956236, 21.887875771398623 ], [ -99.291102059782574, 21.888532376102567 ], [ -99.289287053255009, 21.889073302291429 ], [ -99.287738532367911, 21.889534788791916 ], [ -99.286914928448383, 21.889780230138971 ], [ -99.286585870251514, 21.888843289745548 ], [ -99.286464366121706, 21.888497323392933 ], [ -99.285585667536495, 21.885995295881539 ], [ -99.283715509875648, 21.880669875986445 ], [ -99.283988307268984, 21.880411575387654 ], [ -99.284147216088542, 21.88026110945054 ], [ -99.287772480549648, 21.87682832947926 ], [ -99.289433608492629, 21.875255310884356 ], [ -99.289839335535561, 21.874855783821737 ], [ -99.293798257875707, 21.870957189605921 ], [ -99.296864453774617, 21.86793750759065 ], [ -99.299089538608598, 21.865746062080927 ], [ -99.299269249356968, 21.865569064018818 ], [ -99.301434843409709, 21.863436109438588 ], [ -99.304858841810983, 21.860063530095363 ], [ -99.304957700255272, 21.859966152833191 ], [ -99.307443558903245, 21.857517476729029 ], [ -99.307535168213207, 21.857427235371809 ], [ -99.307574453472071, 21.857388536688433 ], [ -99.315897238597771, 21.848173927920868 ], [ -99.316955608958793, 21.847838771065291 ], [ -99.317322074024858, 21.848657673197362 ], [ -99.317717445339412, 21.849541157517656 ], [ -99.324003858118346, 21.847847145530785 ], [ -99.325029527831916, 21.847570729832281 ], [ -99.332450182581383, 21.845651960038669 ], [ -99.3352153849129, 21.844936859272796 ], [ -99.338785808116285, 21.84401344381352 ], [ -99.338928480360451, 21.843976542766576 ], [ -99.338986771003377, 21.84396146631223 ], [ -99.339448365905582, 21.843842077282854 ], [ -99.339487719456613, 21.843831898630548 ], [ -99.343081161925852, 21.842902422319636 ], [ -99.341593459420125, 21.84713479673438 ], [ -99.341412866477, 21.847648549132053 ], [ -99.340905327533605, 21.849092379960684 ], [ -99.340546276571189, 21.850113778643355 ], [ -99.339475585450742, 21.853159503207852 ], [ -99.339106482407871, 21.854209435242787 ], [ -99.339089849776414, 21.854256747217818 ], [ -99.338688845184677, 21.855397405945251 ], [ -99.337242450368635, 21.859511523801949 ], [ -99.336984436989241, 21.860245389967375 ], [ -99.335437359093987, 21.864645572392313 ], [ -99.332991036983188, 21.871602803549056 ], [ -99.331259918572911, 21.876525603648634 ], [ -99.331006774995288, 21.878401317386157 ], [ -99.333334920740626, 21.882145799845503 ], [ -99.336498765955952, 21.884646305493693 ], [ -99.338608519258472, 21.888037545552709 ], [ -99.352121412806923, 21.886863270379635 ], [ -99.355043601760741, 21.886609182959742 ], [ -99.366873668126431, 21.933378906944956 ], [ -99.366743813615372, 21.934884632167929 ], [ -99.367658362346347, 21.934722035245606 ], [ -99.368333257107054, 21.935971923083791 ], [ -99.367684909532613, 21.936540098593841 ], [ -99.367648720302299, 21.937460095593572 ], [ -99.367478471078272, 21.937987899784638 ], [ -99.362467658269438, 21.938588516767727 ], [ -99.352420219518677, 21.940319109551364 ], [ -99.351850454081259, 21.944420098668292 ], [ -99.351537130062908, 21.945284109562351 ], [ -99.350643074759986, 21.947749464049611 ], [ -99.350146825990052, 21.947956499884505 ], [ -99.347460661371514, 21.950710580286554 ], [ -99.346841241557442, 21.951345640032429 ], [ -99.346698552070521, 21.951758040929636 ], [ -99.346687171508975, 21.952344666031873 ], [ -99.346509577388318, 21.953080810371414 ], [ -99.346172733467611, 21.95337198868474 ], [ -99.34578731091446, 21.953465018419337 ], [ -99.345655089454496, 21.95349693257803 ] ] ] } },
{ "type": "Feature", "properties": { "AREA": 22600702.715440001, "PERIMETER": 27062.89824, "NOMBRE": null, "CVE_ESTADO": "24", "CVE_MPIO": "005", "CVE_EJIDO": "005", "CVEIN_CON": "24005005", "CLAVEUNICA": "2414109622164408", "CVE_EDO": "24", "CINA_MUN": "005", "CINA_NA": "002", "CVEMUNIN": "005", "CVENAIN": "005", "NOM_NA": "EL PANTANO", "X": "99° 46' 20,46\" W", "Y": "21° 55' 17,42\" N", "Acres": null, "Hectares": null, "distancia_km": 3.6284435136649482 }, "geometry": { "type": "Polygon", "coordinates": [ [ [ -99.757982108790955, 21.955592634262992 ], [ -99.758396758181334, 21.96005055497908 ], [ -99.747543734112909, 21.936042907907531 ], [ -99.749765412278293, 21.933494276343165 ], [ -99.749829216143269, 21.933421081023788 ], [ -99.751748617750337, 21.931219111970627 ], [ -99.755657987361388, 21.930757138430931 ], [ -99.755122292097624, 21.925000763791196 ], [ -99.754806166489971, 21.920642556197407 ], [ -99.754725058336334, 21.919411311392814 ], [ -99.754368796661339, 21.912928464799347 ], [ -99.763613265101924, 21.913195649137656 ], [ -99.75959656654075, 21.88906135302733 ], [ -99.759488653983411, 21.888374789765134 ], [ -99.759475893121902, 21.888293601887437 ], [ -99.758849167874786, 21.884306087484347 ], [ -99.765909075227157, 21.887464459971127 ], [ -99.767163980870535, 21.888032383294732 ], [ -99.767235872229136, 21.88806492344273 ], [ -99.768317933268349, 21.88855461263384 ], [ -99.768746635760621, 21.888748615570595 ], [ -99.769525184781259, 21.889100940493421 ], [ -99.774297620943273, 21.891260544171136 ], [ -99.774331020955145, 21.891275654703485 ], [ -99.779439200166053, 21.893586951470752 ], [ -99.779529243382527, 21.89362769343489 ], [ -99.780464602994172, 21.894050889851961 ], [ -99.797025107925492, 21.903155304726404 ], [ -99.799828799726441, 21.931668154355854 ], [ -99.793416451065326, 21.928380660791881 ], [ -99.775604092736785, 21.919246453290274 ], [ -99.778605271262009, 21.946868853106171 ], [ -99.779310388310364, 21.95382609335417 ], [ -99.757982108790955, 21.955592634262992 ] ] ] } },
{ "type": "Feature", "properties": { "AREA": 49032410.809239998, "PERIMETER": 36537.34817, "NOMBRE": null, "CVE_ESTADO": "24", "CVE_MPIO": "024", "CVE_EJIDO": "019", "CVEIN_CON": "24024019", "CLAVEUNICA": "2414109622180925", "CVE_EDO": "24", "CINA_MUN": "024", "CINA_NA": "024", "CVEMUNIN": "024", "CVENAIN": "019", "NOM_NA": "ILDEFONSO TURRUBIARTES", "X": "99° 53' 10,45\" W", "Y": "21° 54' 44,94\" N", "Acres": null, "Hectares": null, "distancia_km": 1.5133156349015318 }, "geometry": { "type": "Polygon", "coordinates": [ [ [ -99.906484205655232, 21.953838341501495 ], [ -99.864070187506996, 21.922626529544175 ], [ -99.84981259019564, 21.912151332990302 ], [ -99.837973606981976, 21.910832568326107 ], [ -99.846846820000167, 21.873045580348332 ], [ -99.853218308545721, 21.871400282393871 ], [ -99.857736672373335, 21.872225323694018 ], [ -99.882576590396397, 21.864929422980808 ], [ -99.894768229751733, 21.877562775938333 ], [ -99.890201086793184, 21.882841751049771 ], [ -99.899101658256541, 21.89581976944406 ], [ -99.896276281026545, 21.897924983740925 ], [ -99.896094506535221, 21.897781640460291 ], [ -99.895090766963705, 21.896990104969372 ], [ -99.894719097065021, 21.896697007228322 ], [ -99.894584025986106, 21.896590490071731 ], [ -99.894123383528878, 21.896326683479547 ], [ -99.893624026945432, 21.896040702979917 ], [ -99.893104241840334, 21.895743020226664 ], [ -99.892623580527996, 21.895467741191606 ], [ -99.891798810647813, 21.8954744051149 ], [ -99.890379586664082, 21.895485862397937 ], [ -99.889737856290694, 21.895491039019536 ], [ -99.889232154370006, 21.895495116582573 ], [ -99.889162461810173, 21.895495678404039 ], [ -99.888574429858764, 21.895500417607927 ], [ -99.887949411513276, 21.895505452596542 ], [ -99.886891536081578, 21.895513969166821 ], [ -99.886679965362035, 21.895515671629983 ], [ -99.886525478262556, 21.896518633750212 ], [ -99.887050311173567, 21.897299708142807 ], [ -99.887250067989655, 21.897596990323571 ], [ -99.887510690670268, 21.897687804890719 ], [ -99.888020067418879, 21.897865296834929 ], [ -99.888513861262467, 21.898037356975845 ], [ -99.889027890804812, 21.898216466110238 ], [ -99.889590230543931, 21.898412406128308 ], [ -99.88934036396337, 21.898832614235594 ], [ -99.889209968086007, 21.899051903789594 ], [ -99.889131827968569, 21.899183313347152 ], [ -99.889094431728921, 21.899246203140525 ], [ -99.889044369578656, 21.899330393281176 ], [ -99.889016609016991, 21.899377078515094 ], [ -99.888736429628807, 21.899848257286283 ], [ -99.890612957434499, 21.900571895707635 ], [ -99.891997156103031, 21.901105660403708 ], [ -99.892539447850481, 21.901419330045169 ], [ -99.893537530314077, 21.901996627404152 ], [ -99.893313775000948, 21.902538995451007 ], [ -99.891417026913203, 21.907136417433115 ], [ -99.890113002847443, 21.910296992609755 ], [ -99.892567422529098, 21.911039108023701 ], [ -99.892741783653847, 21.911007266499031 ], [ -99.892741786022484, 21.911007266066456 ], [ -99.894849429181718, 21.910622356305698 ], [ -99.895675668696299, 21.911043216826791 ], [ -99.896178084857169, 21.911299128576903 ], [ -99.896821043035601, 21.911626623462809 ], [ -99.897448673203598, 21.911946306984973 ], [ -99.898038697855881, 21.912246832579594 ], [ -99.898626355663623, 21.912546149212609 ], [ -99.899191055981447, 21.912833769500903 ], [ -99.899284049625493, 21.912881133894192 ], [ -99.899833395641465, 21.913160930202295 ], [ -99.900546146457458, 21.913523948406482 ], [ -99.900568603050999, 21.913535385915772 ], [ -99.901358878796984, 21.913937883063639 ], [ -99.901372761123696, 21.913944953447981 ], [ -99.903154652704927, 21.914852469816683 ], [ -99.903451883402482, 21.915003846185851 ], [ -99.904832376094276, 21.915706904680242 ], [ -99.928860273995781, 21.927940833216972 ], [ -99.930714967780958, 21.928884922657492 ], [ -99.932490867612842, 21.929788871933031 ], [ -99.934423066533711, 21.930772343419552 ], [ -99.936425712986946, 21.931791633054274 ], [ -99.938216905513499, 21.932703265070089 ], [ -99.943658948606185, 21.935472811983413 ], [ -99.944295103098398, 21.935796542524162 ], [ -99.941453318778215, 21.948590460159917 ], [ -99.914644506147809, 21.959783464792071 ], [ -99.906484205655232, 21.953838341501495 ] ] ] } },
{ "type": "Feature", "properties": { "AREA": 46281704.541490003, "PERIMETER": 48753.24993, "NOMBRE": null, "CVE_ESTADO": "24", "CVE_MPIO": "024", "CVE_EJIDO": "025", "CVEIN_CON": "24024025", "CLAVEUNICA": "2414109622180580", "CVE_EDO": "24", "CINA_MUN": "024", "CINA_NA": "033", "CVEMUNIN": "024", "CVENAIN": "025", "NOM_NA": "ACEQUIA SALADA", "X": "99° 55' 21,63\" W", "Y": "21° 53' 31,79\" N", "Acres": null, "Hectares": null, "distancia_km": 1.84234872267905 }, "geometry": { "type": "Polygon", "coordinates": [ [ [ -99.952674183455855, 21.956835862969591 ], [ -99.947133447255794, 21.95982893927188 ], [ -99.941453318778215, 21.948590460159917 ], [ -99.944295103098398, 21.935796542524162 ], [ -99.94466663410455, 21.933701197079021 ], [ -99.945043253795887, 21.931577096070161 ], [ -99.9456002473909, 21.928435598097902 ], [ -99.946020549697124, 21.926064969774785 ], [ -99.946650811540664, 21.922509975103821 ], [ -99.946702321132292, 21.922219427977044 ], [ -99.946710625769896, 21.922172584396197 ], [ -99.947197808377581, 21.919424507776963 ], [ -99.947297362366626, 21.918862936617447 ], [ -99.946613821779934, 21.918758407437853 ], [ -99.944455724478061, 21.918428364625228 ], [ -99.942506313057436, 21.918130210806691 ], [ -99.940704833013314, 21.917854660645098 ], [ -99.940657936167469, 21.917847487134033 ], [ -99.935846560239781, 21.917111446313257 ], [ -99.935274756225454, 21.91702396222205 ], [ -99.933726626013325, 21.916787092923556 ], [ -99.931029140811759, 21.916374331393584 ], [ -99.931584596050087, 21.912996379459198 ], [ -99.931638489128247, 21.912668625882446 ], [ -99.931658779642788, 21.912545227708183 ], [ -99.931684650798971, 21.912387890197664 ], [ -99.931696366419885, 21.91231664060836 ], [ -99.931722310912136, 21.912158856647423 ], [ -99.931820923773515, 21.911559130071499 ], [ -99.932887908752349, 21.905069838892878 ], [ -99.932167882154246, 21.905316186630991 ], [ -99.922271315181362, 21.90870176747109 ], [ -99.921337535505188, 21.909021171633924 ], [ -99.921115340187953, 21.909097173710233 ], [ -99.921046956035227, 21.90912056448564 ], [ -99.920823589008052, 21.909196966849866 ], [ -99.920691883760398, 21.909242016258382 ], [ -99.913573368115465, 21.911676687510656 ], [ -99.907613488082049, 21.905146936236935 ], [ -99.907607491366704, 21.905140365705968 ], [ -99.907321771861675, 21.904827305197603 ], [ -99.907283279510082, 21.904785129297842 ], [ -99.907024300277598, 21.904501365987091 ], [ -99.906568345753598, 21.904001773182141 ], [ -99.903208609166185, 21.90032033322148 ], [ -99.903152790056581, 21.900259167039653 ], [ -99.902515350983009, 21.899560660638926 ], [ -99.901377782410492, 21.898314087992716 ], [ -99.899101658256541, 21.89581976944406 ], [ -99.890201086793184, 21.882841751049771 ], [ -99.894768229751733, 21.877562775938333 ], [ -99.882576590396397, 21.864929422980808 ], [ -99.873422131306228, 21.852468584604402 ], [ -99.864665291236079, 21.852660598706127 ], [ -99.857690404061273, 21.843947484296038 ], [ -99.863183240466626, 21.84157460842615 ], [ -99.863394293346332, 21.841483429559439 ], [ -99.863976919144207, 21.841231722129823 ], [ -99.865387372374428, 21.84062236262454 ], [ -99.866959010755835, 21.839943346072548 ], [ -99.868848685291312, 21.839126895983583 ], [ -99.871174056468604, 21.838122157464031 ], [ -99.87368667040748, 21.837036463688356 ], [ -99.874344432457576, 21.837615126934875 ], [ -99.87479130647823, 21.838008258100395 ], [ -99.875122761323794, 21.838299848630822 ], [ -99.875243476641288, 21.838406044957068 ], [ -99.875284331290587, 21.838441985771073 ], [ -99.875473240512292, 21.83860817336522 ], [ -99.875680751385957, 21.838790724529623 ], [ -99.875977106869527, 21.839051432652322 ], [ -99.876272332927314, 21.83931114569187 ], [ -99.876811820750689, 21.839785734124696 ], [ -99.877128210372518, 21.840064060315161 ], [ -99.877491014603407, 21.84038321504665 ], [ -99.878646487734059, 21.841399656359545 ], [ -99.879806732171247, 21.842420271625219 ], [ -99.879870615018604, 21.842476465839077 ], [ -99.880873863685053, 21.843358959035829 ], [ -99.882272231385613, 21.844588983918378 ], [ -99.883146972643416, 21.843846127851403 ], [ -99.897824174166502, 21.850205365298343 ], [ -99.907055382668716, 21.854385952848578 ], [ -99.908548916652819, 21.854850897557213 ], [ -99.920084551322134, 21.855428582847956 ], [ -99.951441421596968, 21.893257654653169 ], [ -99.950023380258713, 21.893436077384106 ], [ -99.949677055021141, 21.895924615512214 ], [ -99.948484828963558, 21.90495681820984 ], [ -99.948278994328362, 21.905809721062788 ], [ -99.950601723380572, 21.906456718849597 ], [ -99.952359603818081, 21.907693205333917 ], [ -99.953980607669351, 21.908676905874334 ], [ -99.957334996528658, 21.908271806631657 ], [ -99.959414526527439, 21.909668109961324 ], [ -99.96117950484701, 21.909764531806196 ], [ -99.963925084594052, 21.911088963363916 ], [ -99.965044534707204, 21.912972741148952 ], [ -99.965358261432613, 21.916690633930052 ], [ -99.965023764976891, 21.920525234826204 ], [ -99.963009115022373, 21.92039795428294 ], [ -99.962767199053999, 21.921898968949005 ], [ -99.962410365262372, 21.923545194621976 ], [ -99.964290091186299, 21.92390681741734 ], [ -99.964341945710188, 21.924274638604274 ], [ -99.964718811783371, 21.924712823289688 ], [ -99.965203026402648, 21.925003579187546 ], [ -99.966031786290429, 21.92527423807357 ], [ -99.967366517624754, 21.925973276850183 ], [ -99.968223212470079, 21.92670899636509 ], [ -99.96884764472756, 21.927373812493617 ], [ -99.969275723525186, 21.927678438148309 ], [ -99.970249217744112, 21.928359252773198 ], [ -99.971085767113038, 21.928932469652032 ], [ -99.97202041371655, 21.929649643574205 ], [ -99.9727621669238, 21.930476351943977 ], [ -99.973348162662646, 21.931177508331832 ], [ -99.973237018915782, 21.931918927846851 ], [ -99.972854854047981, 21.932716151608297 ], [ -99.972451889679576, 21.933260554661345 ], [ -99.971585739884389, 21.934078715195145 ], [ -99.971202380381129, 21.934659131734719 ], [ -99.971243684691217, 21.935038305043584 ], [ -99.971345043204494, 21.935706193304554 ], [ -99.971581222646734, 21.936264884033417 ], [ -99.972204859801579, 21.936803222975321 ], [ -99.972554892744654, 21.937017956358456 ], [ -99.972986789986194, 21.936997335693658 ], [ -99.972844306384346, 21.939224970448429 ], [ -99.972857869742015, 21.941219075930352 ], [ -99.971971220734105, 21.9409804157544 ], [ -99.970641030751295, 21.940717267689813 ], [ -99.969053218994461, 21.940259143247459 ], [ -99.969184530576982, 21.940703279173043 ], [ -99.969504963954165, 21.941550547199913 ], [ -99.96983573303622, 21.942221604407184 ], [ -99.970237308240627, 21.943023237191507 ], [ -99.971474195066364, 21.944971710043443 ], [ -99.971908490679866, 21.945470514896172 ], [ -99.972741114908445, 21.946217268624647 ], [ -99.972328653326684, 21.947313281364632 ], [ -99.96902672895159, 21.945956784870948 ], [ -99.965944233457662, 21.951818876863186 ], [ -99.963012319253153, 21.950414675978958 ], [ -99.960415062502506, 21.949296912614873 ], [ -99.958949220999642, 21.949924688556074 ], [ -99.957276075477012, 21.95109447691803 ], [ -99.956283586422614, 21.9526529725158 ], [ -99.952918582325736, 21.956305207444135 ], [ -99.952674183455855, 21.956835862969591 ] ], [ [ -99.954648684002578, 21.927615593524443 ], [ -99.956870898594502, 21.930439137402477 ], [ -99.959743886363171, 21.924647146469187 ], [ -99.958431221732468, 21.923673769629275 ], [ -99.959239134000157, 21.919640396902075 ], [ -99.955079980429119, 21.916882314416583 ], [ -99.954309250601838, 21.920973093279748 ], [ -99.952222432942975, 21.926013379167266 ], [ -99.954648684002578, 21.927615593524443 ] ] ] } },
{ "type": "Feature", "properties": { "AREA": 185453553.33917001, "PERIMETER": 78724.40023, "NOMBRE": null, "CVE_ESTADO": "24", "CVE_MPIO": "036", "CVE_EJIDO": "009", "CVEIN_CON": "24036009", "CLAVEUNICA": "2414109622187175", "CVE_EDO": "24", "CINA_MUN": "036", "CINA_NA": "012", "CVEMUNIN": "036", "CVENAIN": "009", "NOM_NA": "LA PALMA", "X": "99° 29' 19,15\" W", "Y": "21° 52' 47,22\" N", "Acres": null, "Hectares": null, "distancia_km": 1.0335731910801995 }, "geometry": { "type": "Polygon", "coordinates": [ [ [ -99.455770169882243, 21.950788037912925 ], [ -99.454270053469529, 21.950415834136862 ], [ -99.453329909034451, 21.949623757089288 ], [ -99.451379858776988, 21.949753061469064 ], [ -99.449929863178298, 21.94725296750002 ], [ -99.450279053094206, 21.944863620133155 ], [ -99.452002786720769, 21.941993858144588 ], [ -99.452047467825722, 21.941350058558971 ], [ -99.451538259377131, 21.94061996945236 ], [ -99.444033776292116, 21.936054946170291 ], [ -99.441773593757873, 21.932246270769983 ], [ -99.439198929826276, 21.927939561683292 ], [ -99.437189593003225, 21.926871574010303 ], [ -99.436001043627755, 21.926249355718241 ], [ -99.429413724147494, 21.921394119769083 ], [ -99.417299742050062, 21.912775521151808 ], [ -99.411096890386403, 21.908843976634991 ], [ -99.409799908729724, 21.908036328623378 ], [ -99.406114159823488, 21.896929336496182 ], [ -99.403627430594426, 21.8891205038456 ], [ -99.405645158722194, 21.887927510380958 ], [ -99.408215556333985, 21.886401791721553 ], [ -99.417664373208723, 21.882843773682989 ], [ -99.420484545545321, 21.881032897058333 ], [ -99.422216435048597, 21.879509584901964 ], [ -99.424476391284983, 21.877128973554139 ], [ -99.425311066094679, 21.876401483699322 ], [ -99.425409335484005, 21.875413103810793 ], [ -99.423823391471416, 21.871012984153921 ], [ -99.423211426371154, 21.867612572184818 ], [ -99.421948122952088, 21.862030836311327 ], [ -99.423420566245312, 21.860539281521888 ], [ -99.423310884469473, 21.859422146705594 ], [ -99.422449784327583, 21.8582740483794 ], [ -99.42208466558435, 21.855865659201339 ], [ -99.422712577836961, 21.850844665989534 ], [ -99.421916761562485, 21.848385693815203 ], [ -99.419286131602874, 21.84379035702058 ], [ -99.418820290890849, 21.842577397489293 ], [ -99.417798061082038, 21.838482296967971 ], [ -99.418611268792091, 21.837478496352706 ], [ -99.421606973866218, 21.836359773098938 ], [ -99.424108815313986, 21.835316306114461 ], [ -99.425918558011901, 21.834438061572374 ], [ -99.427376744732314, 21.834096816168564 ], [ -99.431151381235367, 21.833768481795342 ], [ -99.434802945662639, 21.828319084241038 ], [ -99.438203820915973, 21.823200620568862 ], [ -99.442532702216198, 21.830045401098506 ], [ -99.445586488606054, 21.832274779710193 ], [ -99.450014591391835, 21.833966196866285 ], [ -99.455001516729226, 21.834271213672565 ], [ -99.457073203787914, 21.834143170776372 ], [ -99.459320957845279, 21.83682410983355 ], [ -99.462880692726827, 21.837988450270117 ], [ -99.46658043770887, 21.839821437278996 ], [ -99.470073851749461, 21.840352168998322 ], [ -99.47153896976414, 21.841506231607191 ], [ -99.471973788900328, 21.840164643625137 ], [ -99.473286122766297, 21.838601983529401 ], [ -99.474552515546137, 21.83779815882923 ], [ -99.476422627447306, 21.837000522198618 ], [ -99.477055066804951, 21.832474118293518 ], [ -99.477003078463966, 21.830609805418934 ], [ -99.475982533231786, 21.827285942679971 ], [ -99.475296679665917, 21.825886815266987 ], [ -99.473991496220208, 21.822675060098213 ], [ -99.474017245608806, 21.821536346533264 ], [ -99.478603006011085, 21.817154072821303 ], [ -99.479092929636622, 21.816353758042204 ], [ -99.479595828125468, 21.814449111321863 ], [ -99.484918728484402, 21.818622302881298 ], [ -99.486464388460618, 21.819201821399375 ], [ -99.487748044522959, 21.819007831362274 ], [ -99.493185407868566, 21.817625096212176 ], [ -99.494500915499344, 21.816810119372427 ], [ -99.494900896029051, 21.816319475922885 ], [ -99.493908007616753, 21.814825270791204 ], [ -99.492297738408752, 21.812392890853982 ], [ -99.491593205482985, 21.810475924748438 ], [ -99.490386810078604, 21.809336171336994 ], [ -99.489188987826438, 21.80851863061579 ], [ -99.489299233306497, 21.807518835189423 ], [ -99.489796410799528, 21.807144242508855 ], [ -99.491966454064666, 21.808052208336552 ], [ -99.493721577726632, 21.808622288512581 ], [ -99.494331625287273, 21.808076257624741 ], [ -99.496831631984193, 21.808159165090366 ], [ -99.499404483342218, 21.808334810918662 ], [ -99.500949117023552, 21.80793627866603 ], [ -99.50203017345072, 21.807141881261117 ], [ -99.503289409081191, 21.805854572190825 ], [ -99.503717165283319, 21.805088074341537 ], [ -99.505202491864793, 21.801294992255674 ], [ -99.5052851228332, 21.799478069729453 ], [ -99.504805667126007, 21.797264307864033 ], [ -99.504416713015473, 21.794683304316791 ], [ -99.503550868178564, 21.791798353777843 ], [ -99.502519692015156, 21.788301969307685 ], [ -99.501162961871856, 21.784204029031962 ], [ -99.50206056250191, 21.78328122380892 ], [ -99.502439219674528, 21.781432778771929 ], [ -99.499892548142242, 21.78116539235976 ], [ -99.498937091102576, 21.780707019763287 ], [ -99.498568391969812, 21.779575807530861 ], [ -99.494224578148646, 21.777092672046798 ], [ -99.493876132025548, 21.776341313508407 ], [ -99.493989564039069, 21.77400698222436 ], [ -99.493788357983931, 21.768022409802438 ], [ -99.493913298131758, 21.765757222616571 ], [ -99.496288901367407, 21.762709572225479 ], [ -99.497103948440497, 21.761463819660303 ], [ -99.497937717981088, 21.759666019856834 ], [ -99.497763571558792, 21.758755368022076 ], [ -99.497211833267457, 21.757484231389558 ], [ -99.495789797229307, 21.757976000621984 ], [ -99.493870372865572, 21.757818425288981 ], [ -99.49341917049361, 21.757434173233879 ], [ -99.493247499583958, 21.75525800385153 ], [ -99.492510399175003, 21.755100936391873 ], [ -99.490507101955785, 21.754746883617468 ], [ -99.489822489587269, 21.754314221755298 ], [ -99.489132755370008, 21.75221329507092 ], [ -99.48644156414781, 21.748807964899079 ], [ -99.485551307307304, 21.74540406843872 ], [ -99.486522656728582, 21.743194259895084 ], [ -99.4878744132522, 21.741855546105189 ], [ -99.490366437770106, 21.741034323299626 ], [ -99.492673413514296, 21.741205368081967 ], [ -99.494045614765199, 21.74153611218377 ], [ -99.498119235416908, 21.745039085020327 ], [ -99.503029095598734, 21.747725025957152 ], [ -99.518985368706623, 21.802949542465726 ], [ -99.521428484403444, 21.811447888031395 ], [ -99.520599970073363, 21.814959624891689 ], [ -99.522430730840668, 21.824021843460581 ], [ -99.536931434792251, 21.845725547489149 ], [ -99.537410974569696, 21.846443153877097 ], [ -99.538203690742591, 21.847629393197341 ], [ -99.540574383581742, 21.851176810857233 ], [ -99.541460447735091, 21.852502629499956 ], [ -99.54192323291872, 21.853195083472418 ], [ -99.571512027569028, 21.937364209224878 ], [ -99.57139541043405, 21.940050461631316 ], [ -99.54952253126487, 21.939841317238205 ], [ -99.548869023855204, 21.939835023717325 ], [ -99.544425138820543, 21.938844872201173 ], [ -99.537292246741572, 21.93725529578014 ], [ -99.52447818048752, 21.937438900593346 ], [ -99.519976922153646, 21.937474577382435 ], [ -99.518548712479628, 21.93835767555737 ], [ -99.518233999618175, 21.938918255817761 ], [ -99.515886457073506, 21.939674119192912 ], [ -99.515066588026201, 21.939841465385882 ], [ -99.51453759308869, 21.939732629154488 ], [ -99.51278371429575, 21.941049591834169 ], [ -99.512502386358335, 21.941921119840533 ], [ -99.511333200227895, 21.94194232350582 ], [ -99.510488073516456, 21.942292073150398 ], [ -99.51012293846199, 21.942944169408936 ], [ -99.509626535823912, 21.944285221633798 ], [ -99.508893871238826, 21.944726542400971 ], [ -99.506875654014394, 21.945431046404725 ], [ -99.505825043862146, 21.945639064381769 ], [ -99.505342910264602, 21.946290356940928 ], [ -99.50305703733892, 21.946128892773128 ], [ -99.501994218837197, 21.946325258903947 ], [ -99.501095487513709, 21.947259568231402 ], [ -99.499817031112713, 21.947971451094325 ], [ -99.496331079283991, 21.947625584369245 ], [ -99.494792835517885, 21.947345403376872 ], [ -99.493718751413766, 21.950624837209627 ], [ -99.492582570648693, 21.950762877064868 ], [ -99.490796776730946, 21.948443831887353 ], [ -99.489260280233836, 21.94801405677207 ], [ -99.488576854640371, 21.94845578956004 ], [ -99.488419478504639, 21.949259512753642 ], [ -99.488643011726808, 21.950182155020713 ], [ -99.487628523491836, 21.95045945328334 ], [ -99.486690707185687, 21.950507433377286 ], [ -99.485583681295225, 21.950837209532096 ], [ -99.484562123882512, 21.951141517223625 ], [ -99.483105006561047, 21.948146961175993 ], [ -99.480613136945749, 21.948213560019777 ], [ -99.479116398237736, 21.948600924872352 ], [ -99.477575083619385, 21.949632080168342 ], [ -99.476077769979128, 21.949018507739225 ], [ -99.475208791201524, 21.948457380821743 ], [ -99.473889815948937, 21.948409343493211 ], [ -99.469854118025935, 21.949713945361086 ], [ -99.468032426964541, 21.94941909399035 ], [ -99.466804193937733, 21.950039204640127 ], [ -99.4650747454765, 21.950285990054521 ], [ -99.463099662658607, 21.948367342927035 ], [ -99.462354407708105, 21.946737488230983 ], [ -99.460972467261399, 21.947839164803671 ], [ -99.460165265848019, 21.949349438146299 ], [ -99.458607057164357, 21.948677551220772 ], [ -99.456949546252801, 21.950132988085489 ], [ -99.455770169882243, 21.950788037912925 ] ] ] } },
{ "type": "Feature", "properties": { "AREA": 29513730.435090002, "PERIMETER": 36524.35103, "NOMBRE": null, "CVE_ESTADO": "24", "CVE_MPIO": "036", "CVE_EJIDO": "018", "CVEIN_CON": "24036018", "CLAVEUNICA": "2414109622187399", "CVE_EDO": "24", "CINA_MUN": "036", "CINA_NA": "020", "CVEMUNIN": "036", "CVENAIN": "018", "NOM_NA": "TAMASOPO", "X": "99° 23' 3,51\" W", "Y": "21° 54' 16,18\" N", "Acres": null, "Hectares": null, "distancia_km": 1.5015023922869286 }, "geometry": { "type": "Polygon", "coordinates": [ [ [ -99.404475070387178, 21.943103775987108 ], [ -99.40223354311513, 21.943873652500812 ], [ -99.400853607661347, 21.94076409295398 ], [ -99.399425971295798, 21.937527454988107 ], [ -99.398369429907049, 21.936204582689708 ], [ -99.397556948094973, 21.936092328281063 ], [ -99.396744047790023, 21.935013658857077 ], [ -99.396700128113906, 21.935634165903412 ], [ -99.396445413997142, 21.939232729815856 ], [ -99.389442763719913, 21.94109025639343 ], [ -99.387846033729318, 21.935596738085309 ], [ -99.387361686879387, 21.934878213436832 ], [ -99.386888901112215, 21.931237576687042 ], [ -99.386336320494863, 21.930431151358306 ], [ -99.387105808138372, 21.930282994577638 ], [ -99.387730655710214, 21.930066945434145 ], [ -99.388294254197675, 21.929796844074321 ], [ -99.38872448670854, 21.929874875160639 ], [ -99.389070836797288, 21.930296424252404 ], [ -99.38962413603025, 21.930441917121442 ], [ -99.390242918227244, 21.930345590099833 ], [ -99.390682412509506, 21.930588482930784 ], [ -99.390813333118047, 21.931015049608604 ], [ -99.390941520223066, 21.931398710534239 ], [ -99.391102968394165, 21.931906511642421 ], [ -99.391233791316864, 21.932403098455211 ], [ -99.392762841632987, 21.934827458374677 ], [ -99.393422686784874, 21.936418208578388 ], [ -99.394635357467507, 21.936248166593451 ], [ -99.395264631824574, 21.934859861737618 ], [ -99.394995908384047, 21.934083540290224 ], [ -99.394624901955282, 21.933648522634758 ], [ -99.39420636537524, 21.933078092329481 ], [ -99.393785038951464, 21.932512198246933 ], [ -99.393381155318892, 21.931880743921599 ], [ -99.393118238432606, 21.931553873380054 ], [ -99.392798324016951, 21.930996759773929 ], [ -99.392945603374727, 21.930397875542781 ], [ -99.392779907764933, 21.929790704845427 ], [ -99.392891468638311, 21.929302580088937 ], [ -99.392747170993729, 21.928656962275216 ], [ -99.392749333611221, 21.928245882572352 ], [ -99.392810077253003, 21.927552341146615 ], [ -99.393084122916065, 21.927172246227542 ], [ -99.393345762979592, 21.926821536140622 ], [ -99.393630895154701, 21.926425586866237 ], [ -99.393938577431939, 21.926061212943363 ], [ -99.394243795106291, 21.925818810558855 ], [ -99.394810669890305, 21.925731626396647 ], [ -99.395309722553989, 21.925662664101779 ], [ -99.396050039034179, 21.924985558262435 ], [ -99.395861205937763, 21.924523000506866 ], [ -99.396282713484027, 21.924323226861436 ], [ -99.396903830783657, 21.924172660818765 ], [ -99.397424552908788, 21.924065248656625 ], [ -99.397920444053014, 21.923939820406503 ], [ -99.398462658390741, 21.923832351032129 ], [ -99.398606878198251, 21.924439577154722 ], [ -99.400042483959623, 21.923625243192824 ], [ -99.400662521460006, 21.923404649416828 ], [ -99.400689148808866, 21.922435636052629 ], [ -99.401884910185913, 21.922527583290801 ], [ -99.401813715209741, 21.920894775129899 ], [ -99.400793464984972, 21.920373264821759 ], [ -99.400442512174109, 21.920039844379613 ], [ -99.400091530889, 21.919729009688997 ], [ -99.39956429574444, 21.918919448698283 ], [ -99.399176141362616, 21.918714853696876 ], [ -99.398350748354673, 21.918407424636378 ], [ -99.397775690713516, 21.918329764306264 ], [ -99.397288914418027, 21.918136703643849 ], [ -99.396886666436146, 21.917665622409878 ], [ -99.396777811730161, 21.917026694099381 ], [ -99.396548391416189, 21.916552938127353 ], [ -99.396726674708077, 21.915691969026998 ], [ -99.396865565252455, 21.914837876913044 ], [ -99.395262374465688, 21.914999842744106 ], [ -99.395391983435729, 21.913827307008397 ], [ -99.395313750875772, 21.912668824900738 ], [ -99.395287100023751, 21.912099713402029 ], [ -99.395443606231836, 21.911484991793401 ], [ -99.395600391314915, 21.910831873449464 ], [ -99.395714707304791, 21.910052372796724 ], [ -99.395604613921805, 21.909415712011032 ], [ -99.39556080645886, 21.908769852597946 ], [ -99.395709391951925, 21.908231936359279 ], [ -99.395665947240715, 21.907610921775234 ], [ -99.395303905952034, 21.90667898485664 ], [ -99.394347772592553, 21.909603935271928 ], [ -99.393507824095437, 21.912117534282288 ], [ -99.391879291555085, 21.913517251690866 ], [ -99.391429420923004, 21.912969471161905 ], [ -99.390517415441153, 21.910600084716393 ], [ -99.390170231772061, 21.90988944463858 ], [ -99.389740965278293, 21.909791079812116 ], [ -99.389434169581989, 21.910119307713277 ], [ -99.389326406989824, 21.91075649422671 ], [ -99.389271597279233, 21.911181247812145 ], [ -99.389443774529383, 21.911655149472693 ], [ -99.388914075755295, 21.91179643384913 ], [ -99.389109454000675, 21.912331264788723 ], [ -99.389305363109983, 21.913026464997746 ], [ -99.389481126463764, 21.914604821670366 ], [ -99.390283872254784, 21.914395127323868 ], [ -99.390355144310604, 21.914898626196972 ], [ -99.390174529312944, 21.915235589871799 ], [ -99.389876296291177, 21.915584128011542 ], [ -99.388980539280709, 21.916198334607344 ], [ -99.386908720015143, 21.917510962701648 ], [ -99.385005004355804, 21.918737347341523 ], [ -99.385494873063735, 21.918966577382225 ], [ -99.385981094222771, 21.919103207682426 ], [ -99.389088778816514, 21.919299164193642 ], [ -99.389316569654511, 21.919714212625188 ], [ -99.389589969552546, 21.920020740600126 ], [ -99.387936531745737, 21.920853561673482 ], [ -99.387552353683887, 21.921003534366619 ], [ -99.387796096330277, 21.921373373685597 ], [ -99.388239369922047, 21.921842117469062 ], [ -99.385062044410574, 21.924320522555888 ], [ -99.38259388076392, 21.927384447411022 ], [ -99.383104838474239, 21.927670103783115 ], [ -99.383749157541061, 21.927819927515554 ], [ -99.384312228520514, 21.928952807227692 ], [ -99.382538286148801, 21.92808426114728 ], [ -99.381719140891832, 21.92851258415303 ], [ -99.377364853297109, 21.927648559326119 ], [ -99.374245758665793, 21.928592609366856 ], [ -99.373704694808211, 21.929461100769004 ], [ -99.371297071816556, 21.929711029593296 ], [ -99.369756746407688, 21.930614648484767 ], [ -99.368869564234828, 21.931548383132299 ], [ -99.368464223373223, 21.93240683235955 ], [ -99.367713510057115, 21.93327301928375 ], [ -99.367658362346347, 21.934722035245606 ], [ -99.366743813615372, 21.934884632167929 ], [ -99.366873668126431, 21.933378906944956 ], [ -99.355043601760741, 21.886609182959742 ], [ -99.352657207787672, 21.877170708443067 ], [ -99.384413179145056, 21.876096714955199 ], [ -99.386605563160231, 21.87591317369365 ], [ -99.386800257599248, 21.87589687289919 ], [ -99.392355475278336, 21.875431663846886 ], [ -99.394658806549444, 21.875238720865838 ], [ -99.397251235941965, 21.87502152193321 ], [ -99.403627430594426, 21.8891205038456 ], [ -99.406114159823488, 21.896929336496182 ], [ -99.409799908729724, 21.908036328623378 ], [ -99.412540280865315, 21.916843694769707 ], [ -99.416541606179663, 21.92965103264418 ], [ -99.416130062284111, 21.930352375311859 ], [ -99.413121621510243, 21.930828234702979 ], [ -99.411046661663434, 21.931105289785624 ], [ -99.407926460877093, 21.934166849410254 ], [ -99.406819974145094, 21.9349028625961 ], [ -99.405432348701439, 21.936441204774397 ], [ -99.405716129543876, 21.937433648494405 ], [ -99.405104263452955, 21.939060800445887 ], [ -99.405527260664826, 21.940768028921589 ], [ -99.404475070387178, 21.943103775987108 ] ] ] } },
{ "type": "Feature", "properties": { "AREA": 8859688.09681, "PERIMETER": 15716.13313, "NOMBRE": null, "CVE_ESTADO": "24", "CVE_MPIO": "024", "CVE_EJIDO": "019", "CVEIN_CON": "24024019", "CLAVEUNICA": "2414109622180925", "CVE_EDO": "24", "CINA_MUN": "024", "CINA_NA": "024", "CVEMUNIN": "024", "CVENAIN": "019", "NOM_NA": "ILDEFONSO TURRUBIARTES", "X": "99° 50' 13,80\" W", "Y": "21° 55' 31,66\" N", "Acres": null, "Hectares": null, "distancia_km": 3.1244561235971133 }, "geometry": { "type": "Polygon", "coordinates": [ [ [ -99.831856163663417, 21.948369394644899 ], [ -99.829804004093333, 21.947299173294375 ], [ -99.829765512054095, 21.947279098912887 ], [ -99.82755176128137, 21.946124557740369 ], [ -99.82566791997435, 21.945142035932143 ], [ -99.82282346594954, 21.911002106867137 ], [ -99.837973606981976, 21.910832568326107 ], [ -99.84981259019564, 21.912151332990302 ], [ -99.864070187506996, 21.922626529544175 ], [ -99.86203033539455, 21.924798432399431 ], [ -99.861300664831887, 21.924409476102888 ], [ -99.860759424260308, 21.92484892207446 ], [ -99.857910270915653, 21.925250320772246 ], [ -99.857165979331896, 21.924285658857848 ], [ -99.855696979191165, 21.924175588066568 ], [ -99.853800970434023, 21.925310567739377 ], [ -99.852812570857068, 21.925026095940584 ], [ -99.852061733836166, 21.92552380754098 ], [ -99.852030426835185, 21.926974775106668 ], [ -99.850647878376478, 21.926887392920779 ], [ -99.84148422216721, 21.922001673721425 ], [ -99.836053335561488, 21.950558128850194 ], [ -99.831856163663417, 21.948369394644899 ] ] ] } },
{ "type": "Feature", "properties": { "AREA": 69788843.001450002, "PERIMETER": 40786.03235, "NOMBRE": null, "CVE_ESTADO": "24", "CVE_MPIO": "023", "CVE_EJIDO": "004", "CVEIN_CON": "24023004", "CLAVEUNICA": "2414109622179745", "CVE_EDO": "24", "CINA_MUN": "023", "CINA_NA": "004", "CVEMUNIN": "023", "CVENAIN": "004", "NOM_NA": "ESTANCITA", "X": "99° 35' 48,71\" W", "Y": "21° 54' 13,99\" N", "Acres": null, "Hectares": null, "distancia_km": 2.3304576003622497 }, "geometry": { "type": "Polygon", "coordinates": [ [ [ -99.622257312239469, 21.944333703283977 ], [ -99.620784627052657, 21.944209909232828 ], [ -99.618961954563702, 21.944056676600272 ], [ -99.616331773170728, 21.94383552014688 ], [ -99.61492354493484, 21.94371709290575 ], [ -99.614875786972263, 21.943713076406855 ], [ -99.613528330657033, 21.943599747973288 ], [ -99.612391728214405, 21.943504144750023 ], [ -99.611166876790506, 21.943401109661298 ], [ -99.609580888894158, 21.943267681781613 ], [ -99.609330415345028, 21.943246608218715 ], [ -99.608342227812244, 21.943163463383517 ], [ -99.606907700741303, 21.943042753337402 ], [ -99.605449608337736, 21.942920047285202 ], [ -99.595040807835986, 21.942043709815252 ], [ -99.593144860642454, 21.941884013974921 ], [ -99.57139541043405, 21.940050461631316 ], [ -99.571512027569028, 21.937364209224878 ], [ -99.54192323291872, 21.853195083472418 ], [ -99.544061977269166, 21.85291539956814 ], [ -99.580112056100759, 21.848196798805187 ], [ -99.580442494209819, 21.84815350992713 ], [ -99.580525160190717, 21.848142680204688 ], [ -99.580525173631003, 21.848142678443896 ], [ -99.583691564382235, 21.847727830588958 ], [ -99.583352492791931, 21.883207057299789 ], [ -99.598237251633677, 21.881439616583062 ], [ -99.610800591230856, 21.880017087603626 ], [ -99.627295563855384, 21.878112107614271 ], [ -99.627530493078353, 21.880618930267332 ], [ -99.627952805207315, 21.885124975201951 ], [ -99.629028445081929, 21.889426137216716 ], [ -99.631086056023193, 21.889514340400222 ], [ -99.63102691107909, 21.887326135265262 ], [ -99.633233717128817, 21.891559093572614 ], [ -99.638122756900032, 21.901268120190572 ], [ -99.641898022833303, 21.909114486022663 ], [ -99.646388391072591, 21.918163778629332 ], [ -99.651023278922295, 21.927593886871335 ], [ -99.656046805290259, 21.937648617433666 ], [ -99.659918465021363, 21.945716110068521 ], [ -99.641934591786253, 21.944007270321865 ], [ -99.622257312239469, 21.944333703283977 ] ] ] } },
{ "type": "Feature", "properties": { "AREA": 8146033.4430200001, "PERIMETER": 12900.77241, "NOMBRE": null, "CVE_ESTADO": "24", "CVE_MPIO": "003", "CVE_EJIDO": "018", "CVEIN_CON": "24003018", "CLAVEUNICA": "2414109622163683", "CVE_EDO": "24", "CINA_MUN": "003", "CINA_NA": "005", "CVEMUNIN": "003", "CVENAIN": "018", "NOM_NA": "EL SAUCITO", "X": "99° 12' 28,31\" W", "Y": "21° 54' 55,79\" N", "Acres": null, "Hectares": null, "distancia_km": 1.5020674927907747 }, "geometry": { "type": "Polygon", "coordinates": [ [ [ -99.202083779669834, 21.9380187207075 ], [ -99.201934372926843, 21.936923107401011 ], [ -99.201850347237112, 21.9363069316008 ], [ -99.201790053147221, 21.93586478054441 ], [ -99.201031621340675, 21.930302772909688 ], [ -99.200973484221464, 21.929876401948594 ], [ -99.200620201575674, 21.927285410260858 ], [ -99.200545555614951, 21.926737940649502 ], [ -99.195052605698834, 21.927746365152579 ], [ -99.192318086483382, 21.928248308866138 ], [ -99.193255776549165, 21.925803591239983 ], [ -99.193653869613868, 21.924765678384077 ], [ -99.193830123690617, 21.924306141972732 ], [ -99.193857284862489, 21.924235314727166 ], [ -99.194762764737945, 21.921874448766641 ], [ -99.195574724785402, 21.919757334125695 ], [ -99.195641200326918, 21.919583998206051 ], [ -99.196214137695989, 21.918090083038479 ], [ -99.19668102503914, 21.916872661551658 ], [ -99.197236334142062, 21.915424650386292 ], [ -99.197992894617727, 21.913451799677876 ], [ -99.197823043317058, 21.912905680272807 ], [ -99.197672876982494, 21.912422842616643 ], [ -99.197070899297614, 21.910487227503239 ], [ -99.196247782244541, 21.907840459625607 ], [ -99.196025024093501, 21.907124143366953 ], [ -99.195841671149452, 21.906534544766515 ], [ -99.195536698959401, 21.905553872774451 ], [ -99.194770261203232, 21.90308917552942 ], [ -99.195283522277251, 21.902864526428704 ], [ -99.195394665575648, 21.902815878521938 ], [ -99.198152227744401, 21.901608861018829 ], [ -99.199807236049068, 21.900884414606757 ], [ -99.203617278738676, 21.899216541256617 ], [ -99.207373662514456, 21.897572047267857 ], [ -99.211913053729688, 21.899712479845508 ], [ -99.215878590920312, 21.903526707389382 ], [ -99.215878774057103, 21.90352688353164 ], [ -99.21773061492992, 21.905307964802837 ], [ -99.218361437145546, 21.905914680365239 ], [ -99.218960510832531, 21.906490835406746 ], [ -99.221775805786848, 21.909198363953347 ], [ -99.221780644249094, 21.909966236773354 ], [ -99.221806954623091, 21.914141485992339 ], [ -99.221845544256894, 21.920264576882559 ], [ -99.221865263718797, 21.923393143395611 ], [ -99.221880619632557, 21.925829248868791 ], [ -99.216338070332654, 21.927066977782406 ], [ -99.212286156622582, 21.927971695282814 ], [ -99.212260030760845, 21.927977529223178 ], [ -99.207052997396246, 21.930240415668038 ], [ -99.206698842837341, 21.930479991354872 ], [ -99.20664825687453, 21.930514211220927 ], [ -99.206330483767971, 21.930729174336985 ], [ -99.206314486289926, 21.930755827991341 ], [ -99.206074958023279, 21.931154908500172 ], [ -99.206050906188622, 21.93119498136733 ], [ -99.205781993706537, 21.931643015865184 ], [ -99.205756370827288, 21.931685705919097 ], [ -99.20549431260703, 21.932122317126332 ], [ -99.20523807588043, 21.932549224788069 ], [ -99.205191347437278, 21.932627078941699 ], [ -99.204964418951093, 21.933005153935824 ], [ -99.204939488174603, 21.933046691498841 ], [ -99.204696678060884, 21.933451224941656 ], [ -99.204672441304254, 21.933491604410374 ], [ -99.204460340043937, 21.93384496937626 ], [ -99.204447105239993, 21.933867021221779 ], [ -99.204201328978428, 21.934276492375471 ], [ -99.204023270473115, 21.934573140859044 ], [ -99.203752315657709, 21.935776063153956 ], [ -99.203469876123407, 21.936171803073947 ], [ -99.203336440421339, 21.936358767497101 ], [ -99.203312747914879, 21.936383243010422 ], [ -99.203149926880229, 21.936551444035068 ], [ -99.203088293683976, 21.936615114579933 ], [ -99.202780417986133, 21.936933160224715 ], [ -99.202419106898489, 21.937306409102529 ], [ -99.202083779669834, 21.9380187207075 ] ] ] } },
{ "type": "Feature", "properties": { "AREA": 16841239.530099999, "PERIMETER": 16461.76266, "NOMBRE": null, "CVE_ESTADO": "24", "CVE_MPIO": "036", "CVE_EJIDO": "011", "CVEIN_CON": "24036011", "CLAVEUNICA": "2414109622187232", "CVE_EDO": "24", "CINA_MUN": "036", "CINA_NA": "014", "CVEMUNIN": "036", "CVENAIN": "011", "NOM_NA": "RANCHO NUEVO", "X": "99° 18' 13,76\" W", "Y": "21° 54' 28,55\" N", "Acres": null, "Hectares": null, "distancia_km": 0.18370465807420922 }, "geometry": { "type": "Polygon", "coordinates": [ [ [ -99.301827849829905, 21.936647742981169 ], [ -99.298936566691751, 21.933208043873737 ], [ -99.298611249769536, 21.932630152674459 ], [ -99.298459589666621, 21.932360737616825 ], [ -99.298100716199016, 21.931723223958777 ], [ -99.297132792442838, 21.930003721552062 ], [ -99.296667023316559, 21.92917626533773 ], [ -99.296559649556755, 21.928985513646573 ], [ -99.295317330479776, 21.92677846534917 ], [ -99.294849599981859, 21.925947492544033 ], [ -99.294331232949389, 21.925026552378405 ], [ -99.293619744094926, 21.923762479215167 ], [ -99.292904924917764, 21.922492454814474 ], [ -99.292388662693284, 21.921575190263095 ], [ -99.29175459979966, 21.920448621243978 ], [ -99.29112599844413, 21.91933171589459 ], [ -99.290615132926902, 21.918424003276019 ], [ -99.290119384282804, 21.917543140109739 ], [ -99.289944124106668, 21.917231720152277 ], [ -99.287362594765852, 21.91264451569873 ], [ -99.287068202523315, 21.91212137622345 ], [ -99.286384787127204, 21.910906918873316 ], [ -99.2863792585308, 21.910897098868816 ], [ -99.286356940058539, 21.910857430716678 ], [ -99.286233066547084, 21.910637310819393 ], [ -99.285815840308302, 21.909895872057746 ], [ -99.28306539050088, 21.905007908586416 ], [ -99.282259450705368, 21.903499648404402 ], [ -99.282251978200279, 21.903485657598498 ], [ -99.282073212131621, 21.90315110586554 ], [ -99.282042700442034, 21.903094014343278 ], [ -99.279944224122829, 21.89916665243112 ], [ -99.281384115509567, 21.897227892753975 ], [ -99.282307212576413, 21.89598493998237 ], [ -99.282586451003084, 21.895608937651957 ], [ -99.283011557595415, 21.895036515820607 ], [ -99.283126501569157, 21.894881736129292 ], [ -99.283161433671467, 21.89483469611562 ], [ -99.285618789315748, 21.891525665570171 ], [ -99.286131120025388, 21.890835742835947 ], [ -99.286914928448383, 21.889780230138971 ], [ -99.287738532367911, 21.889534788791916 ], [ -99.289287053255009, 21.889073302291429 ], [ -99.291102059782574, 21.888532376102567 ], [ -99.293305101956236, 21.887875771398623 ], [ -99.294101533893596, 21.887638390488231 ], [ -99.298848199568766, 21.88622352474226 ], [ -99.305030940794083, 21.884380353247852 ], [ -99.305082135430013, 21.884365090165069 ], [ -99.312325553857406, 21.882205356829761 ], [ -99.313484248033561, 21.885342867867458 ], [ -99.316779017392548, 21.894263613232241 ], [ -99.319260716473522, 21.900982135902716 ], [ -99.319947770775528, 21.902842022440424 ], [ -99.320424968307194, 21.904133789127272 ], [ -99.321413071203594, 21.90680848848028 ], [ -99.322674101346692, 21.910221817638782 ], [ -99.323356184857587, 21.912067992733526 ], [ -99.323503054303458, 21.912465513100461 ], [ -99.324857571596823, 21.916131568819797 ], [ -99.326730336503019, 21.921199945875074 ], [ -99.327139684234268, 21.922307736369433 ], [ -99.325478773477471, 21.923023974820836 ], [ -99.325180641570242, 21.923132434432127 ], [ -99.322539105219903, 21.924093387766309 ], [ -99.320486655687859, 21.924840001598113 ], [ -99.319418558853783, 21.925228527464963 ], [ -99.316358135675998, 21.926341722593943 ], [ -99.313841484968037, 21.927977993070822 ], [ -99.313805593542511, 21.928001327178954 ], [ -99.312302671259715, 21.928978458225696 ], [ -99.312196936564888, 21.929047201051304 ], [ -99.310096834848892, 21.930412541332611 ], [ -99.305381211464308, 21.933478119943398 ], [ -99.304157366438105, 21.934273685625381 ], [ -99.304126713585617, 21.934293611412865 ], [ -99.301827849829905, 21.936647742981169 ] ] ] } },
{ "type": "Feature", "properties": { "AREA": 5849469.6877600001, "PERIMETER": 11743.16459, "NOMBRE": null, "CVE_ESTADO": "24", "CVE_MPIO": "003", "CVE_EJIDO": "011", "CVEIN_CON": "24003011", "CLAVEUNICA": "2414109622163898", "CVE_EDO": "24", "CINA_MUN": "003", "CINA_NA": "013", "CVEMUNIN": "003", "CVENAIN": "011", "NOM_NA": "PALO DE ARCO", "X": "99° 10' 55,71\" W", "Y": "21° 55' 15,28\" N", "Acres": null, "Hectares": null, "distancia_km": 2.8876051908371152 }, "geometry": { "type": "Polygon", "coordinates": [ [ [ -99.167614117244341, 21.932957607996006 ], [ -99.167619420798758, 21.932944357232927 ], [ -99.167721192529797, 21.93269008327076 ], [ -99.167636223750179, 21.932483927286338 ], [ -99.167459736514374, 21.93205572205402 ], [ -99.167360334578632, 21.931814545141986 ], [ -99.167494171638452, 21.931577991050549 ], [ -99.167488485714827, 21.931555076931385 ], [ -99.167383833341503, 21.931133329306039 ], [ -99.167077097444903, 21.931151275192288 ], [ -99.16640161980672, 21.931190792645229 ], [ -99.166385474678663, 21.93087990977903 ], [ -99.166563676970028, 21.930406839461448 ], [ -99.166092778449865, 21.930019875300328 ], [ -99.166324899087925, 21.929521769462845 ], [ -99.166335147262714, 21.929499777898435 ], [ -99.166406467244883, 21.929346732100569 ], [ -99.166204479688702, 21.929053997210165 ], [ -99.166174310530991, 21.929010273771809 ], [ -99.166143589743029, 21.929009489845459 ], [ -99.165645412348624, 21.928996776661766 ], [ -99.165729070526339, 21.928842769569094 ], [ -99.166113298327247, 21.92860233317769 ], [ -99.16611330006161, 21.928602332092407 ], [ -99.166369433210789, 21.928442051929878 ], [ -99.166171029024071, 21.928134072392819 ], [ -99.16590547591106, 21.927721856205778 ], [ -99.165235532281613, 21.927584743766463 ], [ -99.164466376089337, 21.928053056435882 ], [ -99.164392421868911, 21.927914060480923 ], [ -99.164719296311333, 21.927479683114818 ], [ -99.164815036353559, 21.926919657531613 ], [ -99.165554105310946, 21.926898661433658 ], [ -99.165859127732361, 21.926889995127997 ], [ -99.166060343934362, 21.926623595397814 ], [ -99.166278802275869, 21.92633436657335 ], [ -99.166294338591257, 21.926313797148669 ], [ -99.166526748131517, 21.926006095863034 ], [ -99.166451110595588, 21.925808033626122 ], [ -99.166367475619012, 21.925589028834434 ], [ -99.16631624985861, 21.925454889776653 ], [ -99.166489627723635, 21.925126838866866 ], [ -99.166396764985834, 21.924896025664538 ], [ -99.166286495231162, 21.924621945731591 ], [ -99.166258115755795, 21.924623571753393 ], [ -99.166233909371471, 21.924624958671121 ], [ -99.165533511619188, 21.924665086781182 ], [ -99.165580340797035, 21.924391389931149 ], [ -99.165617590509925, 21.92417369027039 ], [ -99.165693282162039, 21.923731287873231 ], [ -99.165688670395625, 21.923716230665068 ], [ -99.165590605712296, 21.923396053130009 ], [ -99.165753435015787, 21.923190631467754 ], [ -99.165928504276309, 21.92296976615393 ], [ -99.165870545365593, 21.922722709759345 ], [ -99.16586634128133, 21.922704789341129 ], [ -99.16583858236794, 21.92258646349384 ], [ -99.165401970926212, 21.922435934563705 ], [ -99.165344278624929, 21.922300943105391 ], [ -99.165220133092134, 21.922010459959154 ], [ -99.165426061589258, 21.921849075218169 ], [ -99.165580011271089, 21.921728425509322 ], [ -99.165542941036279, 21.921311821869061 ], [ -99.165541523079881, 21.921295886506222 ], [ -99.165504287480672, 21.920877421796128 ], [ -99.165280116875422, 21.920766991506266 ], [ -99.164851156659196, 21.92055567700276 ], [ -99.165390578268884, 21.920360177250998 ], [ -99.165596461938065, 21.919986686371217 ], [ -99.165446724121367, 21.919678078430891 ], [ -99.165100080036993, 21.918963643191969 ], [ -99.165167192419318, 21.918714680802246 ], [ -99.164701081481766, 21.918522041977475 ], [ -99.16611387854438, 21.918285829375421 ], [ -99.166124062456504, 21.91828412961512 ], [ -99.166274584865633, 21.918258969678018 ], [ -99.167907472109448, 21.917985946894358 ], [ -99.169293859824251, 21.917754124805381 ], [ -99.170848449853722, 21.917494163299008 ], [ -99.171697014613557, 21.917352258274025 ], [ -99.171746832189584, 21.917337750863066 ], [ -99.172487000033982, 21.917122268469853 ], [ -99.17301417177184, 21.916968794734732 ], [ -99.174646126236439, 21.916493664738745 ], [ -99.175279280815019, 21.916265517450327 ], [ -99.176596015551439, 21.915791037989081 ], [ -99.177389229865355, 21.915476628753243 ], [ -99.178086711695713, 21.91520016542087 ], [ -99.17937320631637, 21.91463057992997 ], [ -99.180021684884522, 21.914343464829575 ], [ -99.182230542371954, 21.91336642236908 ], [ -99.182692329154591, 21.913162152233092 ], [ -99.184964396176852, 21.912135285370859 ], [ -99.185219928482212, 21.912019788303695 ], [ -99.186585095678836, 21.911402770691772 ], [ -99.187007710716813, 21.910215140404304 ], [ -99.187156410505636, 21.909797246104869 ], [ -99.188888608601303, 21.909345595089526 ], [ -99.19105727165153, 21.908780107340611 ], [ -99.19130595755648, 21.908715256933402 ], [ -99.191517671888093, 21.908660052998698 ], [ -99.19173825855772, 21.908282265964651 ], [ -99.192300500072619, 21.907319304109148 ], [ -99.192676473041402, 21.906675363566738 ], [ -99.193973734142261, 21.904453469873921 ], [ -99.194770261203232, 21.90308917552942 ], [ -99.195536698959401, 21.905553872774451 ], [ -99.195841671149452, 21.906534544766515 ], [ -99.196025024093501, 21.907124143366953 ], [ -99.196247782244541, 21.907840459625607 ], [ -99.197070899297614, 21.910487227503239 ], [ -99.197672876982494, 21.912422842616643 ], [ -99.197823043317058, 21.912905680272807 ], [ -99.197992894617727, 21.913451799677876 ], [ -99.197236334142062, 21.915424650386292 ], [ -99.19668102503914, 21.916872661551658 ], [ -99.196214137695989, 21.918090083038479 ], [ -99.195641200326918, 21.919583998206051 ], [ -99.195574724785402, 21.919757334125695 ], [ -99.194762764737945, 21.921874448766641 ], [ -99.193857284862489, 21.924235314727166 ], [ -99.193830123690617, 21.924306141972732 ], [ -99.193653869613868, 21.924765678384077 ], [ -99.193255776549165, 21.925803591239983 ], [ -99.192318086483382, 21.928248308866138 ], [ -99.19215974115771, 21.928278506941567 ], [ -99.19054079711583, 21.928587246680006 ], [ -99.189457288220709, 21.928793866945103 ], [ -99.187629742309326, 21.929142354203375 ], [ -99.186436756700743, 21.929369826815822 ], [ -99.184036418098856, 21.929827486379164 ], [ -99.18302092198914, 21.9300210936497 ], [ -99.180315421600156, 21.930536871188067 ], [ -99.178407485684161, 21.930900570040119 ], [ -99.176116851326839, 21.931337192618798 ], [ -99.176069412365919, 21.931346234692594 ], [ -99.174403183879107, 21.931663814503811 ], [ -99.173848495988182, 21.931769532848346 ], [ -99.173168129178137, 21.931899201657384 ], [ -99.172353755757783, 21.932054405148786 ], [ -99.172282035278698, 21.932068074726264 ], [ -99.167614117244341, 21.932957607996006 ] ] ] } },
{ "type": "Feature", "properties": { "AREA": 167103.00258, "PERIMETER": 1927.06592, "NOMBRE": null, "CVE_ESTADO": "24", "CVE_MPIO": "024", "CVE_EJIDO": "004", "CVEIN_CON": "24024004", "CLAVEUNICA": "2414109622180543", "CVE_EDO": "24", "CINA_MUN": "024", "CINA_NA": "031", "CVEMUNIN": "024", "CVENAIN": "004", "NOM_NA": "LOS ANGELES", "X": "99° 59' 48,93\" W", "Y": "21° 56' 35,57\" N", "Acres": null, "Hectares": null, "distancia_km": 2.0141216078615565 }, "geometry": { "type": "Polygon", "coordinates": [ [ [ -99.993431941011934, 21.945165336985582 ], [ -99.993717624386107, 21.943711812817661 ], [ -99.994113213474876, 21.943458202128891 ], [ -99.9946552621997, 21.943110693756825 ], [ -99.996589053868604, 21.941870908728362 ], [ -99.996974000184792, 21.941624108243396 ], [ -99.997161564824339, 21.941546756632196 ], [ -99.998115394297713, 21.941153393043731 ], [ -99.998836974973258, 21.941325435951448 ], [ -99.999481743922104, 21.941721300596353 ], [ -100.00043931968483, 21.942309208303335 ], [ -100.000318530813644, 21.942425032064218 ], [ -100.000012563365658, 21.942359322647782 ], [ -99.999572384330378, 21.943240521434905 ], [ -99.999357553117918, 21.943441019650809 ], [ -99.998844657559189, 21.943760857181651 ], [ -99.998465653524917, 21.94413565129928 ], [ -99.998418810960061, 21.944181973351597 ], [ -99.998304525406709, 21.944240844299969 ], [ -99.998025462502255, 21.944370546025034 ], [ -99.997570376222143, 21.944497070175366 ], [ -99.997235799004017, 21.944549056986123 ], [ -99.997124750178187, 21.944584620601756 ], [ -99.995942497822469, 21.944963233670915 ], [ -99.995734797994345, 21.944827542444774 ], [ -99.995632483892862, 21.944959421173067 ], [ -99.995576416166699, 21.945080462443329 ], [ -99.995542809694214, 21.94515301334992 ], [ -99.995459748943532, 21.94514628964852 ], [ -99.995439287473928, 21.944982001377785 ], [ -99.995176332249017, 21.944643504115099 ], [ -99.995116522485972, 21.944566511850137 ], [ -99.994542836844872, 21.944694920265157 ], [ -99.994124120017375, 21.9447133531818 ], [ -99.994095747308151, 21.945152017794996 ], [ -99.993431941011934, 21.945165336985582 ] ] ] } },
{ "type": "Feature", "properties": { "AREA": 2780449.1360499999, "PERIMETER": 8611.87207, "NOMBRE": null, "CVE_ESTADO": "24", "CVE_MPIO": "005", "CVE_EJIDO": "005", "CVEIN_CON": "24005005", "CLAVEUNICA": "2414109622164408", "CVE_EDO": "24", "CINA_MUN": "005", "CINA_NA": "002", "CVEMUNIN": "005", "CVENAIN": "005", "NOM_NA": "EL PANTANO", "X": "99° 48' 42,20\" W", "Y": "21° 55' 26,28\" N", "Acres": null, "Hectares": null, "distancia_km": 3.1116884154192999 }, "geometry": { "type": "Polygon", "coordinates": [ [ [ -99.81784673300011, 21.941062495444488 ], [ -99.816303752278415, 21.940264508233117 ], [ -99.812342795249393, 21.938215904221391 ], [ -99.809440564647687, 21.936714762665698 ], [ -99.80930984940602, 21.93664715455715 ], [ -99.809008058804125, 21.936491051342891 ], [ -99.805635592525078, 21.907108947477401 ], [ -99.814337013041154, 21.911096465422943 ], [ -99.81784673300011, 21.941062495444488 ] ] ] } },
{ "type": "Feature", "properties": { "AREA": 9326590.6029700004, "PERIMETER": 19215.3754, "NOMBRE": null, "CVE_ESTADO": "24", "CVE_MPIO": "024", "CVE_EJIDO": "034", "CVEIN_CON": "24024034", "CLAVEUNICA": "2414109622180804", "CVE_EDO": "24", "CINA_MUN": "024", "CINA_NA": "039", "CVEMUNIN": "024", "CVENAIN": "034", "NOM_NA": "REDENCION NACIONAL", "X": "99° 55' 9,88\" W", "Y": "21° 54' 54,71\" N", "Acres": null, "Hectares": null, "distancia_km": 0.70721490370524132 }, "geometry": { "type": "Polygon", "coordinates": [ [ [ -99.947297362366626, 21.918862936617447 ], [ -99.947197808377581, 21.919424507776963 ], [ -99.946710625769896, 21.922172584396197 ], [ -99.946702321132292, 21.922219427977044 ], [ -99.946650811540664, 21.922509975103821 ], [ -99.946020549697124, 21.926064969774785 ], [ -99.9456002473909, 21.928435598097902 ], [ -99.945043253795887, 21.931577096070161 ], [ -99.94466663410455, 21.933701197079021 ], [ -99.944295103098398, 21.935796542524162 ], [ -99.943658948606185, 21.935472811983413 ], [ -99.938216905513499, 21.932703265070089 ], [ -99.936425712986946, 21.931791633054274 ], [ -99.934423066533711, 21.930772343419552 ], [ -99.932490867612842, 21.929788871933031 ], [ -99.930714967780958, 21.928884922657492 ], [ -99.928860273995781, 21.927940833216972 ], [ -99.904832376094276, 21.915706904680242 ], [ -99.903451883402482, 21.915003846185851 ], [ -99.903154652704927, 21.914852469816683 ], [ -99.901372761123696, 21.913944953447981 ], [ -99.901358878796984, 21.913937883063639 ], [ -99.900568603050999, 21.913535385915772 ], [ -99.900546146457458, 21.913523948406482 ], [ -99.899833395641465, 21.913160930202295 ], [ -99.899284049625493, 21.912881133894192 ], [ -99.899191055981447, 21.912833769500903 ], [ -99.898626355663623, 21.912546149212609 ], [ -99.898038697855881, 21.912246832579594 ], [ -99.897448673203598, 21.911946306984973 ], [ -99.896821043035601, 21.911626623462809 ], [ -99.896178084857169, 21.911299128576903 ], [ -99.895675668696299, 21.911043216826791 ], [ -99.894849429181718, 21.910622356305698 ], [ -99.892741786022484, 21.911007266066456 ], [ -99.892741783653847, 21.911007266499031 ], [ -99.892567422529098, 21.911039108023701 ], [ -99.890113002847443, 21.910296992609755 ], [ -99.891417026913203, 21.907136417433115 ], [ -99.893313775000948, 21.902538995451007 ], [ -99.893537530314077, 21.901996627404152 ], [ -99.892539447850481, 21.901419330045169 ], [ -99.891997156103031, 21.901105660403708 ], [ -99.890612957434499, 21.900571895707635 ], [ -99.888736429628807, 21.899848257286283 ], [ -99.889016609016991, 21.899377078515094 ], [ -99.889044369578656, 21.899330393281176 ], [ -99.889094431728921, 21.899246203140525 ], [ -99.889131827968569, 21.899183313347152 ], [ -99.889209968086007, 21.899051903789594 ], [ -99.88934036396337, 21.898832614235594 ], [ -99.889590230543931, 21.898412406128308 ], [ -99.889027890804812, 21.898216466110238 ], [ -99.888513861262467, 21.898037356975845 ], [ -99.888020067418879, 21.897865296834929 ], [ -99.887510690670268, 21.897687804890719 ], [ -99.887250067989655, 21.897596990323571 ], [ -99.887050311173567, 21.897299708142807 ], [ -99.886525478262556, 21.896518633750212 ], [ -99.886679965362035, 21.895515671629983 ], [ -99.886891536081578, 21.895513969166821 ], [ -99.887949411513276, 21.895505452596542 ], [ -99.888574429858764, 21.895500417607927 ], [ -99.889162461810173, 21.895495678404039 ], [ -99.889232154370006, 21.895495116582573 ], [ -99.889737856290694, 21.895491039019536 ], [ -99.890379586664082, 21.895485862397937 ], [ -99.891798810647813, 21.8954744051149 ], [ -99.892623580527996, 21.895467741191606 ], [ -99.893104241840334, 21.895743020226664 ], [ -99.893624026945432, 21.896040702979917 ], [ -99.894123383528878, 21.896326683479547 ], [ -99.894584025986106, 21.896590490071731 ], [ -99.894719097065021, 21.896697007228322 ], [ -99.895090766963705, 21.896990104969372 ], [ -99.896094506535221, 21.897781640460291 ], [ -99.896276281026545, 21.897924983740925 ], [ -99.899101658256541, 21.89581976944406 ], [ -99.901377782410492, 21.898314087992716 ], [ -99.902515350983009, 21.899560660638926 ], [ -99.903152790056581, 21.900259167039653 ], [ -99.903208609166185, 21.90032033322148 ], [ -99.906568345753598, 21.904001773182141 ], [ -99.907024300277598, 21.904501365987091 ], [ -99.907283279510082, 21.904785129297842 ], [ -99.907321771861675, 21.904827305197603 ], [ -99.907607491366704, 21.905140365705968 ], [ -99.907613488082049, 21.905146936236935 ], [ -99.913573368115465, 21.911676687510656 ], [ -99.920691883760398, 21.909242016258382 ], [ -99.920823589008052, 21.909196966849866 ], [ -99.921046956035227, 21.90912056448564 ], [ -99.921115340187953, 21.909097173710233 ], [ -99.921337535505188, 21.909021171633924 ], [ -99.922271315181362, 21.90870176747109 ], [ -99.932167882154246, 21.905316186630991 ], [ -99.932887908752349, 21.905069838892878 ], [ -99.931820923773515, 21.911559130071499 ], [ -99.931722310912136, 21.912158856647423 ], [ -99.931696366419885, 21.91231664060836 ], [ -99.931684650798971, 21.912387890197664 ], [ -99.931658779642788, 21.912545227708183 ], [ -99.931638489128247, 21.912668625882446 ], [ -99.931584596050087, 21.912996379459198 ], [ -99.931029140811759, 21.916374331393584 ], [ -99.933726626013325, 21.916787092923556 ], [ -99.935274756225454, 21.91702396222205 ], [ -99.935846560239781, 21.917111446313257 ], [ -99.940657936167469, 21.917847487134033 ], [ -99.940704833013314, 21.917854660645098 ], [ -99.942506313057436, 21.918130210806691 ], [ -99.944455724478061, 21.918428364625228 ], [ -99.946613821779934, 21.918758407437853 ], [ -99.947297362366626, 21.918862936617447 ] ] ] } },
{ "type": "Feature", "properties": { "AREA": 13891992.67426, "PERIMETER": 19760.05632, "NOMBRE": null, "CVE_ESTADO": "24", "CVE_MPIO": "036", "CVE_EJIDO": "005", "CVEIN_CON": "24036005", "CLAVEUNICA": "2414109622187017", "CVE_EDO": "24", "CINA_MUN": "036", "CINA_NA": "006", "CVEMUNIN": "036", "CVENAIN": "005", "NOM_NA": "EL CARPINTERO", "X": "99° 15' 35,48\" W", "Y": "21° 53' 34,48\" N", "Acres": null, "Hectares": null, "distancia_km": 0.75109650492300284 }, "geometry": { "type": "Polygon", "coordinates": [ [ [ -99.261160178742344, 21.922784655493448 ], [ -99.260702585515617, 21.919494208440881 ], [ -99.260492511339763, 21.917983560026464 ], [ -99.255932068283926, 21.918706667374991 ], [ -99.255881345079402, 21.918714709334044 ], [ -99.254490543387917, 21.918935208884815 ], [ -99.254466938316313, 21.918892891494458 ], [ -99.253676272249962, 21.917475428350496 ], [ -99.253834497651113, 21.916222709360145 ], [ -99.254307688710341, 21.914609348308097 ], [ -99.254223544930284, 21.914004106385814 ], [ -99.254097186142928, 21.913095203907691 ], [ -99.253527917887283, 21.911927330276335 ], [ -99.253508872556822, 21.911888257747822 ], [ -99.251862571212115, 21.909571775283471 ], [ -99.251536210439369, 21.907052414659514 ], [ -99.251567336111336, 21.906797157531052 ], [ -99.251574325266276, 21.90673984036205 ], [ -99.251595756601404, 21.90656408443747 ], [ -99.251202749068526, 21.904286572162281 ], [ -99.25111627803058, 21.903785454858671 ], [ -99.251364979107478, 21.901100223467051 ], [ -99.251073882574545, 21.89987739003849 ], [ -99.250837273578995, 21.899234151882773 ], [ -99.250839026000207, 21.898889857110039 ], [ -99.250839225986397, 21.898850566223384 ], [ -99.249821923418182, 21.89760547038928 ], [ -99.24966894550046, 21.897418235375131 ], [ -99.249205203879569, 21.897064663550967 ], [ -99.249162980695104, 21.896666463386161 ], [ -99.249097346818189, 21.896640118380823 ], [ -99.248723844278501, 21.896587731207781 ], [ -99.248453867646177, 21.896523116723056 ], [ -99.248421732193506, 21.896526065332015 ], [ -99.246466400729304, 21.896067497832281 ], [ -99.245927261484823, 21.895529930986797 ], [ -99.245886455579921, 21.89552368637543 ], [ -99.243209758495681, 21.895114042601673 ], [ -99.242836834201114, 21.895056966334604 ], [ -99.242436724471247, 21.895324637574557 ], [ -99.241708656563105, 21.896086712560177 ], [ -99.240543008999126, 21.896863644772658 ], [ -99.239410710714253, 21.897084800579524 ], [ -99.238323855265662, 21.895450450961995 ], [ -99.238174648294773, 21.894487125746711 ], [ -99.237806382900843, 21.892109434923064 ], [ -99.238121259700179, 21.890905928475032 ], [ -99.238457493763519, 21.890971066768607 ], [ -99.240158285153171, 21.891300547950475 ], [ -99.240350586697176, 21.891530135432582 ], [ -99.241679946011175, 21.891108368441394 ], [ -99.242787255910159, 21.891430079752016 ], [ -99.243946424235148, 21.89142996559027 ], [ -99.244571910211036, 21.891297394155629 ], [ -99.245048101155703, 21.890857615292099 ], [ -99.246232742233559, 21.889763540483443 ], [ -99.248266219087469, 21.8860131668599 ], [ -99.249100935696887, 21.882516306396337 ], [ -99.249970511591101, 21.878873227629516 ], [ -99.250132266669041, 21.877644506101504 ], [ -99.250108844463895, 21.877179357091048 ], [ -99.249992606698243, 21.876659508651105 ], [ -99.249386768973011, 21.875782422338492 ], [ -99.248896883178006, 21.874544947284026 ], [ -99.248900715001554, 21.874506119765396 ], [ -99.249083787492069, 21.872651039463651 ], [ -99.249688201326819, 21.87048066214431 ], [ -99.249985225357179, 21.869414060037808 ], [ -99.250532480984504, 21.866757782717766 ], [ -99.24938964366207, 21.86471614861636 ], [ -99.248110356010827, 21.863467186177779 ], [ -99.250224960232487, 21.862967517094731 ], [ -99.250976534047538, 21.862789918553499 ], [ -99.251019963407913, 21.862779652293526 ], [ -99.254098072598808, 21.862052244788885 ], [ -99.258525257538778, 21.860787203807131 ], [ -99.258659516022917, 21.860748839845836 ], [ -99.260948457616706, 21.860094728194507 ], [ -99.26133965951604, 21.859982928013146 ], [ -99.26223933159082, 21.859725818564758 ], [ -99.262524695423579, 21.859644269311634 ], [ -99.263149273462787, 21.859465769638593 ], [ -99.263344645424468, 21.859409930670438 ], [ -99.264181666187355, 21.862354465745842 ], [ -99.264244090531591, 21.862574061241226 ], [ -99.26468185550408, 21.864114019268868 ], [ -99.264731694876275, 21.864289328822565 ], [ -99.265353894155169, 21.867638211833704 ], [ -99.265428232385759, 21.868038317744364 ], [ -99.265537364873936, 21.868625682761689 ], [ -99.265804072788455, 21.869887337882158 ], [ -99.265854321536153, 21.870125048541723 ], [ -99.26607688845931, 21.871177839111361 ], [ -99.266231045891161, 21.871907064848028 ], [ -99.266281891733399, 21.872147584114515 ], [ -99.266312289933367, 21.872291366409844 ], [ -99.266646958310019, 21.873645505608863 ], [ -99.267035146920406, 21.875216126317607 ], [ -99.267095003741574, 21.875366510143163 ], [ -99.267227899650493, 21.876061554810828 ], [ -99.267580350023152, 21.877904842573045 ], [ -99.267659106938211, 21.878316720862198 ], [ -99.267749369615387, 21.878788796192513 ], [ -99.267921929970427, 21.879691255720473 ], [ -99.268004354613552, 21.880122299253021 ], [ -99.268087180603871, 21.880555465201798 ], [ -99.268194054515206, 21.881114371999029 ], [ -99.268388625285624, 21.882131877952943 ], [ -99.268586209152588, 21.883304394691766 ], [ -99.26866634971519, 21.883779936914291 ], [ -99.268929181921266, 21.885339624606999 ], [ -99.268980750614148, 21.885645651427559 ], [ -99.269076135588364, 21.886211650117996 ], [ -99.269091103549243, 21.886290335273987 ], [ -99.269438597019942, 21.888116702618809 ], [ -99.26961181430373, 21.88902707241996 ], [ -99.269810816085695, 21.890072955048691 ], [ -99.269835765946922, 21.890203374015407 ], [ -99.269953796698417, 21.890824084484223 ], [ -99.269982571248605, 21.890975403242457 ], [ -99.270046896265526, 21.891313689243916 ], [ -99.270053554624027, 21.891348696488535 ], [ -99.270061493772261, 21.891390414350301 ], [ -99.270087560035179, 21.891527390552895 ], [ -99.270092908242873, 21.891555506533418 ], [ -99.270112902860959, 21.891660582432173 ], [ -99.270154974786109, 21.891881689786903 ], [ -99.270165827695365, 21.891938743633435 ], [ -99.270237114721411, 21.892313400476919 ], [ -99.270277906131369, 21.892527742956158 ], [ -99.270284672148193, 21.892563310154536 ], [ -99.270343232055069, 21.892851878920172 ], [ -99.270343581518318, 21.892872928993288 ], [ -99.270479166825936, 21.893585473952438 ], [ -99.270545713313425, 21.89393517573092 ], [ -99.270725818894519, 21.894881688787692 ], [ -99.270860507649616, 21.89554803170973 ], [ -99.270870289611551, 21.895596450155338 ], [ -99.270873602409878, 21.895612860589555 ], [ -99.271082200356787, 21.896644901949866 ], [ -99.271204510962491, 21.897250019200776 ], [ -99.271209299464104, 21.897273727155603 ], [ -99.271217439792323, 21.897313962919025 ], [ -99.27132404725424, 21.897841408278392 ], [ -99.271465299183632, 21.89854022804283 ], [ -99.272045332267794, 21.90140973574006 ], [ -99.272151046847725, 21.901932718632214 ], [ -99.27215904123203, 21.901972286002628 ], [ -99.272307269770181, 21.902705569123967 ], [ -99.272371020159724, 21.90302094284872 ], [ -99.27240138547657, 21.903171147029205 ], [ -99.272415077723466, 21.903238865797547 ], [ -99.272442169173189, 21.903372912485601 ], [ -99.27250309567782, 21.90367430524315 ], [ -99.272554333999963, 21.903910890760827 ], [ -99.272614841547025, 21.904190275864561 ], [ -99.272630859737703, 21.90426424269441 ], [ -99.272704953844439, 21.904606377632145 ], [ -99.272712611343508, 21.904641726361028 ], [ -99.272801005125032, 21.905049862380839 ], [ -99.273475706159729, 21.90816512699967 ], [ -99.273487378584306, 21.908219007988219 ], [ -99.273510508602001, 21.908325794582485 ], [ -99.273936779556379, 21.910293912938823 ], [ -99.274167326411899, 21.911358327742882 ], [ -99.274185563600369, 21.911442517801571 ], [ -99.274193954472395, 21.911481253175047 ], [ -99.274368991840433, 21.912289376447596 ], [ -99.274454757903172, 21.912685363979367 ], [ -99.274660715551576, 21.913636217834075 ], [ -99.27495580532586, 21.914998574228129 ], [ -99.274962233095124, 21.915028233064529 ], [ -99.275007765068423, 21.915238445970228 ], [ -99.275056442701839, 21.915463172175798 ], [ -99.275225853443828, 21.916245283867173 ], [ -99.275232857663099, 21.916277588856254 ], [ -99.275575192109983, 21.917858004543831 ], [ -99.275682486431393, 21.918353326406589 ], [ -99.275782425288938, 21.918814690470725 ], [ -99.276151980030448, 21.920520657442069 ], [ -99.276157470498376, 21.920546017321637 ], [ -99.276249508909515, 21.920970876451111 ], [ -99.275850400394958, 21.921018869409782 ], [ -99.275781602575051, 21.921027143002036 ], [ -99.275452007950406, 21.921066778891685 ], [ -99.275324992752743, 21.921082043163317 ], [ -99.274537538664305, 21.921176731796645 ], [ -99.272205469363357, 21.921457120194461 ], [ -99.272098695073993, 21.921469954316482 ], [ -99.267969302919028, 21.921966354027766 ], [ -99.266236310981526, 21.922174650939056 ], [ -99.261160178742344, 21.922784655493448 ] ] ] } },
{ "type": "Feature", "properties": { "AREA": 17553570.73553, "PERIMETER": 26481.55374, "NOMBRE": null, "CVE_ESTADO": "24", "CVE_MPIO": "003", "CVE_EJIDO": "005", "CVEIN_CON": "24003005", "CLAVEUNICA": "2414109622163627", "CVE_EDO": "24", "CINA_MUN": "003", "CINA_NA": "002", "CVEMUNIN": "003", "CVENAIN": "005", "NOM_NA": "EL JABALI", "X": "99° 13' 41,81\" W", "Y": "21° 52' 16,59\" N", "Acres": null, "Hectares": null, "distancia_km": 4.5094438862675856 }, "geometry": { "type": "Polygon", "coordinates": [ [ [ -99.218960510832531, 21.906490835406746 ], [ -99.218361437145546, 21.905914680365239 ], [ -99.21773061492992, 21.905307964802837 ], [ -99.215878774057103, 21.90352688353164 ], [ -99.215878590920312, 21.903526707389382 ], [ -99.211913053729688, 21.899712479845508 ], [ -99.227205177838115, 21.897903271502241 ], [ -99.228968954166916, 21.897694503889145 ], [ -99.22323261025025, 21.878845154097686 ], [ -99.215348064642939, 21.879830290409441 ], [ -99.213574162652009, 21.877030483371438 ], [ -99.21185375915752, 21.874314988833639 ], [ -99.21044562108213, 21.872092287834167 ], [ -99.209641404819081, 21.87082282228063 ], [ -99.207610054726786, 21.867616180593053 ], [ -99.20669542063375, 21.867655673433848 ], [ -99.204925150184167, 21.867732104077948 ], [ -99.200323472996331, 21.867930688387787 ], [ -99.195075281881898, 21.868157014873887 ], [ -99.195155217788056, 21.868012112650444 ], [ -99.196237310626771, 21.866050537826883 ], [ -99.197549742618847, 21.863671331983266 ], [ -99.197818909183312, 21.863567318146828 ], [ -99.199097070134741, 21.863073380156447 ], [ -99.202828934044717, 21.861631150865737 ], [ -99.208096182866271, 21.859595360651607 ], [ -99.217016847114778, 21.856147003913776 ], [ -99.21674480671804, 21.854131435054619 ], [ -99.216510228765543, 21.852393380642631 ], [ -99.216263986219758, 21.850568842170212 ], [ -99.216196996201333, 21.850072481663712 ], [ -99.216028388329448, 21.848823170793246 ], [ -99.21590656711129, 21.847920475489861 ], [ -99.215800596045185, 21.847135220120904 ], [ -99.215667178294282, 21.846146593043265 ], [ -99.215530640026117, 21.845134850105623 ], [ -99.215402677554152, 21.844186591385061 ], [ -99.214685958754416, 21.838875334834391 ], [ -99.214685936514911, 21.838875170021435 ], [ -99.215671165628819, 21.839656432219911 ], [ -99.216097086170507, 21.839994172126573 ], [ -99.216831052325801, 21.840576172787049 ], [ -99.216831825757808, 21.840576786082806 ], [ -99.218281669045325, 21.841726427143037 ], [ -99.218292850010585, 21.841735293451062 ], [ -99.218464607286805, 21.841871486230787 ], [ -99.219003241325439, 21.842298586478957 ], [ -99.219738471170032, 21.842881556982459 ], [ -99.219744923593439, 21.84288667157109 ], [ -99.219820065482267, 21.842946251644562 ], [ -99.220477204744569, 21.843467302126292 ], [ -99.22079249512305, 21.843717290385079 ], [ -99.220792578163838, 21.843717356226456 ], [ -99.221216457841237, 21.844053440707274 ], [ -99.221219551256382, 21.844055898402313 ], [ -99.221220624203255, 21.844056750850541 ], [ -99.221941987291544, 21.844628707557852 ], [ -99.222362012102963, 21.844961729387521 ], [ -99.222362112007517, 21.844961808597699 ], [ -99.222678519922525, 21.845212674754634 ], [ -99.222717887550928, 21.845243890870282 ], [ -99.223325798216635, 21.845725878083343 ], [ -99.224166369941102, 21.84639232402656 ], [ -99.224166371750613, 21.846392325461235 ], [ -99.22421142615346, 21.846428049171774 ], [ -99.22494340372522, 21.847008389279225 ], [ -99.227210185089447, 21.84880552387289 ], [ -99.228474038352971, 21.849807485612455 ], [ -99.229249653027068, 21.850422367882299 ], [ -99.229636521758977, 21.850729061555278 ], [ -99.231670959272193, 21.852341851045853 ], [ -99.233893845724438, 21.854103961753047 ], [ -99.236239858912228, 21.853826478009584 ], [ -99.236260498111719, 21.853824036179216 ], [ -99.236704232019079, 21.853771552423634 ], [ -99.236704340603453, 21.853771539580428 ], [ -99.237034114430458, 21.853732533945163 ], [ -99.237093894115418, 21.853725459731177 ], [ -99.23711874179881, 21.853722519297115 ], [ -99.237545176562435, 21.853672076847705 ], [ -99.23754551312345, 21.853672037035874 ], [ -99.237634149900146, 21.853661551969228 ], [ -99.240358656728333, 21.853339239256108 ], [ -99.240552023273992, 21.85331636164813 ], [ -99.242291919691922, 21.853110500318202 ], [ -99.24347224298613, 21.852970835868813 ], [ -99.243959317875536, 21.852913200685286 ], [ -99.245195036038396, 21.852766972482964 ], [ -99.246361572118403, 21.852628918583559 ], [ -99.247101328567851, 21.852541367937246 ], [ -99.248057709100848, 21.852428173092367 ], [ -99.248221578734601, 21.853119096640757 ], [ -99.247492477609839, 21.853829575676741 ], [ -99.246923855907951, 21.854383667013057 ], [ -99.24618125979147, 21.855163601862955 ], [ -99.245962022644704, 21.856916663174868 ], [ -99.246440224413448, 21.859833910131353 ], [ -99.246592058873119, 21.861164081946729 ], [ -99.246573020758291, 21.861428780768929 ], [ -99.246646299083494, 21.861802055519114 ], [ -99.246902057336797, 21.862372193217322 ], [ -99.246958037642088, 21.863430022550958 ], [ -99.247548806021683, 21.864908118493869 ], [ -99.248910787010672, 21.865916313123414 ], [ -99.24904969302365, 21.865953498900982 ], [ -99.249366823360759, 21.866038395635684 ], [ -99.249788291286322, 21.866735675222525 ], [ -99.24950930992712, 21.868458400436122 ], [ -99.248878301189777, 21.870677370001374 ], [ -99.248577343349496, 21.871927180487276 ], [ -99.248086873084304, 21.874589281585088 ], [ -99.248017270291101, 21.874967053261724 ], [ -99.248010729588543, 21.875775220971853 ], [ -99.248504993018656, 21.876613523378008 ], [ -99.248741662046783, 21.876697583255616 ], [ -99.249361629287577, 21.876917780533908 ], [ -99.249226342170189, 21.879300239010252 ], [ -99.249218255231796, 21.879329165016184 ], [ -99.248967390189861, 21.880226473173575 ], [ -99.248415635942905, 21.883093399033889 ], [ -99.248406093967361, 21.883142978322141 ], [ -99.248367268618878, 21.884010334632602 ], [ -99.247516326273285, 21.885733752221388 ], [ -99.24717604072903, 21.885661453192007 ], [ -99.246922276699948, 21.886063358012709 ], [ -99.246905916506662, 21.886089268767684 ], [ -99.246671197002371, 21.886365865952893 ], [ -99.246266973346579, 21.886842206237109 ], [ -99.245671821024047, 21.887543530785273 ], [ -99.245578795815888, 21.887608485385954 ], [ -99.245254875754981, 21.887834660826588 ], [ -99.245369440925046, 21.887925842784931 ], [ -99.245725719272173, 21.888209402025296 ], [ -99.245564357163772, 21.889226806518881 ], [ -99.244975453062224, 21.890135456092306 ], [ -99.244304113295243, 21.890613030155158 ], [ -99.242923393725178, 21.89075581436526 ], [ -99.241293845428515, 21.890441238146341 ], [ -99.240629338797632, 21.89031295339775 ], [ -99.240523207558198, 21.890378645711404 ], [ -99.240412672513727, 21.890447063722466 ], [ -99.239869714681461, 21.890325565107787 ], [ -99.239516631311972, 21.890246553956032 ], [ -99.239552110966088, 21.889887637758424 ], [ -99.239061855441079, 21.889871141782827 ], [ -99.238869513943641, 21.889864669532091 ], [ -99.238713373946666, 21.889892339433914 ], [ -99.238688559632834, 21.889896736816752 ], [ -99.238160465226088, 21.889990320292629 ], [ -99.237530663500493, 21.890480771528182 ], [ -99.237281789065719, 21.89128900708922 ], [ -99.23701407314401, 21.892126360848327 ], [ -99.235351355744427, 21.89288915887391 ], [ -99.233725446905069, 21.893635046328814 ], [ -99.233158106335409, 21.893895308835429 ], [ -99.233165285527633, 21.89425927028714 ], [ -99.233172990106524, 21.894649864512587 ], [ -99.233293906773014, 21.900779548443552 ], [ -99.233303162555117, 21.901248728708698 ], [ -99.232269278608015, 21.901528542829066 ], [ -99.2303749279383, 21.902041217139896 ], [ -99.228655764814604, 21.902506457854738 ], [ -99.225674880544972, 21.90331309646762 ], [ -99.222333270364118, 21.904217273996384 ], [ -99.22172443720909, 21.904382004392506 ], [ -99.221775805786848, 21.909198363953347 ], [ -99.218960510832531, 21.906490835406746 ] ] ] } },
{ "type": "Feature", "properties": { "AREA": 3129868.3917399999, "PERIMETER": 11806.99097, "NOMBRE": null, "CVE_ESTADO": "24", "CVE_MPIO": "024", "CVE_EJIDO": "032", "CVEIN_CON": "24024032", "CLAVEUNICA": "2414109622180266", "CVE_EDO": "24", "CINA_MUN": "024", "CINA_NA": "015", "CVEMUNIN": "024", "CVENAIN": "032", "NOM_NA": "EL CARMEN", "X": "99° 57' 33,06\" W", "Y": "21° 54' 9,28\" N", "Acres": null, "Hectares": null, "distancia_km": 1.9474339406567478 }, "geometry": { "type": "Polygon", "coordinates": [ [ [ -99.968661053833856, 21.918381148393689 ], [ -99.965976546300823, 21.918191228737506 ], [ -99.965720403971346, 21.914876863092509 ], [ -99.966561405353445, 21.914784662637775 ], [ -99.966267336225926, 21.912779421506436 ], [ -99.964565963642244, 21.9100843529848 ], [ -99.962314768118347, 21.909050417360223 ], [ -99.958943859178433, 21.908372019472448 ], [ -99.958935683624048, 21.907150427158232 ], [ -99.957718367228409, 21.906895737847528 ], [ -99.957069663180491, 21.907772110632695 ], [ -99.955481806873081, 21.908043117853403 ], [ -99.953608201582071, 21.907530428665623 ], [ -99.950977310034588, 21.90562593253761 ], [ -99.948484828963558, 21.90495681820984 ], [ -99.949677055021141, 21.895924615512214 ], [ -99.950023380258713, 21.893436077384106 ], [ -99.951441421596968, 21.893257654653169 ], [ -99.972084190552749, 21.890264107802363 ], [ -99.960061576781328, 21.893381774243078 ], [ -99.960214051812741, 21.893891288460555 ], [ -99.960593456619904, 21.894794710508215 ], [ -99.960920019043357, 21.895280626727601 ], [ -99.961396364313174, 21.895858262814034 ], [ -99.962273945947615, 21.896896530452999 ], [ -99.962751163233051, 21.897544163434993 ], [ -99.963251368618074, 21.897981632402121 ], [ -99.964478856697525, 21.899227875568034 ], [ -99.965129792772814, 21.899851903643157 ], [ -99.966080284662198, 21.900611929816979 ], [ -99.966281646445779, 21.900958550457503 ], [ -99.966811460132718, 21.901477137367479 ], [ -99.966974326052764, 21.9066050726382 ], [ -99.967086041428715, 21.908670870603018 ], [ -99.968870219417141, 21.908829756537607 ], [ -99.969166695318322, 21.909424237911853 ], [ -99.969227551417973, 21.910191741509934 ], [ -99.969497767679755, 21.910996407225046 ], [ -99.969037602329436, 21.911671218269397 ], [ -99.968232669088891, 21.911324535786193 ], [ -99.967769404273184, 21.91251244314207 ], [ -99.968806399421695, 21.912611787081946 ], [ -99.969476063180636, 21.913311399524567 ], [ -99.970938256595659, 21.914594960690497 ], [ -99.970659330918764, 21.915620907340156 ], [ -99.971327480381063, 21.915998111999833 ], [ -99.968661053833856, 21.918381148393689 ] ] ] } },
{ "type": "Feature", "properties": { "AREA": 34578142.134070002, "PERIMETER": 30186.5377, "NOMBRE": null, "CVE_ESTADO": "24", "CVE_MPIO": "023", "CVE_EJIDO": "002", "CVEIN_CON": "24023002", "CLAVEUNICA": "2414109622179671", "CVE_EDO": "24", "CINA_MUN": "023", "CINA_NA": "002", "CVEMUNIN": "023", "CVENAIN": "002", "NOM_NA": "CERRITO DE LA CRUZ", "X": "99° 42' 54,16\" W", "Y": "21° 52' 54,24\" N", "Acres": null, "Hectares": null, "distancia_km": 0.33184975993025995 }, "geometry": { "type": "Polygon", "coordinates": [ [ [ -99.754368796661339, 21.912928464799347 ], [ -99.753971317534408, 21.905308714109275 ], [ -99.732249473735038, 21.907001245397382 ], [ -99.727360299856073, 21.907407855722692 ], [ -99.71990022077415, 21.909635110019412 ], [ -99.717878898181908, 21.910238519132797 ], [ -99.717367133307874, 21.910391287456001 ], [ -99.71573105147327, 21.910879665915438 ], [ -99.714135367508163, 21.911355966664804 ], [ -99.712159110703382, 21.911945840140088 ], [ -99.711829750581998, 21.911080961391928 ], [ -99.710640572941045, 21.907958159349405 ], [ -99.709155208944409, 21.90405735291219 ], [ -99.708334744754012, 21.904230673048279 ], [ -99.708196027864872, 21.904259976053485 ], [ -99.703121354807408, 21.905331878285502 ], [ -99.702237229884588, 21.905518610788022 ], [ -99.698437401978538, 21.906321097997047 ], [ -99.697138687821834, 21.902690091838309 ], [ -99.697180270762729, 21.902284479041782 ], [ -99.697372630213877, 21.900408119967523 ], [ -99.697558973753175, 21.89859040226975 ], [ -99.697304410032487, 21.898111664271926 ], [ -99.696695982679103, 21.896967427608747 ], [ -99.696574038202129, 21.89673809061216 ], [ -99.69650991866267, 21.896617502743982 ], [ -99.694337544112756, 21.892531837309516 ], [ -99.693445999957518, 21.89085499847981 ], [ -99.693005818623391, 21.890036282672941 ], [ -99.692158660263729, 21.888460578684512 ], [ -99.69138191160269, 21.887015800272245 ], [ -99.691191394893622, 21.886661427641396 ], [ -99.690831402053277, 21.885991813539672 ], [ -99.690567986106188, 21.885501835182929 ], [ -99.689754928609688, 21.883989447326375 ], [ -99.689156863166815, 21.882876947568306 ], [ -99.688665566970286, 21.881963041014643 ], [ -99.688623551050398, 21.881884619213562 ], [ -99.688356547581677, 21.881386260702083 ], [ -99.687852095910529, 21.880444697160854 ], [ -99.68773118952825, 21.880219022174565 ], [ -99.687275825491028, 21.879369065612188 ], [ -99.687038009467614, 21.878925167099311 ], [ -99.686853588618845, 21.878580931816213 ], [ -99.686728732701667, 21.878347877829686 ], [ -99.686081082003469, 21.877138969570471 ], [ -99.68601646259205, 21.877017159084637 ], [ -99.685782039820552, 21.876575259632148 ], [ -99.685492376032272, 21.876029223527038 ], [ -99.685219879041298, 21.875515543588619 ], [ -99.684869800847252, 21.874855610209309 ], [ -99.684468236610527, 21.87409861163205 ], [ -99.684359971796425, 21.873894517385693 ], [ -99.683776324693838, 21.872794249686592 ], [ -99.682876232522403, 21.871097394098353 ], [ -99.68211550071824, 21.869663224481155 ], [ -99.681716532324415, 21.868911055968024 ], [ -99.680775543117207, 21.867136988182864 ], [ -99.680657513812932, 21.866914461314217 ], [ -99.680580089412729, 21.866768488574721 ], [ -99.680505574432971, 21.866628000808443 ], [ -99.68008376667791, 21.865832734141961 ], [ -99.679040254043088, 21.863865275219421 ], [ -99.678605610848763, 21.86304577198371 ], [ -99.678339697643878, 21.862544397358306 ], [ -99.67822724309157, 21.862332365069186 ], [ -99.676555442601227, 21.859180110595076 ], [ -99.676335575253347, 21.858765528890842 ], [ -99.675002789201201, 21.856252368811276 ], [ -99.675002588169932, 21.856208073216852 ], [ -99.674993633727183, 21.854234917733201 ], [ -99.674993070291137, 21.854110754122289 ], [ -99.674988110017438, 21.853017626376484 ], [ -99.674969157061923, 21.848840189894329 ], [ -99.674968757985155, 21.848752217965096 ], [ -99.674960403701533, 21.846910506311833 ], [ -99.674955743433372, 21.8458830576065 ], [ -99.674952790473725, 21.8452319866898 ], [ -99.674943319752728, 21.843143705437878 ], [ -99.67493815126474, 21.842003952049879 ], [ -99.674935850402932, 21.841496542018113 ], [ -99.675476544462555, 21.841219578053323 ], [ -99.675590934172817, 21.840669933462969 ], [ -99.676921632634944, 21.840379509616447 ], [ -99.678019705640011, 21.840404550971513 ], [ -99.680430357238848, 21.840426425446068 ], [ -99.683688003850477, 21.840215385100581 ], [ -99.685781334096404, 21.838305659181398 ], [ -99.686931620583422, 21.837256230913066 ], [ -99.689445158085022, 21.839728769959546 ], [ -99.691976468622684, 21.842218664337651 ], [ -99.69337532327981, 21.84359457653855 ], [ -99.693750009246457, 21.843963110671435 ], [ -99.694102229303411, 21.844879953415703 ], [ -99.695279483728399, 21.847944298421368 ], [ -99.69554074635785, 21.84862433453771 ], [ -99.696118272819874, 21.850000044308377 ], [ -99.696488871853632, 21.850882822353061 ], [ -99.696550404722643, 21.85102939431426 ], [ -99.696860438642616, 21.851767893346612 ], [ -99.696882830473172, 21.851824272176643 ], [ -99.697645741203644, 21.853745122326352 ], [ -99.697920159853481, 21.854436037191775 ], [ -99.698228351890322, 21.855211975791232 ], [ -99.698430801017736, 21.855721679151145 ], [ -99.698716286394017, 21.856440434833441 ], [ -99.699063430987493, 21.857314416721824 ], [ -99.699184777158266, 21.857619918755546 ], [ -99.699370406553498, 21.857733089170026 ], [ -99.703327963721478, 21.859521870938131 ], [ -99.709563013250104, 21.8623397723984 ], [ -99.711649620189277, 21.863282726150295 ], [ -99.71245389046976, 21.863618719798414 ], [ -99.71347574215396, 21.864045602675709 ], [ -99.713760114509313, 21.864148907807291 ], [ -99.714831613929661, 21.864538150058923 ], [ -99.714874866606891, 21.864553862211839 ], [ -99.71651339520001, 21.865149070109542 ], [ -99.71729271968816, 21.865487496582006 ], [ -99.71840012865249, 21.865968386552844 ], [ -99.719241400306814, 21.866333699738984 ], [ -99.719260688137624, 21.866342075199285 ], [ -99.720311968157333, 21.866860455366123 ], [ -99.720596832988903, 21.867000918757938 ], [ -99.721135772615611, 21.867266661216114 ], [ -99.721907305326226, 21.867647344766173 ], [ -99.722800910257575, 21.868088253073545 ], [ -99.723458816180397, 21.868361442929395 ], [ -99.724812346234941, 21.868923473118631 ], [ -99.72592880689821, 21.869547977639371 ], [ -99.725971852276061, 21.869572055278912 ], [ -99.727123964397904, 21.870633370099359 ], [ -99.727769580328697, 21.870992691018127 ], [ -99.728004349079299, 21.871168868359188 ], [ -99.728154621990342, 21.871235996810988 ], [ -99.728645604184962, 21.871803209735511 ], [ -99.729093806129626, 21.872320994932142 ], [ -99.731838413082386, 21.873768043177883 ], [ -99.734345656924887, 21.875089879111151 ], [ -99.734722446466392, 21.875185984955547 ], [ -99.735077786211264, 21.875453726338417 ], [ -99.735715260175752, 21.876161498909404 ], [ -99.736453373198387, 21.876784322424491 ], [ -99.739918872284861, 21.87878650845715 ], [ -99.744188088392136, 21.881252849730746 ], [ -99.744215611785194, 21.881268751943203 ], [ -99.750439606503733, 21.882290621603211 ], [ -99.752896762164198, 21.883329706455708 ], [ -99.752913579126542, 21.883680534283272 ], [ -99.752919386491754, 21.883801684357522 ], [ -99.752929340555411, 21.884009339943855 ], [ -99.753137705392277, 21.888355933174942 ], [ -99.755604083284879, 21.888467010303689 ], [ -99.758042940334278, 21.888830083954129 ], [ -99.75959656654075, 21.88906135302733 ], [ -99.763613265101924, 21.913195649137656 ], [ -99.754368796661339, 21.912928464799347 ] ] ] } },
{ "type": "Feature", "properties": { "AREA": 6590658.8684700001, "PERIMETER": 17805.72572, "NOMBRE": null, "CVE_ESTADO": "24", "CVE_MPIO": "036", "CVE_EJIDO": "004", "CVEIN_CON": "24036004", "CLAVEUNICA": "2414109622186960", "CVE_EDO": "24", "CINA_MUN": "036", "CINA_NA": "004", "CVEMUNIN": "036", "CVENAIN": "004", "NOM_NA": "CAMPAMENTO ALFA", "X": "99° 16' 28,48\" W", "Y": "21° 52' 54,68\" N", "Acres": null, "Hectares": null, "distancia_km": 2.2351554312157904 }, "geometry": { "type": "Polygon", "coordinates": [ [ [ -99.28306539050088, 21.905007908586416 ], [ -99.279836151693175, 21.904600261093876 ], [ -99.279061205573825, 21.904502431297022 ], [ -99.27894561979943, 21.904487828579924 ], [ -99.278002293304397, 21.90436873157859 ], [ -99.277034816995865, 21.904246570941112 ], [ -99.27526250739372, 21.904022776325359 ], [ -99.274694798879182, 21.903951086679477 ], [ -99.274181794213803, 21.903886305759233 ], [ -99.274147339558596, 21.903881954271007 ], [ -99.273903009832722, 21.903851101366179 ], [ -99.273666756411913, 21.903821264612713 ], [ -99.273472394776888, 21.903796715433149 ], [ -99.273349121269177, 21.903781154846122 ], [ -99.273322636332736, 21.903777801822958 ], [ -99.27297961072, 21.903734481049895 ], [ -99.272542818169981, 21.903679325948257 ], [ -99.27250309567782, 21.90367430524315 ], [ -99.272442169173189, 21.903372912485601 ], [ -99.272415077723466, 21.903238865797547 ], [ -99.27240138547657, 21.903171147029205 ], [ -99.272371020159724, 21.90302094284872 ], [ -99.272307269770181, 21.902705569123967 ], [ -99.27215904123203, 21.901972286002628 ], [ -99.272151046847725, 21.901932718632214 ], [ -99.272045332267794, 21.90140973574006 ], [ -99.271465299183632, 21.89854022804283 ], [ -99.27132404725424, 21.897841408278392 ], [ -99.271217439792323, 21.897313962919025 ], [ -99.271209299464104, 21.897273727155603 ], [ -99.271204510962491, 21.897250019200776 ], [ -99.271082200356787, 21.896644901949866 ], [ -99.270873602409878, 21.895612860589555 ], [ -99.270870289611551, 21.895596450155338 ], [ -99.270860507649616, 21.89554803170973 ], [ -99.270725818894519, 21.894881688787692 ], [ -99.270545713313425, 21.89393517573092 ], [ -99.270479166825936, 21.893585473952438 ], [ -99.270343581518318, 21.892872928993288 ], [ -99.270343232055069, 21.892851878920172 ], [ -99.270284672148193, 21.892563310154536 ], [ -99.270277906131369, 21.892527742956158 ], [ -99.270237114721411, 21.892313400476919 ], [ -99.270165827695365, 21.891938743633435 ], [ -99.270154974786109, 21.891881689786903 ], [ -99.270112902860959, 21.891660582432173 ], [ -99.270092908242873, 21.891555506533418 ], [ -99.270087560035179, 21.891527390552895 ], [ -99.270061493772261, 21.891390414350301 ], [ -99.270053554624027, 21.891348696488535 ], [ -99.270046896265526, 21.891313689243916 ], [ -99.269982571248605, 21.890975403242457 ], [ -99.269953796698417, 21.890824084484223 ], [ -99.269835765946922, 21.890203374015407 ], [ -99.269810816085695, 21.890072955048691 ], [ -99.26961181430373, 21.88902707241996 ], [ -99.269438597019942, 21.888116702618809 ], [ -99.269091103549243, 21.886290335273987 ], [ -99.269076135588364, 21.886211650117996 ], [ -99.268980750614148, 21.885645651427559 ], [ -99.268929181921266, 21.885339624606999 ], [ -99.26866634971519, 21.883779936914291 ], [ -99.268586209152588, 21.883304394691766 ], [ -99.268388625285624, 21.882131877952943 ], [ -99.268194054515206, 21.881114371999029 ], [ -99.268087180603871, 21.880555465201798 ], [ -99.268004354613552, 21.880122299253021 ], [ -99.267921929970427, 21.879691255720473 ], [ -99.267749369615387, 21.878788796192513 ], [ -99.267659106938211, 21.878316720862198 ], [ -99.267580350023152, 21.877904842573045 ], [ -99.267227899650493, 21.876061554810828 ], [ -99.267095003741574, 21.875366510143163 ], [ -99.267035146920406, 21.875216126317607 ], [ -99.266646958310019, 21.873645505608863 ], [ -99.266312289933367, 21.872291366409844 ], [ -99.266281891733399, 21.872147584114515 ], [ -99.266231045891161, 21.871907064848028 ], [ -99.26607688845931, 21.871177839111361 ], [ -99.265854321536153, 21.870125048541723 ], [ -99.265804072788455, 21.869887337882158 ], [ -99.265537364873936, 21.868625682761689 ], [ -99.265428232385759, 21.868038317744364 ], [ -99.265353894155169, 21.867638211833704 ], [ -99.264731694876275, 21.864289328822565 ], [ -99.26468185550408, 21.864114019268868 ], [ -99.264244090531591, 21.862574061241226 ], [ -99.264181666187355, 21.862354465745842 ], [ -99.263344645424468, 21.859409930670438 ], [ -99.263149273462787, 21.859465769638593 ], [ -99.262524695423579, 21.859644269311634 ], [ -99.26223933159082, 21.859725818564758 ], [ -99.26133965951604, 21.859982928013146 ], [ -99.260948457616706, 21.860094728194507 ], [ -99.258659516022917, 21.860748839845836 ], [ -99.258525257538778, 21.860787203807131 ], [ -99.254098072598808, 21.862052244788885 ], [ -99.251019963407913, 21.862779652293526 ], [ -99.250976534047538, 21.862789918553499 ], [ -99.250224960232487, 21.862967517094731 ], [ -99.248110356010827, 21.863467186177779 ], [ -99.248090103390581, 21.863419549817163 ], [ -99.248105295731392, 21.863407241493402 ], [ -99.250485593471211, 21.861478760975277 ], [ -99.25052627290772, 21.861445803966763 ], [ -99.251615342058955, 21.860563428699933 ], [ -99.253445084258715, 21.859987791700814 ], [ -99.257753877694384, 21.85863214674329 ], [ -99.258923634847534, 21.858264090370895 ], [ -99.261673938773896, 21.857398685316454 ], [ -99.262581188041707, 21.857113202250847 ], [ -99.263496384542293, 21.856825207946223 ], [ -99.265328981317012, 21.856248514662596 ], [ -99.265694632098871, 21.856133446347243 ], [ -99.266449987898071, 21.855895736832803 ], [ -99.266612882357819, 21.855844472865911 ], [ -99.269108670742241, 21.855059010758769 ], [ -99.268942640967566, 21.858557914754684 ], [ -99.268807974285394, 21.861395926750625 ], [ -99.268798299727877, 21.861599737072201 ], [ -99.268665564932093, 21.864396971455072 ], [ -99.268624118458945, 21.865270246388949 ], [ -99.268530683195053, 21.867238984009916 ], [ -99.268525878258956, 21.867340252099677 ], [ -99.268459697574102, 21.868734793454788 ], [ -99.26842719790595, 21.869419482341097 ], [ -99.268416963936673, 21.869635210051719 ], [ -99.268631346412931, 21.869692555911449 ], [ -99.273077511046921, 21.870881767894254 ], [ -99.273822072149343, 21.871080902419131 ], [ -99.276382889737746, 21.871765761698736 ], [ -99.276389920697355, 21.871767764628125 ], [ -99.276531033794654, 21.871807939774474 ], [ -99.276538645822299, 21.871810104345716 ], [ -99.279531696300197, 21.872609090814784 ], [ -99.282512499920173, 21.873404872384587 ], [ -99.283169684160256, 21.873580316969175 ], [ -99.285400008860805, 21.874176918912465 ], [ -99.288226225329311, 21.874932524497606 ], [ -99.289433608492629, 21.875255310884356 ], [ -99.287772480549648, 21.87682832947926 ], [ -99.284147216088542, 21.88026110945054 ], [ -99.283988307268984, 21.880411575387654 ], [ -99.283715509875648, 21.880669875986445 ], [ -99.285585667536495, 21.885995295881539 ], [ -99.286464366121706, 21.888497323392933 ], [ -99.286585870251514, 21.888843289745548 ], [ -99.286914928448383, 21.889780230138971 ], [ -99.286131120025388, 21.890835742835947 ], [ -99.285618789315748, 21.891525665570171 ], [ -99.283161433671467, 21.89483469611562 ], [ -99.283126501569157, 21.894881736129292 ], [ -99.283011557595415, 21.895036515820607 ], [ -99.282586451003084, 21.895608937651957 ], [ -99.282307212576413, 21.89598493998237 ], [ -99.281384115509567, 21.897227892753975 ], [ -99.279944224122829, 21.89916665243112 ], [ -99.282042700442034, 21.903094014343278 ], [ -99.282073212131621, 21.90315110586554 ], [ -99.282251978200279, 21.903485657598498 ], [ -99.282259450705368, 21.903499648404402 ], [ -99.28306539050088, 21.905007908586416 ] ] ] } },
{ "type": "Feature", "properties": { "AREA": 361336.75965000002, "PERIMETER": 3042.72618, "NOMBRE": null, "CVE_ESTADO": "24", "CVE_MPIO": "024", "CVE_EJIDO": "032", "CVEIN_CON": "24024032", "CLAVEUNICA": "2414109622180266", "CVE_EDO": "24", "CINA_MUN": "024", "CINA_NA": "015", "CVEMUNIN": "024", "CVENAIN": "032", "NOM_NA": "EL CARMEN", "X": "99° 59' 27,10\" W", "Y": "21° 54' 40,97\" N", "Acres": null, "Hectares": null, "distancia_km": 1.2834210274725641 }, "geometry": { "type": "Polygon", "coordinates": [ [ [ -99.993378080835058, 21.91085022672338 ], [ -99.994392956864274, 21.910978648313243 ], [ -99.994339616275184, 21.91148050285133 ], [ -99.994286058628887, 21.9123141857721 ], [ -99.994591038226758, 21.91340540878905 ], [ -99.994134219991906, 21.913410431341649 ], [ -99.992443675208008, 21.913488394637923 ], [ -99.991670801577797, 21.913594682948428 ], [ -99.990879806008806, 21.913698815081585 ], [ -99.990090263501259, 21.913972326042707 ], [ -99.989337497341239, 21.914396914327188 ], [ -99.98836033615639, 21.915064506143125 ], [ -99.988090690284835, 21.914752205200831 ], [ -99.986913630028297, 21.913623285560991 ], [ -99.986593669016926, 21.913243537879382 ], [ -99.988965502498914, 21.911754548220568 ], [ -99.988708408363465, 21.91052525987639 ], [ -99.98814921824264, 21.909761381992549 ], [ -99.988448197290381, 21.909524090847363 ], [ -99.989418695117962, 21.908644860219219 ], [ -99.990846169425154, 21.907855789230744 ], [ -99.991392129302952, 21.908475237087746 ], [ -99.992460915880727, 21.90751496815934 ], [ -99.993498508541634, 21.907740813342009 ], [ -99.993492743470355, 21.909076512557171 ], [ -99.992496289137932, 21.909691045505706 ], [ -99.992314599191644, 21.910382689240617 ], [ -99.992771200656776, 21.910392249164062 ], [ -99.993378080835058, 21.91085022672338 ] ] ] } },
{ "type": "Feature", "properties": { "AREA": 30125351.881870002, "PERIMETER": 22507.44246, "NOMBRE": null, "CVE_ESTADO": "24", "CVE_MPIO": "024", "CVE_EJIDO": "019", "CVEIN_CON": "24024019", "CLAVEUNICA": "2414109622180925", "CVE_EDO": "24", "CINA_MUN": "024", "CINA_NA": "024", "CVEMUNIN": "024", "CVENAIN": "019", "NOM_NA": "ILDEFONSO TURRUBIARTES", "X": "99° 48' 41,80\" W", "Y": "21° 53' 5,18\" N", "Acres": null, "Hectares": null, "distancia_km": 1.195082169824919 }, "geometry": { "type": "Polygon", "coordinates": [ [ [ -99.814337013041154, 21.911096465422943 ], [ -99.805635592525078, 21.907108947477401 ], [ -99.797025107925492, 21.903155304726404 ], [ -99.780464602994172, 21.894050889851961 ], [ -99.780477971338257, 21.892769100208923 ], [ -99.780482639916215, 21.89232146882792 ], [ -99.780522697071135, 21.888480789880838 ], [ -99.780524226990707, 21.888334103746534 ], [ -99.780525236069806, 21.888237355040651 ], [ -99.780526991562667, 21.888069041684592 ], [ -99.780551980151969, 21.885673209141615 ], [ -99.780694847057461, 21.871976498472186 ], [ -99.782771826287117, 21.871500785460086 ], [ -99.783689073237198, 21.871290689193653 ], [ -99.782788322245835, 21.87099911231153 ], [ -99.78067375939726, 21.870314595145253 ], [ -99.78017850108607, 21.859954630980916 ], [ -99.780208480373389, 21.855322061550826 ], [ -99.846846820000167, 21.873045580348332 ], [ -99.837973606981976, 21.910832568326107 ], [ -99.82282346594954, 21.911002106867137 ], [ -99.814337013041154, 21.911096465422943 ] ] ] } },
{ "type": "Feature", "properties": { "AREA": 6916276.1630199999, "PERIMETER": 20465.21475, "NOMBRE": null, "CVE_ESTADO": "24", "CVE_MPIO": "024", "CVE_EJIDO": "032", "CVEIN_CON": "24024032", "CLAVEUNICA": "2414109622180266", "CVE_EDO": "24", "CINA_MUN": "024", "CINA_NA": "015", "CVEMUNIN": "024", "CVENAIN": "032", "NOM_NA": "EL CARMEN", "X": "100° 0' 18,14\" W", "Y": "21° 53' 53,69\" N", "Acres": null, "Hectares": null, "distancia_km": 2.8968680987450712 }, "geometry": { "type": "Polygon", "coordinates": [ [ [ -99.993378080835058, 21.91085022672338 ], [ -99.992771200656776, 21.910392249164062 ], [ -99.992314599191644, 21.910382689240617 ], [ -99.992496289137932, 21.909691045505706 ], [ -99.993492743470355, 21.909076512557171 ], [ -99.993498508541634, 21.907740813342009 ], [ -99.992460915880727, 21.90751496815934 ], [ -99.991392129302952, 21.908475237087746 ], [ -99.990846169425154, 21.907855789230744 ], [ -99.989418695117962, 21.908644860219219 ], [ -99.987890945661363, 21.906590276323602 ], [ -99.987260546608525, 21.90636266610376 ], [ -99.986707380407822, 21.906791049623703 ], [ -99.986857297889841, 21.907170390280811 ], [ -99.98598365413082, 21.907669218439075 ], [ -99.98368938789153, 21.900206040850396 ], [ -99.98247864133323, 21.900541144098916 ], [ -99.981607972746133, 21.89776593108402 ], [ -99.983596932308274, 21.896406654504748 ], [ -99.987854564861379, 21.896607394472426 ], [ -99.989697367959096, 21.892465861592417 ], [ -99.991691245894387, 21.891478628030846 ], [ -99.997202656219301, 21.890764129572815 ], [ -100.000004778475216, 21.889745858521369 ], [ -100.004496882289288, 21.888854661427128 ], [ -100.00321296748578, 21.885217567987151 ], [ -100.012295347025542, 21.883778404901118 ], [ -100.01634735362812, 21.886822271026187 ], [ -100.014438625368726, 21.888605761980433 ], [ -100.01458192712677, 21.891272764373376 ], [ -100.015106873216666, 21.892258298184515 ], [ -100.015745131649595, 21.89683100516066 ], [ -100.018458092095145, 21.897100656622879 ], [ -100.018280371672503, 21.896411842827266 ], [ -100.018448268110689, 21.895801251531822 ], [ -100.018488078772961, 21.894547518359559 ], [ -100.020734434423147, 21.895038700120793 ], [ -100.022793448637643, 21.895197597320127 ], [ -100.025057025714602, 21.893089669020263 ], [ -100.028166712285866, 21.895299984881266 ], [ -100.02721483047749, 21.896513775499226 ], [ -100.027501424852559, 21.898547321159711 ], [ -100.027229153854634, 21.900009591527812 ], [ -100.025571939064335, 21.903386005291889 ], [ -100.02468080425632, 21.905189858716614 ], [ -100.02450217725233, 21.906007520961435 ], [ -100.020152150167092, 21.906013276595264 ], [ -100.019563541550539, 21.906396649297687 ], [ -100.018109564588073, 21.906417729548085 ], [ -100.016833574442458, 21.907162108961316 ], [ -100.014321052737728, 21.907351111010694 ], [ -100.013695280922306, 21.907711707728787 ], [ -100.013028647299834, 21.907635167462484 ], [ -100.012936090225821, 21.907259021698458 ], [ -100.012635702755688, 21.906834030963662 ], [ -100.012176969509298, 21.906522941321249 ], [ -100.01162109199899, 21.906451824815129 ], [ -100.011144802553133, 21.906436683758411 ], [ -100.010708075754778, 21.906403235225753 ], [ -100.010310919973733, 21.906367283976675 ], [ -100.009251267080757, 21.906378297800259 ], [ -100.008701381764283, 21.906442651663042 ], [ -100.008071788933705, 21.906557168823809 ], [ -100.007295565657429, 21.906731301948835 ], [ -100.006431606205467, 21.906955654870089 ], [ -100.006000252872425, 21.907136705847709 ], [ -100.005480857149024, 21.907311520416783 ], [ -100.005100902761427, 21.907519361699212 ], [ -100.004519944757789, 21.907599691747802 ], [ -100.004736660795828, 21.906918589344528 ], [ -100.004067309343768, 21.907024304182279 ], [ -100.004213824279958, 21.906519787700738 ], [ -100.0060629859518, 21.906323302103115 ], [ -100.005909009804967, 21.905764158848498 ], [ -100.007209855163055, 21.904439545256249 ], [ -100.008006812444435, 21.903940073014876 ], [ -100.006610380152637, 21.903286906930294 ], [ -100.007046539096706, 21.901296838060805 ], [ -100.007805302751265, 21.901095710451592 ], [ -100.007891356081231, 21.900517032932193 ], [ -100.008641012791927, 21.900437914698948 ], [ -100.008714692212223, 21.89955894052515 ], [ -100.009231568934283, 21.899072473161407 ], [ -100.00870642650348, 21.898384614911517 ], [ -100.008149516866169, 21.898808097836298 ], [ -100.007533990372494, 21.898055293173549 ], [ -100.007871277651276, 21.896241984992692 ], [ -100.008233218784326, 21.895101535426882 ], [ -100.008703393054432, 21.895118976002124 ], [ -100.008767845525526, 21.894305551989348 ], [ -100.007577264944757, 21.894267679626228 ], [ -100.007229120535229, 21.894520490352079 ], [ -100.005097195983467, 21.894318972612474 ], [ -100.004366375612094, 21.894221801964143 ], [ -100.003765652992897, 21.894139643992613 ], [ -100.002943936383446, 21.89390300532121 ], [ -100.002211894772955, 21.893645487496006 ], [ -100.001430980187422, 21.893361159569473 ], [ -100.001347235325341, 21.894231165276349 ], [ -100.001336074950018, 21.895489169987215 ], [ -99.999465449190453, 21.895446337218225 ], [ -99.999858306839315, 21.897300360351213 ], [ -100.001586699467481, 21.898455199617171 ], [ -100.000873438772004, 21.899462271373618 ], [ -100.000630425172233, 21.899788957411509 ], [ -99.99894951127304, 21.901280687264755 ], [ -99.998553695316104, 21.90191996886637 ], [ -99.999159819537965, 21.903675586195462 ], [ -99.999583307235966, 21.905143248569882 ], [ -100.00012445557077, 21.905006709290813 ], [ -100.001261137543224, 21.904812346397183 ], [ -100.00133665432061, 21.905839465727087 ], [ -100.001964767803429, 21.905804023932788 ], [ -100.002617710685101, 21.905912965824989 ], [ -100.002548647719948, 21.9072774677391 ], [ -100.002393742037285, 21.90780011097015 ], [ -100.001675080927015, 21.908122922198572 ], [ -100.00119823373791, 21.908015159285586 ], [ -100.000722417062477, 21.908110649736919 ], [ -100.000090791038971, 21.908559395731292 ], [ -99.999676145783198, 21.908875832378779 ], [ -99.998903852485498, 21.909047650838435 ], [ -99.998188858317974, 21.908995528617147 ], [ -99.997493940999576, 21.908907144911236 ], [ -99.996681659160359, 21.90907919371385 ], [ -99.996147114917363, 21.909249549425219 ], [ -99.995593322912725, 21.909492292391644 ], [ -99.994939852838925, 21.909699509863973 ], [ -99.994568281698221, 21.910128596160099 ], [ -99.994392956864274, 21.910978648313243 ], [ -99.993378080835058, 21.91085022672338 ] ] ] } },
{ "type": "Feature", "properties": { "AREA": 139285.68167, "PERIMETER": 2060.95191, "NOMBRE": null, "CVE_ESTADO": "24", "CVE_MPIO": "024", "CVE_EJIDO": "032", "CVEIN_CON": "24024032", "CLAVEUNICA": "2414109622180266", "CVE_EDO": "24", "CINA_MUN": "024", "CINA_NA": "015", "CVEMUNIN": "024", "CVENAIN": "032", "NOM_NA": "EL CARMEN", "X": "99° 59' 2,04\" W", "Y": "21° 54' 13,61\" N", "Acres": null, "Hectares": null, "distancia_km": 2.0818007618733878 }, "geometry": { "type": "Polygon", "coordinates": [ [ [ -99.98598365413082, 21.907669218439075 ], [ -99.985404568876689, 21.907844389639713 ], [ -99.985129306358203, 21.907062572381626 ], [ -99.984472760614608, 21.906942156627188 ], [ -99.984148463019935, 21.905864120967209 ], [ -99.983502385963064, 21.905962834830127 ], [ -99.982027040264498, 21.901213150439975 ], [ -99.98262246458151, 21.900999562309558 ], [ -99.98247864133323, 21.900541144098916 ], [ -99.98368938789153, 21.900206040850396 ], [ -99.98598365413082, 21.907669218439075 ] ] ] } },
{ "type": "Feature", "properties": { "AREA": 14045954.84303, "PERIMETER": 21663.18677, "NOMBRE": null, "CVE_ESTADO": "24", "CVE_MPIO": "023", "CVE_EJIDO": "006", "CVEIN_CON": "24023006", "CLAVEUNICA": "2414109622179774", "CVE_EDO": "24", "CINA_MUN": "023", "CINA_NA": "006", "CVEMUNIN": "023", "CVENAIN": "006", "NOM_NA": "RAYON", "X": "99° 39' 26,76\" W", "Y": "21° 52' 58,96\" N", "Acres": null, "Hectares": null, "distancia_km": 2.5128559236224555 }, "geometry": { "type": "Polygon", "coordinates": [ [ [ -99.638122756900032, 21.901268120190572 ], [ -99.633233717128817, 21.891559093572614 ], [ -99.63102691107909, 21.887326135265262 ], [ -99.631147213501265, 21.88494768194505 ], [ -99.634313402393133, 21.885103690778685 ], [ -99.633105343619519, 21.877432947023962 ], [ -99.643047867184123, 21.876268792124328 ], [ -99.65612034935387, 21.867358237620465 ], [ -99.666669854713987, 21.860073497605683 ], [ -99.670804228553507, 21.857432884613225 ], [ -99.675471287857036, 21.870566048815345 ], [ -99.672535243508719, 21.870595943272292 ], [ -99.670751126195498, 21.872361916808323 ], [ -99.670769806755771, 21.874745522666736 ], [ -99.669672124046912, 21.874863216555863 ], [ -99.669897706190653, 21.876186944211799 ], [ -99.668172734530614, 21.881695197195402 ], [ -99.668573817876592, 21.884066404653677 ], [ -99.667677512947449, 21.885715144123058 ], [ -99.667499379868275, 21.888341019849577 ], [ -99.676072491189871, 21.883058627757546 ], [ -99.676249916305636, 21.884797003795992 ], [ -99.67813694230037, 21.884550732462792 ], [ -99.681731114532951, 21.881456124083897 ], [ -99.681738530999922, 21.879659737802164 ], [ -99.683290344256505, 21.878677236936834 ], [ -99.687038009467614, 21.878925167099311 ], [ -99.687275825491028, 21.879369065612188 ], [ -99.68773118952825, 21.880219022174565 ], [ -99.687852095910529, 21.880444697160854 ], [ -99.688356547581677, 21.881386260702083 ], [ -99.688623551050398, 21.881884619213562 ], [ -99.688665566970286, 21.881963041014643 ], [ -99.689156863166815, 21.882876947568306 ], [ -99.689754928609688, 21.883989447326375 ], [ -99.690567986106188, 21.885501835182929 ], [ -99.690831402053277, 21.885991813539672 ], [ -99.691191394893622, 21.886661427641396 ], [ -99.69138191160269, 21.887015800272245 ], [ -99.692158660263729, 21.888460578684512 ], [ -99.680805935901546, 21.890532289280632 ], [ -99.666669867253916, 21.89335806320906 ], [ -99.661481189317925, 21.894442350611818 ], [ -99.661171020324659, 21.895808526099206 ], [ -99.661224330443702, 21.896602806659857 ], [ -99.660170713376147, 21.897552629766409 ], [ -99.659556710694233, 21.898106136985202 ], [ -99.658544396146695, 21.898246437933839 ], [ -99.657366524118316, 21.897717970134135 ], [ -99.655847265266715, 21.898003169579862 ], [ -99.655062266049669, 21.897627839282855 ], [ -99.654658384678584, 21.89852147009551 ], [ -99.65225885552529, 21.899281743558621 ], [ -99.649668330295725, 21.900615440311487 ], [ -99.638122756900032, 21.901268120190572 ] ] ] } },
{ "type": "Feature", "properties": { "AREA": 149536365.62472001, "PERIMETER": 69596.49776, "NOMBRE": null, "CVE_ESTADO": "24", "CVE_MPIO": "036", "CVE_EJIDO": "009", "CVEIN_CON": "24036009", "CLAVEUNICA": "2414109622187175", "CVE_EDO": "24", "CINA_MUN": "036", "CINA_NA": "012", "CVEMUNIN": "036", "CVENAIN": "009", "NOM_NA": "LA PALMA", "X": "99° 26' 29,54\" W", "Y": "21° 46' 37,00\" N", "Acres": null, "Hectares": null, "distancia_km": 10.156769376299625 }, "geometry": { "type": "Polygon", "coordinates": [ [ [ -99.403627430594426, 21.8891205038456 ], [ -99.397251235941965, 21.87502152193321 ], [ -99.397310132404755, 21.873192423687758 ], [ -99.39733092710938, 21.872546611669346 ], [ -99.397334497344985, 21.872435731996269 ], [ -99.39739627666394, 21.870517051211745 ], [ -99.397449958006774, 21.868849838495997 ], [ -99.397541125381309, 21.866018334498637 ], [ -99.397603331459948, 21.86408627188364 ], [ -99.397722519035, 21.860384309644978 ], [ -99.397842382897011, 21.856661199499037 ], [ -99.397907437831265, 21.854640458229643 ], [ -99.398010791764619, 21.851429984069412 ], [ -99.398027958260855, 21.85089673242485 ], [ -99.39803020785051, 21.850826852055377 ], [ -99.398179234088289, 21.846197447519852 ], [ -99.398638819325271, 21.831919470122813 ], [ -99.398693687783023, 21.830214697566205 ], [ -99.398770125153973, 21.827839725340617 ], [ -99.399025175551074, 21.819914679749562 ], [ -99.399444564332242, 21.806881833359551 ], [ -99.399751209343009, 21.806056850373707 ], [ -99.402625202092807, 21.798324319629216 ], [ -99.40313433353208, 21.790304080179038 ], [ -99.403763811230306, 21.780174888345925 ], [ -99.403770737165843, 21.779610976171149 ], [ -99.402879973653953, 21.769902909908751 ], [ -99.400975885940738, 21.748778881824805 ], [ -99.397977848614019, 21.742423796440999 ], [ -99.397193891021701, 21.734359445616256 ], [ -99.395233626678788, 21.720503225571544 ], [ -99.393627117688581, 21.708428273453443 ], [ -99.392387477360799, 21.699564541966257 ], [ -99.39356262547436, 21.693848627145332 ], [ -99.397493856791897, 21.692560266116942 ], [ -99.398101119674479, 21.692340412743924 ], [ -99.400377605875335, 21.692282639886802 ], [ -99.400906105492837, 21.692750944007638 ], [ -99.401101112279505, 21.69340453362258 ], [ -99.404779019182627, 21.696134596042192 ], [ -99.407820013503567, 21.696231081095686 ], [ -99.413086308866539, 21.693436994028669 ], [ -99.413739880672523, 21.692013858247382 ], [ -99.41424121506553, 21.691544399963753 ], [ -99.415422429238248, 21.691150558004537 ], [ -99.416215845379938, 21.690813434596194 ], [ -99.420477736482638, 21.691155888999017 ], [ -99.422093583929779, 21.692185023284864 ], [ -99.422991660241195, 21.692998724462136 ], [ -99.422998929457307, 21.693017661709387 ], [ -99.423731284708651, 21.694925513837131 ], [ -99.424832887712881, 21.697795185832128 ], [ -99.427454175271379, 21.702113583179404 ], [ -99.433654381461992, 21.703177969473014 ], [ -99.436191621605673, 21.704211640356082 ], [ -99.438646278509225, 21.705211615384972 ], [ -99.438706981383575, 21.705236343803854 ], [ -99.440368166085634, 21.705913045560997 ], [ -99.470013688417325, 21.717985573917439 ], [ -99.470326447974202, 21.71811289942962 ], [ -99.471326757744009, 21.718520123523302 ], [ -99.479091076142183, 21.721680675857719 ], [ -99.483380338643045, 21.723426450613889 ], [ -99.487510956215147, 21.725107508999677 ], [ -99.487564753514064, 21.725129402212801 ], [ -99.492389323286233, 21.727092697995914 ], [ -99.50304304716083, 21.731427398600438 ], [ -99.503032858249455, 21.743325363037517 ], [ -99.503029095598734, 21.747725025957152 ], [ -99.498119235416908, 21.745039085020327 ], [ -99.494045614765199, 21.74153611218377 ], [ -99.492673413514296, 21.741205368081967 ], [ -99.490366437770106, 21.741034323299626 ], [ -99.4878744132522, 21.741855546105189 ], [ -99.486522656728582, 21.743194259895084 ], [ -99.485551307307304, 21.74540406843872 ], [ -99.48644156414781, 21.748807964899079 ], [ -99.489132755370008, 21.75221329507092 ], [ -99.489822489587269, 21.754314221755298 ], [ -99.490507101955785, 21.754746883617468 ], [ -99.492510399175003, 21.755100936391873 ], [ -99.493247499583958, 21.75525800385153 ], [ -99.49341917049361, 21.757434173233879 ], [ -99.493870372865572, 21.757818425288981 ], [ -99.495789797229307, 21.757976000621984 ], [ -99.497211833267457, 21.757484231389558 ], [ -99.497763571558792, 21.758755368022076 ], [ -99.497937717981088, 21.759666019856834 ], [ -99.497103948440497, 21.761463819660303 ], [ -99.496288901367407, 21.762709572225479 ], [ -99.493913298131758, 21.765757222616571 ], [ -99.493788357983931, 21.768022409802438 ], [ -99.493989564039069, 21.77400698222436 ], [ -99.493876132025548, 21.776341313508407 ], [ -99.494224578148646, 21.777092672046798 ], [ -99.498568391969812, 21.779575807530861 ], [ -99.498937091102576, 21.780707019763287 ], [ -99.499892548142242, 21.78116539235976 ], [ -99.502439219674528, 21.781432778771929 ], [ -99.50206056250191, 21.78328122380892 ], [ -99.501162961871856, 21.784204029031962 ], [ -99.502519692015156, 21.788301969307685 ], [ -99.503550868178564, 21.791798353777843 ], [ -99.504416713015473, 21.794683304316791 ], [ -99.504805667126007, 21.797264307864033 ], [ -99.5052851228332, 21.799478069729453 ], [ -99.505202491864793, 21.801294992255674 ], [ -99.503717165283319, 21.805088074341537 ], [ -99.503289409081191, 21.805854572190825 ], [ -99.50203017345072, 21.807141881261117 ], [ -99.500949117023552, 21.80793627866603 ], [ -99.499404483342218, 21.808334810918662 ], [ -99.496831631984193, 21.808159165090366 ], [ -99.494331625287273, 21.808076257624741 ], [ -99.493721577726632, 21.808622288512581 ], [ -99.491966454064666, 21.808052208336552 ], [ -99.489796410799528, 21.807144242508855 ], [ -99.489299233306497, 21.807518835189423 ], [ -99.489188987826438, 21.80851863061579 ], [ -99.490386810078604, 21.809336171336994 ], [ -99.491593205482985, 21.810475924748438 ], [ -99.492297738408752, 21.812392890853982 ], [ -99.493908007616753, 21.814825270791204 ], [ -99.494900896029051, 21.816319475922885 ], [ -99.494500915499344, 21.816810119372427 ], [ -99.493185407868566, 21.817625096212176 ], [ -99.487748044522959, 21.819007831362274 ], [ -99.486464388460618, 21.819201821399375 ], [ -99.484918728484402, 21.818622302881298 ], [ -99.479595828125468, 21.814449111321863 ], [ -99.479092929636622, 21.816353758042204 ], [ -99.478603006011085, 21.817154072821303 ], [ -99.474017245608806, 21.821536346533264 ], [ -99.473991496220208, 21.822675060098213 ], [ -99.475296679665917, 21.825886815266987 ], [ -99.475982533231786, 21.827285942679971 ], [ -99.477003078463966, 21.830609805418934 ], [ -99.477055066804951, 21.832474118293518 ], [ -99.476422627447306, 21.837000522198618 ], [ -99.474552515546137, 21.83779815882923 ], [ -99.473286122766297, 21.838601983529401 ], [ -99.471973788900328, 21.840164643625137 ], [ -99.47153896976414, 21.841506231607191 ], [ -99.470073851749461, 21.840352168998322 ], [ -99.46658043770887, 21.839821437278996 ], [ -99.462880692726827, 21.837988450270117 ], [ -99.459320957845279, 21.83682410983355 ], [ -99.457073203787914, 21.834143170776372 ], [ -99.455001516729226, 21.834271213672565 ], [ -99.450014591391835, 21.833966196866285 ], [ -99.445586488606054, 21.832274779710193 ], [ -99.442532702216198, 21.830045401098506 ], [ -99.438203820915973, 21.823200620568862 ], [ -99.434802945662639, 21.828319084241038 ], [ -99.431151381235367, 21.833768481795342 ], [ -99.427376744732314, 21.834096816168564 ], [ -99.425918558011901, 21.834438061572374 ], [ -99.424108815313986, 21.835316306114461 ], [ -99.421606973866218, 21.836359773098938 ], [ -99.418611268792091, 21.837478496352706 ], [ -99.417798061082038, 21.838482296967971 ], [ -99.418820290890849, 21.842577397489293 ], [ -99.419286131602874, 21.84379035702058 ], [ -99.421916761562485, 21.848385693815203 ], [ -99.422712577836961, 21.850844665989534 ], [ -99.42208466558435, 21.855865659201339 ], [ -99.422449784327583, 21.8582740483794 ], [ -99.423310884469473, 21.859422146705594 ], [ -99.423420566245312, 21.860539281521888 ], [ -99.421948122952088, 21.862030836311327 ], [ -99.423211426371154, 21.867612572184818 ], [ -99.423823391471416, 21.871012984153921 ], [ -99.425409335484005, 21.875413103810793 ], [ -99.425311066094679, 21.876401483699322 ], [ -99.424476391284983, 21.877128973554139 ], [ -99.422216435048597, 21.879509584901964 ], [ -99.420484545545321, 21.881032897058333 ], [ -99.417664373208723, 21.882843773682989 ], [ -99.408215556333985, 21.886401791721553 ], [ -99.405645158722194, 21.887927510380958 ], [ -99.403627430594426, 21.8891205038456 ] ] ] } },
{ "type": "Feature", "properties": { "AREA": 5192698.66916, "PERIMETER": 14256.9445, "NOMBRE": null, "CVE_ESTADO": "24", "CVE_MPIO": "023", "CVE_EJIDO": "002", "CVEIN_CON": "24023002", "CLAVEUNICA": "2414109622179671", "CVE_EDO": "24", "CINA_MUN": "023", "CINA_NA": "002", "CVEMUNIN": "023", "CVENAIN": "002", "NOM_NA": "CERRITO DE LA CRUZ", "X": "99° 46' 32,50\" W", "Y": "21° 52' 8,29\" N", "Acres": null, "Hectares": null, "distancia_km": 1.8214456608651206 }, "geometry": { "type": "Polygon", "coordinates": [ [ [ -99.780464602994172, 21.894050889851961 ], [ -99.779529243382527, 21.89362769343489 ], [ -99.779439200166053, 21.893586951470752 ], [ -99.774331020955145, 21.891275654703485 ], [ -99.774297620943273, 21.891260544171136 ], [ -99.769525184781259, 21.889100940493421 ], [ -99.768746635760621, 21.888748615570595 ], [ -99.768317933268349, 21.88855461263384 ], [ -99.767235872229136, 21.88806492344273 ], [ -99.767163980870535, 21.888032383294732 ], [ -99.765909075227157, 21.887464459971127 ], [ -99.770460679648806, 21.884153730347492 ], [ -99.770493604454018, 21.884129780619219 ], [ -99.771393299555911, 21.883475330687578 ], [ -99.771391555713478, 21.881843037557843 ], [ -99.771362771329564, 21.854809754142583 ], [ -99.766687056234076, 21.853185372362102 ], [ -99.780299777928661, 21.841217215685997 ], [ -99.780208480373389, 21.855322061550826 ], [ -99.78017850108607, 21.859954630980916 ], [ -99.78067375939726, 21.870314595145253 ], [ -99.782788322245835, 21.87099911231153 ], [ -99.783689073237198, 21.871290689193653 ], [ -99.782771826287117, 21.871500785460086 ], [ -99.780694847057461, 21.871976498472186 ], [ -99.780551980151969, 21.885673209141615 ], [ -99.780526991562667, 21.888069041684592 ], [ -99.780525236069806, 21.888237355040651 ], [ -99.780524226990707, 21.888334103746534 ], [ -99.780522697071135, 21.888480789880838 ], [ -99.780482639916215, 21.89232146882792 ], [ -99.780477971338257, 21.892769100208923 ], [ -99.780464602994172, 21.894050889851961 ] ] ] } },
{ "type": "Feature", "properties": { "AREA": 42169807.76168, "PERIMETER": 38634.10616, "NOMBRE": null, "CVE_ESTADO": "24", "CVE_MPIO": "023", "CVE_EJIDO": "006", "CVEIN_CON": "24023006", "CLAVEUNICA": "2414109622179774", "CVE_EDO": "24", "CINA_MUN": "023", "CINA_NA": "006", "CVEMUNIN": "023", "CVENAIN": "006", "NOM_NA": "RAYON", "X": "99° 37' 1,58\" W", "Y": "21° 51' 6,50\" N", "Acres": null, "Hectares": null, "distancia_km": 0.61702094929528151 }, "geometry": { "type": "Polygon", "coordinates": [ [ [ -99.598237251633677, 21.881439616583062 ], [ -99.583352492791931, 21.883207057299789 ], [ -99.583691564382235, 21.847727830588958 ], [ -99.584107386423412, 21.845583466964737 ], [ -99.584556393502098, 21.843267901765291 ], [ -99.584587488501541, 21.843107539737222 ], [ -99.584670134778634, 21.842681317624255 ], [ -99.584985096071946, 21.841056981890993 ], [ -99.585035960105671, 21.840794659799087 ], [ -99.585197503343608, 21.839961523571095 ], [ -99.585197503549225, 21.839961522510485 ], [ -99.585791321103514, 21.836898913677242 ], [ -99.58608370854499, 21.835390882131495 ], [ -99.586435059842458, 21.833578695721453 ], [ -99.586488757692521, 21.83330173113464 ], [ -99.590782621258057, 21.811151393189306 ], [ -99.591008417493597, 21.809986419519991 ], [ -99.592233356882787, 21.803666149975218 ], [ -99.593615518904372, 21.802578160734601 ], [ -99.600040946874401, 21.797519926041176 ], [ -99.600712764972386, 21.798044027614818 ], [ -99.600869253717349, 21.798379149317967 ], [ -99.600278518293749, 21.799454954129445 ], [ -99.600334216116821, 21.801123645025086 ], [ -99.601653884913205, 21.802114090528235 ], [ -99.60131868315996, 21.803479943059035 ], [ -99.602013872219914, 21.804395338272602 ], [ -99.602573403942486, 21.80478038478682 ], [ -99.604091843150343, 21.805623139165139 ], [ -99.604947285661979, 21.807391454779605 ], [ -99.605296936535041, 21.809223993561648 ], [ -99.605286297021664, 21.810201777641936 ], [ -99.606983845639974, 21.813841800587447 ], [ -99.609355212980446, 21.816705872265516 ], [ -99.611899934025999, 21.817224625377079 ], [ -99.612560565157182, 21.817656531439575 ], [ -99.613495587385415, 21.81778040294499 ], [ -99.614043733573737, 21.818360799683074 ], [ -99.610737855622773, 21.831226118470727 ], [ -99.609258151889264, 21.83729079950427 ], [ -99.609940829730448, 21.837684103495508 ], [ -99.621179206304802, 21.839929795940535 ], [ -99.634125525947027, 21.8423746733523 ], [ -99.633569497659678, 21.842644480774375 ], [ -99.632908174351812, 21.842798346283967 ], [ -99.633072248585933, 21.84318393328801 ], [ -99.63370925493183, 21.843134051561563 ], [ -99.633950998179657, 21.844124639370911 ], [ -99.633376768563409, 21.844278169181216 ], [ -99.633722692990489, 21.846180819204484 ], [ -99.633775149608127, 21.846774630503262 ], [ -99.634935831920117, 21.846490103095871 ], [ -99.636315051676121, 21.84614825343596 ], [ -99.636735593088474, 21.846600610969034 ], [ -99.636901331680193, 21.847336262728966 ], [ -99.637076750344463, 21.848248047170376 ], [ -99.637766650008103, 21.8495576119901 ], [ -99.638426937674652, 21.849295327971948 ], [ -99.637899846082121, 21.847122358509903 ], [ -99.637822923957103, 21.846689005282496 ], [ -99.638649661573098, 21.846213762605089 ], [ -99.63954397512741, 21.84602961015274 ], [ -99.639488119010522, 21.844676939398344 ], [ -99.641189251818986, 21.845113018656662 ], [ -99.641576686638999, 21.845192816022923 ], [ -99.642470245362048, 21.845446823661263 ], [ -99.643219482614015, 21.848181290991946 ], [ -99.643624644762724, 21.848109691090606 ], [ -99.644135021499878, 21.848024135233658 ], [ -99.644541873680993, 21.84837262829274 ], [ -99.6452190119672, 21.848593571126891 ], [ -99.645925279780727, 21.848620173458315 ], [ -99.646525703596609, 21.848434871152264 ], [ -99.64703702650759, 21.848559345755639 ], [ -99.647054832777073, 21.849162316559582 ], [ -99.647011413506462, 21.849598387984329 ], [ -99.646984422276546, 21.850244446369526 ], [ -99.646987072474701, 21.850833922641243 ], [ -99.647111116242058, 21.851646522719182 ], [ -99.647233519379384, 21.852179072323867 ], [ -99.647221213193163, 21.852797968322381 ], [ -99.650554420526305, 21.85223601725211 ], [ -99.649771009040705, 21.848465031174999 ], [ -99.649760314700785, 21.847640697175954 ], [ -99.650200906324017, 21.847573462023451 ], [ -99.651132742349759, 21.847321341778251 ], [ -99.652065548140513, 21.847220531481547 ], [ -99.652892937858311, 21.847217262335729 ], [ -99.653439471884752, 21.847445468821853 ], [ -99.654197667541638, 21.847654773957398 ], [ -99.65504334694883, 21.847800476904141 ], [ -99.655728390302812, 21.847501886259632 ], [ -99.656327124452815, 21.847481437651542 ], [ -99.657013763288276, 21.847512582531845 ], [ -99.657523929851294, 21.847445044107054 ], [ -99.65813910681841, 21.847212217672887 ], [ -99.65873709698684, 21.847094642558645 ], [ -99.659934327615503, 21.847089854944066 ], [ -99.660884176466084, 21.846970868216012 ], [ -99.662045402959663, 21.846817147542815 ], [ -99.662837655503708, 21.84681396184941 ], [ -99.663928948698867, 21.84679376019692 ], [ -99.664425281646118, 21.846288100561644 ], [ -99.664505221014949, 21.84578863659317 ], [ -99.664432778167836, 21.84529429968638 ], [ -99.664783613182436, 21.845030893203994 ], [ -99.663953725783699, 21.844489926315823 ], [ -99.663446398691875, 21.845167278457968 ], [ -99.663008986865989, 21.84579465723354 ], [ -99.662551990698489, 21.845911680032682 ], [ -99.662023098522923, 21.845798618576261 ], [ -99.661476707739524, 21.845667559863948 ], [ -99.661088808219105, 21.845488421545816 ], [ -99.660507598917476, 21.845425258005513 ], [ -99.660104285416793, 21.845788238358757 ], [ -99.659312489347016, 21.84589078294638 ], [ -99.658766178676956, 21.845795854690383 ], [ -99.658140179225342, 21.845438017584215 ], [ -99.660571914695623, 21.84481601057734 ], [ -99.662472812138532, 21.844511262889348 ], [ -99.663273215671936, 21.843391810810473 ], [ -99.665774297117139, 21.83989363916416 ], [ -99.666669955791434, 21.839925701115021 ], [ -99.667433375293228, 21.839908103608934 ], [ -99.668235598884337, 21.840102021597374 ], [ -99.66932074520588, 21.840007402302906 ], [ -99.670440968138024, 21.839187233386763 ], [ -99.671341219869433, 21.839139089238468 ], [ -99.674935850402932, 21.841496542018113 ], [ -99.67493815126474, 21.842003952049879 ], [ -99.674943319752728, 21.843143705437878 ], [ -99.674952790473725, 21.8452319866898 ], [ -99.674955743433372, 21.8458830576065 ], [ -99.674960403701533, 21.846910506311833 ], [ -99.674968757985155, 21.848752217965096 ], [ -99.674969157061923, 21.848840189894329 ], [ -99.674988110017438, 21.853017626376484 ], [ -99.674993070291137, 21.854110754122289 ], [ -99.674993633727183, 21.854234917733201 ], [ -99.675002588169932, 21.856208073216852 ], [ -99.670804228553507, 21.857432884613225 ], [ -99.666669854713987, 21.860073497605683 ], [ -99.65612034935387, 21.867358237620465 ], [ -99.643047867184123, 21.876268792124328 ], [ -99.633105343619519, 21.877432947023962 ], [ -99.627843743930953, 21.878048769961818 ], [ -99.627295563855384, 21.878112107614271 ], [ -99.610800591230856, 21.880017087603626 ], [ -99.598237251633677, 21.881439616583062 ] ] ] } },
{ "type": "Feature", "properties": { "AREA": 17785235.654589999, "PERIMETER": 25699.13107, "NOMBRE": null, "CVE_ESTADO": "24", "CVE_MPIO": "023", "CVE_EJIDO": "003", "CVEIN_CON": "24023003", "CLAVEUNICA": "2414109622179728", "CVE_EDO": "24", "CINA_MUN": "023", "CINA_NA": "005", "CVEMUNIN": "023", "CVENAIN": "003", "NOM_NA": "LA LUZ Y SAN CRISTOBAL", "X": "99° 44' 51,35\" W", "Y": "21° 50' 18,86\" N", "Acres": null, "Hectares": null, "distancia_km": 4.9501203980523156 }, "geometry": { "type": "Polygon", "coordinates": [ [ [ -99.752896762164198, 21.883329706455708 ], [ -99.750439606503733, 21.882290621603211 ], [ -99.744215611785194, 21.881268751943203 ], [ -99.744188088392136, 21.881252849730746 ], [ -99.739918872284861, 21.87878650845715 ], [ -99.736453373198387, 21.876784322424491 ], [ -99.735715260175752, 21.876161498909404 ], [ -99.737001662789368, 21.872100313375544 ], [ -99.741959790136008, 21.87623039315136 ], [ -99.749355090820416, 21.861387933603989 ], [ -99.743802015593786, 21.849731414003127 ], [ -99.738786917126987, 21.839202300761862 ], [ -99.738354797453269, 21.838294990051402 ], [ -99.735377228610091, 21.832042707003279 ], [ -99.735295543430155, 21.831953541697334 ], [ -99.721947285522774, 21.817380863113119 ], [ -99.712412340243617, 21.806968750367002 ], [ -99.719650154327113, 21.803986356418434 ], [ -99.720389526844841, 21.803681669066826 ], [ -99.722629139339745, 21.805422788634431 ], [ -99.724928896234331, 21.80721059937234 ], [ -99.72861726580156, 21.810077729088913 ], [ -99.729073300726725, 21.8104322075596 ], [ -99.730467498259316, 21.811515918899346 ], [ -99.730543366187561, 21.811574884015659 ], [ -99.73075037892886, 21.811735798358182 ], [ -99.732771576782298, 21.813306811638274 ], [ -99.733334788672892, 21.813744567449287 ], [ -99.738322262956174, 21.817620879298804 ], [ -99.738849800380194, 21.818030868110377 ], [ -99.739237482027505, 21.818061213106734 ], [ -99.741420557843028, 21.818232062372065 ], [ -99.741889263273691, 21.818268740595876 ], [ -99.745891788127679, 21.818581890070373 ], [ -99.746932497610345, 21.818663289653163 ], [ -99.747070036825505, 21.818674050393728 ], [ -99.747076028159455, 21.818674520161888 ], [ -99.747160942425836, 21.818681164480164 ], [ -99.74717989396801, 21.818682641623361 ], [ -99.74796263861866, 21.818743872279271 ], [ -99.751171529415146, 21.818994817394319 ], [ -99.753108537414363, 21.819146267788206 ], [ -99.754102784229801, 21.819223994382142 ], [ -99.755114909257614, 21.819303114789605 ], [ -99.756258429258921, 21.819392495205708 ], [ -99.756752771221926, 21.81943113662043 ], [ -99.757355384138975, 21.819478232737673 ], [ -99.759374307730553, 21.819636009073513 ], [ -99.762978015727484, 21.819917574565761 ], [ -99.76373040770909, 21.819976349855985 ], [ -99.76938426318857, 21.84351225745247 ], [ -99.766687056234076, 21.853185372362102 ], [ -99.752310809225719, 21.867431623197884 ], [ -99.752362997819702, 21.86884781254491 ], [ -99.752896762164198, 21.883329706455708 ] ] ] } },
{ "type": "Feature", "properties": { "AREA": 5428607.8076099996, "PERIMETER": 9748.41056, "NOMBRE": null, "CVE_ESTADO": "24", "CVE_MPIO": "036", "CVE_EJIDO": "010", "CVEIN_CON": "24036010", "CLAVEUNICA": "2414109622187202", "CVE_EDO": "24", "CINA_MUN": "036", "CINA_NA": "013", "CVEMUNIN": "036", "CVENAIN": "010", "NOM_NA": "PROVIDENCIA", "X": "99° 23' 23,00\" W", "Y": "21° 51' 34,27\" N", "Acres": null, "Hectares": null, "distancia_km": 2.1880729607172791 }, "geometry": { "type": "Polygon", "coordinates": [ [ [ -99.394658806549444, 21.875238720865838 ], [ -99.392355475278336, 21.875431663846886 ], [ -99.386800257599248, 21.87589687289919 ], [ -99.386605563160231, 21.87591317369365 ], [ -99.384413179145056, 21.876096714955199 ], [ -99.383938952607409, 21.873202335823198 ], [ -99.383523552865071, 21.870666895415972 ], [ -99.382804549306996, 21.866278146981987 ], [ -99.382612399500161, 21.865105229011938 ], [ -99.382242486777187, 21.862847155462106 ], [ -99.382103857063399, 21.862000892745559 ], [ -99.381981324586761, 21.861252886433974 ], [ -99.38127686002953, 21.856952281330198 ], [ -99.381259156930781, 21.85684420415118 ], [ -99.380611955528835, 21.852892928619642 ], [ -99.380602550275086, 21.852835506215111 ], [ -99.379769470697127, 21.847749065215847 ], [ -99.379760579771485, 21.847694778801358 ], [ -99.379602100211514, 21.846727123357692 ], [ -99.381794542449029, 21.846121278921977 ], [ -99.381844450211233, 21.846107487356083 ], [ -99.383064965295546, 21.845770203366282 ], [ -99.383984113409483, 21.845516193830367 ], [ -99.385583542167765, 21.845074172241695 ], [ -99.385622213048336, 21.845063484848524 ], [ -99.388508788284867, 21.844265697885188 ], [ -99.39194514311535, 21.844952208686266 ], [ -99.394197304278975, 21.845402100147322 ], [ -99.394689747112466, 21.845500465981782 ], [ -99.394741724605012, 21.845510848431871 ], [ -99.396633250410602, 21.845888666529696 ], [ -99.396731286411224, 21.845908247837748 ], [ -99.398179234088289, 21.846197447519852 ], [ -99.39803020785051, 21.850826852055377 ], [ -99.398027958260855, 21.85089673242485 ], [ -99.398010791764619, 21.851429984069412 ], [ -99.397907437831265, 21.854640458229643 ], [ -99.397842382897011, 21.856661199499037 ], [ -99.397722519035, 21.860384309644978 ], [ -99.397603331459948, 21.86408627188364 ], [ -99.397541125381309, 21.866018334498637 ], [ -99.397449958006774, 21.868849838495997 ], [ -99.39739627666394, 21.870517051211745 ], [ -99.397334497344985, 21.872435731996269 ], [ -99.39733092710938, 21.872546611669346 ], [ -99.397310132404755, 21.873192423687758 ], [ -99.397251235941965, 21.87502152193321 ], [ -99.394658806549444, 21.875238720865838 ] ] ] } },
{ "type": "Feature", "properties": { "AREA": 35150141.991769999, "PERIMETER": 35387.43574, "NOMBRE": null, "CVE_ESTADO": "24", "CVE_MPIO": "040", "CVE_EJIDO": "052", "CVEIN_CON": "24040052", "CLAVEUNICA": "2414109622192417", "CVE_EDO": "24", "CINA_MUN": "040", "CINA_NA": "063", "CVEMUNIN": "040", "CVENAIN": "052", "NOM_NA": "VILLA GUERRERO", "X": "98° 43' 57,10\" W", "Y": "22° 3' 53,17\" N", "Acres": null, "Hectares": null, "distancia_km": 3.2441720130233196 }, "geometry": { "type": "Polygon", "coordinates": [ [ [ -98.740130627784467, 22.120705167541303 ], [ -98.739970268748763, 22.120797496187123 ], [ -98.73991764549136, 22.120661372878974 ], [ -98.739907743197492, 22.120604630313764 ], [ -98.738314298008831, 22.116541352584463 ], [ -98.736364575203424, 22.111699759228152 ], [ -98.735867786355485, 22.110455944013388 ], [ -98.735797149118852, 22.110001463534086 ], [ -98.728287526908431, 22.09056938564655 ], [ -98.721748111639911, 22.073666153137172 ], [ -98.719882220297208, 22.068979041890707 ], [ -98.717877313737318, 22.06356632180794 ], [ -98.710857872592129, 22.046232085675893 ], [ -98.710554196936357, 22.045482069192865 ], [ -98.710375153030157, 22.045039863591498 ], [ -98.706453004308443, 22.03569136491706 ], [ -98.705672045761773, 22.033829782300213 ], [ -98.704276767058118, 22.030503706119887 ], [ -98.703295316564606, 22.028164017453069 ], [ -98.702893982359754, 22.027222289034857 ], [ -98.70220716250509, 22.025610651402431 ], [ -98.701096060532791, 22.023003327257832 ], [ -98.700807294631332, 22.022325749302091 ], [ -98.699591381692642, 22.019472576156833 ], [ -98.698352310709481, 22.016564918228955 ], [ -98.697159179467576, 22.013764953764099 ], [ -98.695915444112501, 22.01084610112672 ], [ -98.69589661651014, 22.010801923814327 ], [ -98.695662058904233, 22.010251190331381 ], [ -98.694666322786148, 22.007914155602563 ], [ -98.694335404359833, 22.007137469326228 ], [ -98.69398547034038, 22.006316116586856 ], [ -98.693970422730828, 22.006280790838645 ], [ -98.693636330714185, 22.005496634676504 ], [ -98.693631703710182, 22.005485766600842 ], [ -98.693556803862094, 22.005309987545601 ], [ -98.693535934117932, 22.005261008827389 ], [ -98.691532120293999, 22.000557529445686 ], [ -98.690771740441463, 21.998772629348419 ], [ -98.689531762082638, 21.995861845537814 ], [ -98.691701599852649, 21.997191639130897 ], [ -98.69304621515829, 21.998139293642218 ], [ -98.694135729681705, 21.998588647788392 ], [ -98.69506061263543, 21.998970094195808 ], [ -98.696207698422981, 21.999146452747471 ], [ -98.697846535730548, 21.999064329242525 ], [ -98.699515940775683, 21.998980657017078 ], [ -98.705606625435777, 22.006990869398276 ], [ -98.705891281655866, 22.007365209833171 ], [ -98.707590443518612, 22.009599661167577 ], [ -98.710014290668141, 22.012786945226583 ], [ -98.713116228125472, 22.016865637636311 ], [ -98.71440362692806, 22.018558334040389 ], [ -98.724750987595655, 22.019353453054109 ], [ -98.725221611675593, 22.019389601343502 ], [ -98.731903927540458, 22.019902717424436 ], [ -98.731912974192994, 22.019961103991491 ], [ -98.732770589704131, 22.025495891241189 ], [ -98.733621071917739, 22.030984225667297 ], [ -98.733759083736345, 22.031874804817527 ], [ -98.733914766530575, 22.032879400230396 ], [ -98.734206400449779, 22.034761228411384 ], [ -98.734642022085339, 22.03757207619466 ], [ -98.734696509590819, 22.03792364905711 ], [ -98.732106713765219, 22.03843793897936 ], [ -98.732231033124904, 22.039006518314213 ], [ -98.732248130106058, 22.039084711653999 ], [ -98.733484318219638, 22.044738211302018 ], [ -98.733707690978761, 22.045759721258641 ], [ -98.73433532945343, 22.04862990731953 ], [ -98.735151732863784, 22.052363140373206 ], [ -98.735410666139728, 22.053547144218847 ], [ -98.73581244279417, 22.055384277647843 ], [ -98.735975883143524, 22.056131598970939 ], [ -98.739711688842277, 22.055607306046369 ], [ -98.740146830430021, 22.057116577013453 ], [ -98.740158453693596, 22.057173385941692 ], [ -98.740519671625336, 22.058939432513146 ], [ -98.740906903081964, 22.060832543309658 ], [ -98.740930573381263, 22.06094828477838 ], [ -98.74200115528707, 22.062182742633329 ], [ -98.742387954728741, 22.062628740515766 ], [ -98.742698579863102, 22.062986911451063 ], [ -98.743833512338128, 22.064295522705276 ], [ -98.744909851262818, 22.065536520407168 ], [ -98.745002628442066, 22.065643506200367 ], [ -98.745088838234565, 22.065742910856457 ], [ -98.745180851590106, 22.065849000949488 ], [ -98.745237348038884, 22.065914136826201 ], [ -98.746495309712188, 22.067369378119157 ], [ -98.748453259875745, 22.069634305057441 ], [ -98.750045113459279, 22.07147566666578 ], [ -98.751329865438422, 22.072961745357546 ], [ -98.751809419822294, 22.073516437642439 ], [ -98.752994561321103, 22.074887245796475 ], [ -98.753040181684852, 22.074940012438937 ], [ -98.753730997571495, 22.0757390360043 ], [ -98.755577520646312, 22.077874735478666 ], [ -98.75664660785263, 22.079111209207106 ], [ -98.757450746051177, 22.080041232206487 ], [ -98.760296241543841, 22.083332049869878 ], [ -98.762905229460728, 22.086349168990679 ], [ -98.768995568025986, 22.093391575643622 ], [ -98.775039264897501, 22.10037913499481 ], [ -98.775166439758095, 22.100526161352043 ], [ -98.740672294873207, 22.120393294120888 ], [ -98.740130627784467, 22.120705167541303 ] ] ] } }
]
}
